ISO-10303-21;
HEADER;
/* Generated by software containing ST-Developer
 * from STEP Tools, Inc. (www.steptools.com) 
 */

FILE_DESCRIPTION(
/* description */ (''),
/* implementation_level */ '2;1');

FILE_NAME(
/* name */ 'Keyboard_Knob.step',
/* time_stamp */ '2026-08-10T23:32:01-04:00',
/* author */ (''),
/* organization */ (''),
/* preprocessor_version */ 'ST-DEVELOPER v20.1',
/* originating_system */ 'Autodesk Translation Framework v15.8.0.0',
/* authorisation */ '');

FILE_SCHEMA (('AUTOMOTIVE_DESIGN { 1 0 10303 214 3 1 1 }'));
ENDSEC;

DATA;
#10=MECHANICAL_DESIGN_GEOMETRIC_PRESENTATION_REPRESENTATION('',(#13),#2704);
#11=SHAPE_REPRESENTATION_RELATIONSHIP('SRR','None',#2711,#12);
#12=ADVANCED_BREP_SHAPE_REPRESENTATION('',(#14),#2703);
#13=STYLED_ITEM('',(#2720),#14);
#14=MANIFOLD_SOLID_BREP('Body1',#961);
#15=(
BOUNDED_SURFACE()
B_SPLINE_SURFACE(2,2,((#2650,#2651,#2652,#2653,#2654,#2655,#2656,#2657,
#2658),(#2659,#2660,#2661,#2662,#2663,#2664,#2665,#2666,#2667),(#2668,#2669,
#2670,#2671,#2672,#2673,#2674,#2675,#2676)),.UNSPECIFIED.,.F.,.T.,.F.)
B_SPLINE_SURFACE_WITH_KNOTS((3,3),(3,2,2,2,3),(0.,1.5707963267949),(-3.14159265358979,
-1.5707963267949,0.,1.5707963267949,3.14159265358979),.UNSPECIFIED.)
GEOMETRIC_REPRESENTATION_ITEM()
RATIONAL_B_SPLINE_SURFACE(((1.,0.707106781186548,1.,0.707106781186548,1.,
0.707106781186548,1.,0.707106781186548,1.),(0.707106781186551,0.500000000000003,
0.707106781186551,0.500000000000003,0.707106781186551,0.500000000000003,
0.707106781186551,0.500000000000003,0.707106781186551),(1.,0.707106781186548,
1.,0.707106781186548,1.,0.707106781186548,1.,0.707106781186548,1.)))
REPRESENTATION_ITEM('')
SURFACE()
);
#16=FACE_BOUND('',#178,.T.);
#17=PLANE('',#1066);
#18=PLANE('',#1077);
#19=PLANE('',#1080);
#20=PLANE('',#1081);
#21=PLANE('',#1082);
#22=CIRCLE('',#977,3.14999999999999);
#23=CIRCLE('',#978,0.45);
#24=CIRCLE('',#979,3.59999999999999);
#25=CIRCLE('',#980,3.59999999999999);
#26=CIRCLE('',#981,3.59999999999999);
#27=CIRCLE('',#982,3.59999999999999);
#28=CIRCLE('',#983,3.59999999999999);
#29=CIRCLE('',#984,3.59999999999999);
#30=CIRCLE('',#985,3.59999999999999);
#31=CIRCLE('',#986,3.59999999999999);
#32=CIRCLE('',#987,3.59999999999999);
#33=CIRCLE('',#988,3.59999999999999);
#34=CIRCLE('',#989,3.59999999999999);
#35=CIRCLE('',#990,3.59999999999999);
#36=CIRCLE('',#991,3.59999999999999);
#37=CIRCLE('',#992,3.59999999999999);
#38=CIRCLE('',#993,3.59999999999999);
#39=CIRCLE('',#994,3.59999999999999);
#40=CIRCLE('',#995,3.59999999999999);
#41=CIRCLE('',#996,3.59999999999999);
#42=CIRCLE('',#997,3.59999999999999);
#43=CIRCLE('',#998,3.59999999999999);
#44=CIRCLE('',#999,3.59999999999999);
#45=CIRCLE('',#1001,3.59999999999999);
#46=CIRCLE('',#1003,3.10000000000002);
#47=CIRCLE('',#1004,0.5);
#48=CIRCLE('',#1005,3.59999999999999);
#49=CIRCLE('',#1006,3.59999999999999);
#50=CIRCLE('',#1007,3.59999999999999);
#51=CIRCLE('',#1008,3.59999999999999);
#52=CIRCLE('',#1009,3.59999999999999);
#53=CIRCLE('',#1010,3.59999999999999);
#54=CIRCLE('',#1011,3.59999999999999);
#55=CIRCLE('',#1012,3.59999999999999);
#56=CIRCLE('',#1013,3.59999999999999);
#57=CIRCLE('',#1014,3.59999999999999);
#58=CIRCLE('',#1015,3.59999999999999);
#59=CIRCLE('',#1016,3.59999999999999);
#60=CIRCLE('',#1017,3.59999999999999);
#61=CIRCLE('',#1018,3.59999999999999);
#62=CIRCLE('',#1019,3.59999999999999);
#63=CIRCLE('',#1020,3.59999999999999);
#64=CIRCLE('',#1021,3.59999999999999);
#65=CIRCLE('',#1022,3.59999999999999);
#66=CIRCLE('',#1023,3.59999999999999);
#67=CIRCLE('',#1024,3.59999999999999);
#68=CIRCLE('',#1025,3.59999999999999);
#69=CIRCLE('',#1067,3.10000000000002);
#70=CIRCLE('',#1068,3.10000000000002);
#71=CIRCLE('',#1069,3.10000000000002);
#72=CIRCLE('',#1070,1.15000000000002);
#73=CIRCLE('',#1071,1.95);
#74=CIRCLE('',#1072,3.10000000000002);
#75=CIRCLE('',#1073,3.10000000000002);
#76=CIRCLE('',#1075,3.10000000000002);
#77=CIRCLE('',#1076,3.10000000000002);
#78=CIRCLE('',#1079,3.10000000000002);
#79=TOROIDAL_SURFACE('',#976,3.14999999999999,0.45);
#80=TOROIDAL_SURFACE('',#1002,3.09999999999999,0.5);
#81=FACE_OUTER_BOUND('',#133,.T.);
#82=FACE_OUTER_BOUND('',#134,.T.);
#83=FACE_OUTER_BOUND('',#135,.T.);
#84=FACE_OUTER_BOUND('',#136,.T.);
#85=FACE_OUTER_BOUND('',#137,.T.);
#86=FACE_OUTER_BOUND('',#138,.T.);
#87=FACE_OUTER_BOUND('',#139,.T.);
#88=FACE_OUTER_BOUND('',#140,.T.);
#89=FACE_OUTER_BOUND('',#141,.T.);
#90=FACE_OUTER_BOUND('',#142,.T.);
#91=FACE_OUTER_BOUND('',#143,.T.);
#92=FACE_OUTER_BOUND('',#144,.T.);
#93=FACE_OUTER_BOUND('',#145,.T.);
#94=FACE_OUTER_BOUND('',#146,.T.);
#95=FACE_OUTER_BOUND('',#147,.T.);
#96=FACE_OUTER_BOUND('',#148,.T.);
#97=FACE_OUTER_BOUND('',#149,.T.);
#98=FACE_OUTER_BOUND('',#150,.T.);
#99=FACE_OUTER_BOUND('',#151,.T.);
#100=FACE_OUTER_BOUND('',#152,.T.);
#101=FACE_OUTER_BOUND('',#153,.T.);
#102=FACE_OUTER_BOUND('',#154,.T.);
#103=FACE_OUTER_BOUND('',#155,.T.);
#104=FACE_OUTER_BOUND('',#156,.T.);
#105=FACE_OUTER_BOUND('',#157,.T.);
#106=FACE_OUTER_BOUND('',#158,.T.);
#107=FACE_OUTER_BOUND('',#159,.T.);
#108=FACE_OUTER_BOUND('',#160,.T.);
#109=FACE_OUTER_BOUND('',#161,.T.);
#110=FACE_OUTER_BOUND('',#162,.T.);
#111=FACE_OUTER_BOUND('',#163,.T.);
#112=FACE_OUTER_BOUND('',#164,.T.);
#113=FACE_OUTER_BOUND('',#165,.T.);
#114=FACE_OUTER_BOUND('',#166,.T.);
#115=FACE_OUTER_BOUND('',#167,.T.);
#116=FACE_OUTER_BOUND('',#168,.T.);
#117=FACE_OUTER_BOUND('',#169,.T.);
#118=FACE_OUTER_BOUND('',#170,.T.);
#119=FACE_OUTER_BOUND('',#171,.T.);
#120=FACE_OUTER_BOUND('',#172,.T.);
#121=FACE_OUTER_BOUND('',#173,.T.);
#122=FACE_OUTER_BOUND('',#174,.T.);
#123=FACE_OUTER_BOUND('',#175,.T.);
#124=FACE_OUTER_BOUND('',#176,.T.);
#125=FACE_OUTER_BOUND('',#177,.T.);
#126=FACE_OUTER_BOUND('',#179,.T.);
#127=FACE_OUTER_BOUND('',#180,.T.);
#128=FACE_OUTER_BOUND('',#181,.T.);
#129=FACE_OUTER_BOUND('',#182,.T.);
#130=FACE_OUTER_BOUND('',#183,.T.);
#131=FACE_OUTER_BOUND('',#184,.T.);
#132=FACE_OUTER_BOUND('',#185,.T.);
#133=EDGE_LOOP('',(#569,#570,#571,#572));
#134=EDGE_LOOP('',(#573,#574,#575,#576,#577,#578,#579,#580,#581,#582,#583,
#584,#585,#586,#587,#588,#589,#590,#591,#592,#593,#594,#595,#596,#597,#598,
#599,#600,#601,#602,#603,#604,#605,#606,#607,#608,#609,#610,#611,#612,#613,
#614,#615,#616,#617,#618));
#135=EDGE_LOOP('',(#619,#620,#621,#622));
#136=EDGE_LOOP('',(#623,#624,#625,#626,#627,#628,#629,#630,#631,#632,#633,
#634,#635,#636,#637,#638,#639,#640,#641,#642,#643,#644,#645,#646,#647,#648,
#649,#650,#651,#652,#653,#654,#655,#656,#657,#658,#659,#660,#661,#662,#663,
#664,#665,#666,#667,#668));
#137=EDGE_LOOP('',(#669,#670,#671,#672));
#138=EDGE_LOOP('',(#673,#674,#675,#676));
#139=EDGE_LOOP('',(#677,#678,#679,#680));
#140=EDGE_LOOP('',(#681,#682,#683,#684));
#141=EDGE_LOOP('',(#685,#686,#687,#688));
#142=EDGE_LOOP('',(#689,#690,#691,#692,#693));
#143=EDGE_LOOP('',(#694,#695,#696,#697));
#144=EDGE_LOOP('',(#698,#699,#700,#701));
#145=EDGE_LOOP('',(#702,#703,#704,#705));
#146=EDGE_LOOP('',(#706,#707,#708,#709));
#147=EDGE_LOOP('',(#710,#711,#712,#713));
#148=EDGE_LOOP('',(#714,#715,#716,#717));
#149=EDGE_LOOP('',(#718,#719,#720,#721));
#150=EDGE_LOOP('',(#722,#723,#724,#725));
#151=EDGE_LOOP('',(#726,#727,#728,#729));
#152=EDGE_LOOP('',(#730,#731,#732,#733));
#153=EDGE_LOOP('',(#734,#735,#736,#737));
#154=EDGE_LOOP('',(#738,#739,#740,#741));
#155=EDGE_LOOP('',(#742,#743,#744,#745));
#156=EDGE_LOOP('',(#746,#747,#748,#749));
#157=EDGE_LOOP('',(#750,#751,#752,#753));
#158=EDGE_LOOP('',(#754,#755,#756,#757));
#159=EDGE_LOOP('',(#758,#759,#760,#761));
#160=EDGE_LOOP('',(#762,#763,#764,#765));
#161=EDGE_LOOP('',(#766,#767,#768,#769));
#162=EDGE_LOOP('',(#770,#771,#772,#773));
#163=EDGE_LOOP('',(#774,#775,#776,#777));
#164=EDGE_LOOP('',(#778,#779,#780,#781));
#165=EDGE_LOOP('',(#782,#783,#784,#785,#786));
#166=EDGE_LOOP('',(#787,#788,#789,#790));
#167=EDGE_LOOP('',(#791,#792,#793,#794));
#168=EDGE_LOOP('',(#795,#796,#797,#798));
#169=EDGE_LOOP('',(#799,#800,#801,#802));
#170=EDGE_LOOP('',(#803,#804,#805,#806));
#171=EDGE_LOOP('',(#807,#808,#809,#810));
#172=EDGE_LOOP('',(#811,#812,#813,#814));
#173=EDGE_LOOP('',(#815,#816,#817,#818));
#174=EDGE_LOOP('',(#819,#820,#821,#822));
#175=EDGE_LOOP('',(#823,#824,#825,#826));
#176=EDGE_LOOP('',(#827,#828,#829,#830));
#177=EDGE_LOOP('',(#831));
#178=EDGE_LOOP('',(#832,#833,#834));
#179=EDGE_LOOP('',(#835,#836,#837,#838,#839));
#180=EDGE_LOOP('',(#840,#841,#842,#843,#844,#845,#846));
#181=EDGE_LOOP('',(#847));
#182=EDGE_LOOP('',(#848,#849,#850,#851,#852,#853,#854,#855));
#183=EDGE_LOOP('',(#856,#857,#858,#859));
#184=EDGE_LOOP('',(#860,#861));
#185=EDGE_LOOP('',(#862,#863,#864));
#186=LINE('',#1380,#234);
#187=LINE('',#1408,#235);
#188=LINE('',#2000,#236);
#189=LINE('',#2565,#237);
#190=LINE('',#2567,#238);
#191=LINE('',#2569,#239);
#192=LINE('',#2571,#240);
#193=LINE('',#2573,#241);
#194=LINE('',#2575,#242);
#195=LINE('',#2577,#243);
#196=LINE('',#2579,#244);
#197=LINE('',#2581,#245);
#198=LINE('',#2583,#246);
#199=LINE('',#2585,#247);
#200=LINE('',#2587,#248);
#201=LINE('',#2589,#249);
#202=LINE('',#2591,#250);
#203=LINE('',#2593,#251);
#204=LINE('',#2595,#252);
#205=LINE('',#2597,#253);
#206=LINE('',#2599,#254);
#207=LINE('',#2601,#255);
#208=LINE('',#2603,#256);
#209=LINE('',#2605,#257);
#210=LINE('',#2606,#258);
#211=LINE('',#2608,#259);
#212=LINE('',#2610,#260);
#213=LINE('',#2612,#261);
#214=LINE('',#2614,#262);
#215=LINE('',#2616,#263);
#216=LINE('',#2618,#264);
#217=LINE('',#2620,#265);
#218=LINE('',#2622,#266);
#219=LINE('',#2624,#267);
#220=LINE('',#2626,#268);
#221=LINE('',#2628,#269);
#222=LINE('',#2630,#270);
#223=LINE('',#2632,#271);
#224=LINE('',#2634,#272);
#225=LINE('',#2636,#273);
#226=LINE('',#2638,#274);
#227=LINE('',#2641,#275);
#228=LINE('',#2685,#276);
#229=LINE('',#2690,#277);
#230=LINE('',#2692,#278);
#231=LINE('',#2695,#279);
#232=LINE('',#2697,#280);
#233=LINE('',#2698,#281);
#234=VECTOR('',#1087,10.);
#235=VECTOR('',#1088,10.);
#236=VECTOR('',#1141,10.);
#237=VECTOR('',#1192,10.);
#238=VECTOR('',#1195,10.);
#239=VECTOR('',#1198,10.);
#240=VECTOR('',#1201,10.);
#241=VECTOR('',#1204,10.);
#242=VECTOR('',#1207,10.);
#243=VECTOR('',#1210,10.);
#244=VECTOR('',#1213,10.);
#245=VECTOR('',#1216,10.);
#246=VECTOR('',#1219,10.);
#247=VECTOR('',#1222,10.);
#248=VECTOR('',#1225,10.);
#249=VECTOR('',#1228,10.);
#250=VECTOR('',#1231,10.);
#251=VECTOR('',#1234,10.);
#252=VECTOR('',#1237,10.);
#253=VECTOR('',#1240,10.);
#254=VECTOR('',#1243,10.);
#255=VECTOR('',#1246,10.);
#256=VECTOR('',#1249,10.);
#257=VECTOR('',#1252,10.);
#258=VECTOR('',#1253,10.);
#259=VECTOR('',#1256,10.);
#260=VECTOR('',#1259,10.);
#261=VECTOR('',#1262,10.);
#262=VECTOR('',#1265,10.);
#263=VECTOR('',#1268,10.);
#264=VECTOR('',#1271,10.);
#265=VECTOR('',#1274,10.);
#266=VECTOR('',#1277,10.);
#267=VECTOR('',#1280,10.);
#268=VECTOR('',#1283,10.);
#269=VECTOR('',#1286,10.);
#270=VECTOR('',#1289,10.);
#271=VECTOR('',#1292,10.);
#272=VECTOR('',#1295,10.);
#273=VECTOR('',#1298,10.);
#274=VECTOR('',#1301,10.);
#275=VECTOR('',#1306,10.);
#276=VECTOR('',#1327,3.10000000000002);
#277=VECTOR('',#1336,3.10000000000002);
#278=VECTOR('',#1337,10.);
#279=VECTOR('',#1340,10.);
#280=VECTOR('',#1343,10.);
#281=VECTOR('',#1344,10.);
#282=B_SPLINE_CURVE_WITH_KNOTS('',3,(#1353,#1354,#1355,#1356,#1357,#1358,
#1359,#1360,#1361,#1362,#1363,#1364,#1365,#1366,#1367,#1368,#1369,#1370,
#1371,#1372,#1373,#1374,#1375,#1376,#1377,#1378),.UNSPECIFIED.,.F.,.F.,
(4,2,2,2,2,2,2,2,2,2,2,2,4),(-0.189414137395767,-0.17620387223827,-0.162950456293415,
-0.144699192724919,-0.12919297943351,-0.114113239391309,-0.0997171554317916,
-0.0850509972548987,-0.0706372074729463,-0.0569470055628638,-0.0406343200571576,
-0.0208732055758354,-8.76725262374117E-6),.UNSPECIFIED.);
#283=B_SPLINE_CURVE_WITH_KNOTS('',3,(#1382,#1383,#1384,#1385,#1386,#1387,
#1388,#1389,#1390,#1391,#1392,#1393,#1394,#1395,#1396,#1397,#1398,#1399,
#1400,#1401,#1402,#1403,#1404,#1405,#1406,#1407),.UNSPECIFIED.,.F.,.F.,
(4,2,2,2,2,2,2,2,2,2,2,2,4),(-0.17234174783605,-0.156917178577551,-0.141379977833657,
-0.126812693975809,-0.113715539700135,-0.100747486926656,-0.0884202461943109,
-0.0761189210930577,-0.0637021433300627,-0.0513964347475839,-0.0366859069622851,
-0.0186721779815307,-8.05310755743957E-6),.UNSPECIFIED.);
#284=B_SPLINE_CURVE_WITH_KNOTS('',3,(#1415,#1416,#1417,#1418,#1419,#1420,
#1421,#1422,#1423,#1424),.UNSPECIFIED.,.F.,.F.,(4,2,2,2,4),(-0.0571176489194655,
-0.051491010184201,-0.0367212257543747,-0.0186691592236535,-8.0531075603088E-6),
 .UNSPECIFIED.);
#285=B_SPLINE_CURVE_WITH_KNOTS('',3,(#1428,#1429,#1430,#1431,#1432,#1433,
#1434,#1435,#1436,#1437,#1438,#1439,#1440,#1441,#1442,#1443,#1444,#1445,
#1446,#1447,#1448,#1449,#1450,#1451,#1452,#1453),.UNSPECIFIED.,.F.,.F.,
(4,2,2,2,2,2,2,2,2,2,2,2,4),(-0.170581334871602,-0.159925359066415,-0.149241025157384,
-0.133481139557932,-0.11979016930799,-0.106151268527859,-0.0925946847279089,
-0.0784567275689716,-0.064796186039217,-0.0514635318602605,-0.036709600168616,
-0.0186701979817287,-8.05310755931654E-6),.UNSPECIFIED.);
#286=B_SPLINE_CURVE_WITH_KNOTS('',3,(#1457,#1458,#1459,#1460,#1461,#1462,
#1463,#1464,#1465,#1466,#1467,#1468,#1469,#1470,#1471,#1472,#1473,#1474,
#1475,#1476,#1477,#1478,#1479,#1480,#1481,#1482),.UNSPECIFIED.,.F.,.F.,
(4,2,2,2,2,2,2,2,2,2,2,2,4),(-0.172335275272998,-0.15647753482807,-0.140490208287739,
-0.126088482378523,-0.113042644272802,-0.100183500495281,-0.0880643831048566,
-0.0760094194152077,-0.0637386658250926,-0.0513864484584989,-0.0366827961890779,
-0.0186724238873514,-8.05310755720018E-6),.UNSPECIFIED.);
#287=B_SPLINE_CURVE_WITH_KNOTS('',3,(#1486,#1487,#1488,#1489,#1490,#1491,
#1492,#1493,#1494,#1495,#1496,#1497,#1498,#1499,#1500,#1501,#1502,#1503,
#1504,#1505,#1506,#1507,#1508,#1509,#1510,#1511),.UNSPECIFIED.,.F.,.F.,
(4,2,2,2,2,2,2,2,2,2,2,2,4),(-0.170721007502379,-0.155349513651955,-0.139317030515628,
-0.125126881053467,-0.112143398724401,-0.0994427703871331,-0.0876062983163287,
-0.0758718668556937,-0.063787641174821,-0.0513730918080407,-0.0366787725989368,
-0.0186727375238025,-8.05310755690528E-6),.UNSPECIFIED.);
#288=B_SPLINE_CURVE_WITH_KNOTS('',3,(#1515,#1516,#1517,#1518,#1519,#1520,
#1521,#1522,#1523,#1524,#1525,#1526,#1527,#1528,#1529,#1530,#1531,#1532,
#1533,#1534,#1535,#1536,#1537,#1538,#1539,#1540),.UNSPECIFIED.,.F.,.F.,
(4,2,2,2,2,2,2,2,2,2,2,2,4),(-0.17234462095891,-0.157135189224153,-0.141820732010652,
-0.127169903984211,-0.114045998057817,-0.101027488899725,-0.0885992422255648,
-0.0761748322529694,-0.0636842347407304,-0.0514013341871884,-0.0366874671319383,
-0.0186720534997612,-8.05310755755406E-6),.UNSPECIFIED.);
#289=B_SPLINE_CURVE_WITH_KNOTS('',3,(#1544,#1545,#1546,#1547,#1548,#1549,
#1550,#1551,#1552,#1553,#1554,#1555,#1556,#1557,#1558,#1559,#1560,#1561,
#1562,#1563,#1564,#1565,#1566,#1567,#1568,#1569),.UNSPECIFIED.,.F.,.F.,
(4,2,2,2,2,2,2,2,2,2,2,2,4),(-0.170555609915769,-0.159802283658435,-0.149019857276819,
-0.133278775985648,-0.119526633667104,-0.105945733852646,-0.0930110346503856,
-0.0788423027505219,-0.0647058307405021,-0.0514841653980663,-0.0367182020387719,
-0.0186694347357975,-8.05310756004513E-6),.UNSPECIFIED.);
#290=B_SPLINE_CURVE_WITH_KNOTS('',3,(#1573,#1574,#1575,#1576,#1577,#1578,
#1579,#1580,#1581,#1582,#1583,#1584,#1585,#1586,#1587,#1588,#1589,#1590,
#1591,#1592,#1593,#1594,#1595,#1596),.UNSPECIFIED.,.F.,.F.,(4,2,2,2,2,2,
2,2,2,2,2,4),(-0.169340016665525,-0.150143842160123,-0.134189174167156,
-0.120381373266216,-0.106721026479635,-0.092897848960196,-0.0787305225988965,
-0.0647254573070197,-0.0514747798348059,-0.0367133679109338,-0.0186696080670432,
0.),.UNSPECIFIED.);
#291=B_SPLINE_CURVE_WITH_KNOTS('',3,(#1601,#1602,#1603,#1604,#1605,#1606,
#1607,#1608,#1609,#1610,#1611,#1612,#1613,#1614,#1615,#1616,#1617,#1618,
#1619,#1620,#1621,#1622,#1623,#1624,#1625,#1626),.UNSPECIFIED.,.F.,.F.,
(4,2,2,2,2,2,2,2,2,2,2,2,4),(-0.170717765622621,-0.155326211136248,-0.139271722294704,
-0.125089583656467,-0.112108392717539,-0.0994142358696095,-0.0875888595899968,
-0.0758667095252423,-0.0637895525992104,-0.0513725717650964,-0.0366786189634872,
-0.0186727494021593,-8.0531075568914E-6),.UNSPECIFIED.);
#292=B_SPLINE_CURVE_WITH_KNOTS('',3,(#1630,#1631,#1632,#1633,#1634,#1635,
#1636,#1637,#1638,#1639,#1640,#1641,#1642,#1643,#1644,#1645,#1646,#1647,
#1648,#1649,#1650,#1651,#1652,#1653,#1654,#1655),.UNSPECIFIED.,.F.,.F.,
(4,2,2,2,2,2,2,2,2,2,2,2,4),(-0.172337798095096,-0.156641691688951,-0.140822593962576,
-0.126359518159055,-0.113294925628441,-0.100393978400687,-0.0881964653276403,
-0.076049800248805,-0.0637249625955267,-0.0513901937550996,-0.036683952229466,
-0.0186723328560201,-8.05310755729038E-6),.UNSPECIFIED.);
#293=B_SPLINE_CURVE_WITH_KNOTS('',3,(#1659,#1660,#1661,#1662,#1663,#1664,
#1665,#1666,#1667,#1668,#1669,#1670,#1671,#1672,#1673,#1674,#1675,#1676,
#1677,#1678,#1679,#1680,#1681,#1682,#1683,#1684),.UNSPECIFIED.,.F.,.F.,
(4,2,2,2,2,2,2,2,2,2,2,2,4),(-0.17059950537313,-0.160261485337097,-0.149897824834117,
-0.134002504938132,-0.120243062671831,-0.106574257431455,-0.0929120062124487,
-0.0785753949358343,-0.0647673979270794,-0.0514701380161296,-0.0367122612573827,
-0.018669962985619,-8.05310755954206E-6),.UNSPECIFIED.);
#294=B_SPLINE_CURVE_WITH_KNOTS('',3,(#1688,#1689,#1690,#1691,#1692,#1693,
#1694,#1695,#1696,#1697,#1698,#1699,#1700,#1701,#1702,#1703,#1704,#1705,
#1706,#1707,#1708,#1709,#1710,#1711,#1712,#1713),.UNSPECIFIED.,.F.,.F.,
(4,2,2,2,2,2,2,2,2,2,2,2,4),(-0.17055458594089,-0.159794111845611,-0.149004536255856,
-0.133256504343201,-0.119474666145403,-0.105901003328192,-0.0929377083820973,
-0.0787770247081193,-0.0646720086845837,-0.0514917347843549,-0.0367215510421077,
-0.0186691293131952,-8.05310756033656E-6),.UNSPECIFIED.);
#295=B_SPLINE_CURVE_WITH_KNOTS('',3,(#1717,#1718,#1719,#1720,#1721,#1722,
#1723,#1724,#1725,#1726,#1727,#1728,#1729,#1730,#1731,#1732,#1733,#1734,
#1735,#1736,#1737,#1738,#1739,#1740,#1741,#1742),.UNSPECIFIED.,.F.,.F.,
(4,2,2,2,2,2,2,2,2,2,2,2,4),(-0.172353116888184,-0.157918353922218,-0.143402036895011,
-0.128443737837251,-0.11521636771116,-0.102035073489759,-0.0892564203633156,
-0.0763846761601656,-0.0636209106418025,-0.0514186649290885,-0.036693171581639,
-0.0186715916158893,-8.05310755799121E-6),.UNSPECIFIED.);
#296=B_SPLINE_CURVE_WITH_KNOTS('',3,(#1746,#1747,#1748,#1749,#1750,#1751,
#1752,#1753,#1754,#1755,#1756,#1757,#1758,#1759,#1760,#1761,#1762,#1763,
#1764,#1765,#1766,#1767,#1768,#1769,#1770,#1771),.UNSPECIFIED.,.F.,.F.,
(4,2,2,2,2,2,2,2,2,2,2,2,4),(-0.17073038491625,-0.155417118305317,-0.13944846276043,
-0.125235006251319,-0.112244828777793,-0.099525576621443,-0.0876569914482363,
-0.0758868925758535,-0.0637821051098876,-0.0513745986236704,-0.0366792190033602,
-0.0186727029682737,-8.05310755693303E-6),.UNSPECIFIED.);
#297=B_SPLINE_CURVE_WITH_KNOTS('',3,(#1775,#1776,#1777,#1778,#1779,#1780,
#1781,#1782,#1783,#1784,#1785,#1786,#1787,#1788,#1789,#1790,#1791,#1792,
#1793,#1794,#1795,#1796,#1797,#1798,#1799,#1800),.UNSPECIFIED.,.F.,.F.,
(4,2,2,2,2,2,2,2,2,2,2,2,4),(-0.170775130632314,-0.155743844041215,-0.14008337044425,
-0.125755905627303,-0.112732360856822,-0.0999262330314484,-0.0879040985456176,
-0.0759608421275084,-0.0637555396068468,-0.0513818406187504,-0.0366813909081059,
-0.0186725339882213,-8.0531075570961E-6),.UNSPECIFIED.);
#298=B_SPLINE_CURVE_WITH_KNOTS('',3,(#1804,#1805,#1806,#1807,#1808,#1809,
#1810,#1811,#1812,#1813,#1814,#1815,#1816,#1817,#1818,#1819,#1820,#1821,
#1822,#1823,#1824,#1825,#1826,#1827,#1828,#1829),.UNSPECIFIED.,.F.,.F.,
(4,2,2,2,2,2,2,2,2,2,2,2,4),(-0.170552543736986,-0.159431171696962,-0.14827680022165,
-0.132715382474355,-0.119120934530698,-0.105532003354144,-0.0921376249794014,
-0.0782883643334628,-0.0648386251663066,-0.0514537103935778,-0.0367057716618627,
-0.0186705316385655,-8.05310755900082E-6),.UNSPECIFIED.);
#299=B_SPLINE_CURVE_WITH_KNOTS('',3,(#1833,#1834,#1835,#1836,#1837,#1838,
#1839,#1840,#1841,#1842,#1843,#1844,#1845,#1846,#1847,#1848,#1849,#1850,
#1851,#1852,#1853,#1854,#1855,#1856,#1857,#1858),.UNSPECIFIED.,.F.,.F.,
(4,2,2,2,2,2,2,2,2,2,2,2,4),(-0.17055451408394,-0.159788690003073,-0.148993701019563,
-0.133249935310776,-0.119475509517579,-0.105901255810469,-0.0929439343310999,
-0.0787819369725375,-0.0646794061857544,-0.0514900882212723,-0.0367208133372097,
-0.0186691970703813,-8.05310756027064E-6),.UNSPECIFIED.);
#300=B_SPLINE_CURVE_WITH_KNOTS('',3,(#1862,#1863,#1864,#1865,#1866,#1867,
#1868,#1869,#1870,#1871,#1872,#1873,#1874,#1875,#1876,#1877,#1878,#1879,
#1880,#1881,#1882,#1883,#1884,#1885,#1886,#1887),.UNSPECIFIED.,.F.,.F.,
(4,2,2,2,2,2,2,2,2,2,2,2,4),(-0.170522072250556,-0.158949418225632,-0.147338402614553,
-0.131969257036423,-0.118464179001553,-0.104931162653069,-0.0917025349620006,
-0.0781308982667422,-0.0648801591616362,-0.0514440103854169,-0.0367021265324648,
-0.0186708441595828,-8.05310755870245E-6),.UNSPECIFIED.);
#301=B_SPLINE_CURVE_WITH_KNOTS('',3,(#1891,#1892,#1893,#1894,#1895,#1896,
#1897,#1898,#1899,#1900,#1901,#1902,#1903,#1904,#1905,#1906,#1907,#1908,
#1909,#1910,#1911,#1912,#1913,#1914,#1915,#1916),.UNSPECIFIED.,.F.,.F.,
(4,2,2,2,2,2,2,2,2,2,2,2,4),(-0.170758890280496,-0.155624462828638,-0.139851436800569,
-0.125565889236714,-0.11255473255317,-0.0997797509764392,-0.0878134018208052,
-0.075933565698821,-0.0637652105492387,-0.051379202248953,-0.0366805945258087,
-0.0186725961149504,-8.05310755703711E-6),.UNSPECIFIED.);
#302=B_SPLINE_CURVE_WITH_KNOTS('',3,(#1920,#1921,#1922,#1923,#1924,#1925,
#1926,#1927,#1928,#1929,#1930,#1931,#1932,#1933,#1934,#1935,#1936,#1937,
#1938,#1939,#1940,#1941,#1942,#1943,#1944,#1945),.UNSPECIFIED.,.F.,.F.,
(4,2,2,2,2,2,2,2,2,2,2,2,4),(-0.1707401171897,-0.155487596958883,-0.139585459594341,
-0.125347600912353,-0.112350368090602,-0.0996119385933519,-0.087709998807256,
-0.0759026575553524,-0.0637763482930599,-0.0513761664661909,-0.0366796854761404,
-0.0186726667963544,-8.0531075569712E-6),.UNSPECIFIED.);
#303=B_SPLINE_CURVE_WITH_KNOTS('',3,(#1949,#1950,#1951,#1952,#1953,#1954,
#1955,#1956,#1957,#1958,#1959,#1960,#1961,#1962,#1963,#1964,#1965,#1966,
#1967,#1968,#1969,#1970,#1971,#1972,#1973,#1974),.UNSPECIFIED.,.F.,.F.,
(4,2,2,2,2,2,2,2,2,2,2,2,4),(-0.172357236482505,-0.158441690632615,-0.144457348889401,
-0.129287720309786,-0.115984630408373,-0.10270981222113,-0.0897082274640318,
-0.0765329162658507,-0.0635793530042685,-0.0514299821928943,-0.0366970740946125,
-0.0186712693363096,-8.05310755829652E-6),.UNSPECIFIED.);
#304=B_SPLINE_CURVE_WITH_KNOTS('',3,(#1977,#1978,#1979,#1980,#1981,#1982,
#1983,#1984,#1985,#1986,#1987,#1988,#1989,#1990,#1991,#1992,#1993,#1994,
#1995,#1996),.UNSPECIFIED.,.F.,.F.,(4,2,2,2,2,2,2,2,2,4),(-0.170554553292838,
-0.159791703330736,-0.148999723776778,-0.133253580184089,-0.119475013600603,
-0.105901113840578,-0.0929404470156338,-0.0787791848932823,-0.0646752669490347,
-0.0571176489194655),.UNSPECIFIED.);
#305=B_SPLINE_CURVE_WITH_KNOTS('',3,(#2009,#2010,#2011,#2012,#2013,#2014,
#2015,#2016,#2017,#2018,#2019,#2020,#2021,#2022,#2023,#2024,#2025,#2026,
#2027,#2028,#2029,#2030,#2031,#2032),.UNSPECIFIED.,.F.,.F.,(4,2,2,2,2,2,
2,2,2,2,2,4),(-0.185963460848203,-0.168020377938654,-0.149611052394199,
-0.131838772147939,-0.116601754190181,-0.101463592239302,-0.0862760646678264,
-0.0718545934382492,-0.0567476134007679,-0.0406832304002168,-0.020869433100875,
-8.76722436076935E-6),.UNSPECIFIED.);
#306=B_SPLINE_CURVE_WITH_KNOTS('',3,(#2036,#2037,#2038,#2039,#2040,#2041,
#2042,#2043,#2044,#2045,#2046,#2047,#2048,#2049,#2050,#2051,#2052,#2053,
#2054,#2055,#2056,#2057,#2058,#2059,#2060,#2061),.UNSPECIFIED.,.F.,.F.,
(4,2,2,2,2,2,2,2,2,2,2,2,4),(-0.189375841020434,-0.175826431145529,-0.162229387453518,
-0.144143093769337,-0.128720675115928,-0.113696632340429,-0.0994223798095327,
-0.0849425494055212,-0.0706617218464597,-0.0569375670463507,-0.0406306484394025,
-0.020873469422089,-8.76722435291799E-6),.UNSPECIFIED.);
#307=B_SPLINE_CURVE_WITH_KNOTS('',3,(#2064,#2065,#2066,#2067,#2068,#2069,
#2070,#2071,#2072,#2073,#2074,#2075,#2076,#2077,#2078,#2079,#2080,#2081,
#2082,#2083,#2084,#2085,#2086,#2087,#2088,#2089),.UNSPECIFIED.,.F.,.F.,
(4,2,2,2,2,2,2,2,2,2,2,2,4),(-0.189259640895834,-0.174765219030627,-0.160207780867179,
-0.142580486093229,-0.127382678134677,-0.112532838168136,-0.0986161478842984,
-0.0846516924359534,-0.0707313715759944,-0.0569106690777574,-0.0406205843902408,
-0.0208741791019173,-8.76722435153368E-6),.UNSPECIFIED.);
#308=B_SPLINE_CURVE_WITH_KNOTS('',3,(#2093,#2094,#2095,#2096,#2097,#2098,
#2099,#2100,#2101,#2102,#2103,#2104,#2105,#2106,#2107,#2108,#2109,#2110,
#2111,#2112,#2113,#2114,#2115,#2116),.UNSPECIFIED.,.F.,.F.,(4,2,2,2,2,2,
2,2,2,2,2,4),(-0.184540400600087,-0.165604766584642,-0.147652043351811,
-0.130328778423775,-0.116568439465444,-0.101434690513302,-0.0862536776419522,
-0.0718662004715921,-0.0567019806041244,-0.0406863002280915,-0.0208687570975345,
0.),.UNSPECIFIED.);
#309=B_SPLINE_CURVE_WITH_KNOTS('',3,(#2120,#2121,#2122,#2123,#2124,#2125,
#2126,#2127,#2128,#2129,#2130,#2131,#2132,#2133,#2134,#2135,#2136,#2137,
#2138,#2139,#2140,#2141,#2142,#2143),.UNSPECIFIED.,.F.,.F.,(4,2,2,2,2,2,
2,2,2,2,2,4),(-0.184550915628907,-0.165641557725027,-0.147676161573784,
-0.130354572910759,-0.116562295626173,-0.101430480546322,-0.086253219412245,
-0.0718868644574485,-0.0566821213273508,-0.0406937780848353,-0.0208685336086853,
-8.76722436207039E-6),.UNSPECIFIED.);
#310=B_SPLINE_CURVE_WITH_KNOTS('',3,(#2147,#2148,#2149,#2150,#2151,#2152,
#2153,#2154,#2155,#2156,#2157,#2158,#2159,#2160,#2161,#2162,#2163,#2164,
#2165,#2166,#2167,#2168,#2169,#2170,#2171,#2172),.UNSPECIFIED.,.F.,.F.,
(4,2,2,2,2,2,2,2,2,2,2,2,4),(-0.189490958764715,-0.176604040802598,-0.163677847148407,
-0.145263200701447,-0.129673820468781,-0.114535996165829,-0.100043298026705,
-0.0852250529455785,-0.0706983471811672,-0.0570389355493575,-0.0406372388350669,
-0.0208729933259898,-8.75391604929568E-6),.UNSPECIFIED.);
#311=B_SPLINE_CURVE_WITH_KNOTS('',3,(#2176,#2177,#2178,#2179,#2180,#2181,
#2182,#2183,#2184,#2185,#2186,#2187,#2188,#2189,#2190,#2191,#2192,#2193,
#2194,#2195,#2196,#2197,#2198,#2199,#2200,#2201),.UNSPECIFIED.,.F.,.F.,
(4,2,2,2,2,2,2,2,2,2,2,2,4),(-0.189263230126156,-0.174796435001868,-0.160267142954729,
-0.142626464424518,-0.127422276476468,-0.112566926747727,-0.0986394074754302,
-0.0846599636707897,-0.0707293039908976,-0.0569114672302398,-0.0406208746454975,
-0.0208741588412519,-8.76565237359003E-6),.UNSPECIFIED.);
#312=B_SPLINE_CURVE_WITH_KNOTS('',3,(#2205,#2206,#2207,#2208,#2209,#2210,
#2211,#2212,#2213,#2214,#2215,#2216,#2217,#2218,#2219,#2220,#2221,#2222,
#2223,#2224,#2225,#2226,#2227,#2228,#2229,#2230),.UNSPECIFIED.,.F.,.F.,
(4,2,2,2,2,2,2,2,2,2,2,2,4),(-0.189352114619923,-0.1756003127359,-0.161797958474534,
-0.14381010522632,-0.128436893273551,-0.113447754979724,-0.0992478451813359,
-0.0848788705367283,-0.0706764668031208,-0.0569318810601554,-0.0406284727125512,
-0.0208736245082972,-8.76722435261268E-6),.UNSPECIFIED.);
#313=B_SPLINE_CURVE_WITH_KNOTS('',3,(#2234,#2235,#2236,#2237,#2238,#2239,
#2240,#2241,#2242,#2243,#2244,#2245,#2246,#2247,#2248,#2249,#2250,#2251,
#2252,#2253,#2254,#2255,#2256,#2257),.UNSPECIFIED.,.F.,.F.,(4,2,2,2,2,2,
2,2,2,2,2,4),(-0.188168564868045,-0.167347418065605,-0.148050429076285,
-0.131876684081079,-0.116625178245424,-0.10148436443768,-0.0862917698994952,
-0.0718435694134258,-0.0567776611995367,-0.0406784061646515,-0.020869833197875,
-8.76722435955157E-6),.UNSPECIFIED.);
#314=B_SPLINE_CURVE_WITH_KNOTS('',3,(#2261,#2262,#2263,#2264,#2265,#2266,
#2267,#2268,#2269,#2270,#2271,#2272,#2273,#2274,#2275,#2276,#2277,#2278,
#2279,#2280,#2281,#2282,#2283,#2284),.UNSPECIFIED.,.F.,.F.,(4,2,2,2,2,2,
2,2,2,2,2,4),(-0.184553889522117,-0.165860177210071,-0.14784704766908,-0.130380264363358,
-0.116548358310854,-0.101420023414816,-0.086247509046107,-0.0719074128406974,
-0.0566490339302079,-0.0406991211326495,-0.0208680645429743,-8.76722436364899E-6),
 .UNSPECIFIED.);
#315=B_SPLINE_CURVE_WITH_KNOTS('',3,(#2288,#2289,#2290,#2291,#2292,#2293,
#2294,#2295,#2296,#2297,#2298,#2299,#2300,#2301,#2302,#2303,#2304,#2305,
#2306,#2307,#2308,#2309,#2310,#2311),.UNSPECIFIED.,.F.,.F.,(4,2,2,2,2,2,
2,2,2,2,2,4),(-0.188373074819432,-0.168401368958364,-0.148917518887976,
-0.13276197863852,-0.11729171539275,-0.102331991821541,-0.0870880661206749,
-0.0718248118682487,-0.0569227660400557,-0.0406552841384854,-0.0208716578633739,
-8.76722435644642E-6),.UNSPECIFIED.);
#316=B_SPLINE_CURVE_WITH_KNOTS('',3,(#2315,#2316,#2317,#2318,#2319,#2320,
#2321,#2322,#2323,#2324,#2325,#2326,#2327,#2328,#2329,#2330,#2331,#2332,
#2333,#2334,#2335,#2336,#2337,#2338,#2339,#2340),.UNSPECIFIED.,.F.,.F.,
(4,2,2,2,2,2,2,2,2,2,2,2,4),(-0.189284269683248,-0.174981136436398,-0.160618479876437,
-0.142898458707465,-0.127656244885804,-0.112768786119631,-0.0987775780099071,
-0.0847092520582756,-0.0707171026071235,-0.0569161860678983,-0.040622602349619,
-0.0208740383580795,-8.76722435180777E-6),.UNSPECIFIED.);
#317=B_SPLINE_CURVE_WITH_KNOTS('',3,(#2344,#2345,#2346,#2347,#2348,#2349,
#2350,#2351,#2352,#2353,#2354,#2355,#2356,#2357,#2358,#2359,#2360,#2361,
#2362,#2363,#2364,#2365,#2366,#2367,#2368,#2369),.UNSPECIFIED.,.F.,.F.,
(4,2,2,2,2,2,2,2,2,2,2,2,4),(-0.18930469695966,-0.175163696675367,-0.160965974765181,
-0.143167264871311,-0.12788699120918,-0.112968605718282,-0.0989150861767518,
-0.0847585554769766,-0.0707050786900106,-0.056920833153613,-0.0406243202449271,
-0.0208739179351581,-8.76722435205063E-6),.UNSPECIFIED.);
#318=B_SPLINE_CURVE_WITH_KNOTS('',3,(#2373,#2374,#2375,#2376,#2377,#2378,
#2379,#2380,#2381,#2382,#2383,#2384,#2385,#2386,#2387,#2388,#2389,#2390,
#2391,#2392,#2393,#2394,#2395,#2396),.UNSPECIFIED.,.F.,.F.,(4,2,2,2,2,2,
2,2,2,2,2,4),(-0.18809551158604,-0.166611838072437,-0.147500964664721,-0.131477967266502,
-0.116219994355992,-0.102335531189754,-0.0870973609059906,-0.0718254625823539,
-0.056863488245986,-0.0406646908643048,-0.0208709336225168,-8.76722435829216E-6),
 .UNSPECIFIED.);
#319=B_SPLINE_CURVE_WITH_KNOTS('',3,(#2400,#2401,#2402,#2403,#2404,#2405,
#2406,#2407,#2408,#2409,#2410,#2411,#2412,#2413,#2414,#2415,#2416,#2417,
#2418,#2419,#2420,#2421,#2422,#2423),.UNSPECIFIED.,.F.,.F.,(4,2,2,2,2,2,
2,2,2,2,2,4),(-0.184554725344543,-0.165858791512864,-0.147847488028242,
-0.130376551394742,-0.116550019888196,-0.101421201072953,-0.0862480588795495,
-0.0719044497219968,-0.0566535375243964,-0.0406983934023555,-0.0208681289763492,
-8.76722436308347E-6),.UNSPECIFIED.);
#320=B_SPLINE_CURVE_WITH_KNOTS('',3,(#2427,#2428,#2429,#2430,#2431,#2432,
#2433,#2434,#2435,#2436,#2437,#2438,#2439,#2440,#2441,#2442,#2443,#2444,
#2445,#2446,#2447,#2448,#2449,#2450),.UNSPECIFIED.,.F.,.F.,(4,2,2,2,2,2,
2,2,2,2,2,4),(-0.187909754260082,-0.16543855437469,-0.146568783282896,-0.130616686001204,
-0.115449413574059,-0.101520936141833,-0.0863206118902329,-0.0718318458935039,
-0.0568213778030584,-0.0406714073339794,-0.0208704014689114,-8.76722435844135E-6),
 .UNSPECIFIED.);
#321=B_SPLINE_CURVE_WITH_KNOTS('',3,(#2454,#2455,#2456,#2457,#2458,#2459,
#2460,#2461,#2462,#2463,#2464,#2465,#2466,#2467,#2468,#2469,#2470,#2471,
#2472,#2473,#2474,#2475,#2476,#2477,#2478,#2479),.UNSPECIFIED.,.F.,.F.,
(4,2,2,2,2,2,2,2,2,2,2,2,4),(-0.189322173355237,-0.17532252100323,-0.161268475844354,
-0.143401107565125,-0.128087337833594,-0.113142694081575,-0.099035487909446,
-0.0848019287769236,-0.070694647225718,-0.0569248629428079,-0.0406258236039537,
-0.020873812087492,-8.76722435224839E-6),.UNSPECIFIED.);
#322=B_SPLINE_CURVE_WITH_KNOTS('',3,(#2483,#2484,#2485,#2486,#2487,#2488,
#2489,#2490,#2491,#2492,#2493,#2494,#2495,#2496,#2497,#2498,#2499,#2500,
#2501,#2502,#2503,#2504,#2505,#2506,#2507,#2508),.UNSPECIFIED.,.F.,.F.,
(4,2,2,2,2,2,2,2,2,2,2,2,4),(-0.189273585857496,-0.174886929360543,-0.160439249914265,
-0.14275973277032,-0.127536974476334,-0.112665789415584,-0.0987069852271034,
-0.0846840386862142,-0.0707233217387953,-0.0569137817325958,-0.0406217200649583,
-0.0208740999871398,-8.76722435169328E-6),.UNSPECIFIED.);
#323=B_SPLINE_CURVE_WITH_KNOTS('',3,(#2512,#2513,#2514,#2515,#2516,#2517,
#2518,#2519,#2520,#2521,#2522,#2523,#2524,#2525,#2526,#2527,#2528,#2529,
#2530,#2531,#2532,#2533,#2534,#2535),.UNSPECIFIED.,.F.,.F.,(4,2,2,2,2,2,
2,2,2,2,2,4),(-0.187940043759786,-0.165518813820034,-0.146677228620096,
-0.130856217081478,-0.115604304175522,-0.100796598375813,-0.0854508826367828,
-0.0705399872890999,-0.0569693277914371,-0.0406479395277511,-0.0208722067144094,
-8.76722435582192E-6),.UNSPECIFIED.);
#324=B_SPLINE_CURVE_WITH_KNOTS('',3,(#2539,#2540,#2541,#2542,#2543,#2544,
#2545,#2546,#2547,#2548,#2549,#2550,#2551,#2552,#2553,#2554,#2555,#2556,
#2557,#2558,#2559,#2560,#2561,#2562),.UNSPECIFIED.,.F.,.F.,(4,2,2,2,2,2,
2,2,2,2,2,4),(-0.18455324705455,-0.165861386268756,-0.147846793248605,-0.130383239120009,
-0.116547100726476,-0.101419149517987,-0.0862471259202197,-0.0719097854245484,
-0.0566454838573569,-0.0406996948863592,-0.0208680136211188,-8.76722436308694E-6),
 .UNSPECIFIED.);
#325=VERTEX_POINT('',#1351);
#326=VERTEX_POINT('',#1352);
#327=VERTEX_POINT('',#1379);
#328=VERTEX_POINT('',#1381);
#329=VERTEX_POINT('',#1410);
#330=VERTEX_POINT('',#1412);
#331=VERTEX_POINT('',#1414);
#332=VERTEX_POINT('',#1425);
#333=VERTEX_POINT('',#1427);
#334=VERTEX_POINT('',#1454);
#335=VERTEX_POINT('',#1456);
#336=VERTEX_POINT('',#1483);
#337=VERTEX_POINT('',#1485);
#338=VERTEX_POINT('',#1512);
#339=VERTEX_POINT('',#1514);
#340=VERTEX_POINT('',#1541);
#341=VERTEX_POINT('',#1543);
#342=VERTEX_POINT('',#1570);
#343=VERTEX_POINT('',#1572);
#344=VERTEX_POINT('',#1598);
#345=VERTEX_POINT('',#1600);
#346=VERTEX_POINT('',#1627);
#347=VERTEX_POINT('',#1629);
#348=VERTEX_POINT('',#1656);
#349=VERTEX_POINT('',#1658);
#350=VERTEX_POINT('',#1685);
#351=VERTEX_POINT('',#1687);
#352=VERTEX_POINT('',#1714);
#353=VERTEX_POINT('',#1716);
#354=VERTEX_POINT('',#1743);
#355=VERTEX_POINT('',#1745);
#356=VERTEX_POINT('',#1772);
#357=VERTEX_POINT('',#1774);
#358=VERTEX_POINT('',#1801);
#359=VERTEX_POINT('',#1803);
#360=VERTEX_POINT('',#1830);
#361=VERTEX_POINT('',#1832);
#362=VERTEX_POINT('',#1859);
#363=VERTEX_POINT('',#1861);
#364=VERTEX_POINT('',#1888);
#365=VERTEX_POINT('',#1890);
#366=VERTEX_POINT('',#1917);
#367=VERTEX_POINT('',#1919);
#368=VERTEX_POINT('',#1946);
#369=VERTEX_POINT('',#1948);
#370=VERTEX_POINT('',#1975);
#371=VERTEX_POINT('',#1998);
#372=VERTEX_POINT('',#2002);
#373=VERTEX_POINT('',#2004);
#374=VERTEX_POINT('',#2006);
#375=VERTEX_POINT('',#2008);
#376=VERTEX_POINT('',#2033);
#377=VERTEX_POINT('',#2035);
#378=VERTEX_POINT('',#2062);
#379=VERTEX_POINT('',#2090);
#380=VERTEX_POINT('',#2092);
#381=VERTEX_POINT('',#2117);
#382=VERTEX_POINT('',#2119);
#383=VERTEX_POINT('',#2144);
#384=VERTEX_POINT('',#2146);
#385=VERTEX_POINT('',#2173);
#386=VERTEX_POINT('',#2175);
#387=VERTEX_POINT('',#2202);
#388=VERTEX_POINT('',#2204);
#389=VERTEX_POINT('',#2231);
#390=VERTEX_POINT('',#2233);
#391=VERTEX_POINT('',#2258);
#392=VERTEX_POINT('',#2260);
#393=VERTEX_POINT('',#2285);
#394=VERTEX_POINT('',#2287);
#395=VERTEX_POINT('',#2312);
#396=VERTEX_POINT('',#2314);
#397=VERTEX_POINT('',#2341);
#398=VERTEX_POINT('',#2343);
#399=VERTEX_POINT('',#2370);
#400=VERTEX_POINT('',#2372);
#401=VERTEX_POINT('',#2397);
#402=VERTEX_POINT('',#2399);
#403=VERTEX_POINT('',#2424);
#404=VERTEX_POINT('',#2426);
#405=VERTEX_POINT('',#2451);
#406=VERTEX_POINT('',#2453);
#407=VERTEX_POINT('',#2480);
#408=VERTEX_POINT('',#2482);
#409=VERTEX_POINT('',#2509);
#410=VERTEX_POINT('',#2511);
#411=VERTEX_POINT('',#2536);
#412=VERTEX_POINT('',#2538);
#413=VERTEX_POINT('',#2644);
#414=VERTEX_POINT('',#2645);
#415=VERTEX_POINT('',#2647);
#416=VERTEX_POINT('',#2677);
#417=VERTEX_POINT('',#2679);
#418=VERTEX_POINT('',#2681);
#419=VERTEX_POINT('',#2691);
#420=VERTEX_POINT('',#2693);
#421=EDGE_CURVE('',#325,#326,#282,.T.);
#422=EDGE_CURVE('',#327,#325,#186,.T.);
#423=EDGE_CURVE('',#328,#327,#283,.T.);
#424=EDGE_CURVE('',#326,#328,#187,.T.);
#425=EDGE_CURVE('',#329,#329,#22,.T.);
#426=EDGE_CURVE('',#329,#330,#23,.T.);
#427=EDGE_CURVE('',#330,#331,#284,.T.);
#428=EDGE_CURVE('',#331,#332,#24,.T.);
#429=EDGE_CURVE('',#332,#333,#285,.T.);
#430=EDGE_CURVE('',#333,#334,#25,.T.);
#431=EDGE_CURVE('',#334,#335,#286,.T.);
#432=EDGE_CURVE('',#335,#336,#26,.T.);
#433=EDGE_CURVE('',#336,#337,#287,.T.);
#434=EDGE_CURVE('',#337,#338,#27,.T.);
#435=EDGE_CURVE('',#338,#339,#288,.T.);
#436=EDGE_CURVE('',#339,#340,#28,.T.);
#437=EDGE_CURVE('',#340,#341,#289,.T.);
#438=EDGE_CURVE('',#341,#342,#29,.T.);
#439=EDGE_CURVE('',#342,#343,#290,.T.);
#440=EDGE_CURVE('',#343,#328,#30,.T.);
#441=EDGE_CURVE('',#327,#344,#31,.T.);
#442=EDGE_CURVE('',#344,#345,#291,.T.);
#443=EDGE_CURVE('',#345,#346,#32,.T.);
#444=EDGE_CURVE('',#346,#347,#292,.T.);
#445=EDGE_CURVE('',#347,#348,#33,.T.);
#446=EDGE_CURVE('',#348,#349,#293,.T.);
#447=EDGE_CURVE('',#349,#350,#34,.T.);
#448=EDGE_CURVE('',#350,#351,#294,.T.);
#449=EDGE_CURVE('',#351,#352,#35,.T.);
#450=EDGE_CURVE('',#352,#353,#295,.T.);
#451=EDGE_CURVE('',#353,#354,#36,.T.);
#452=EDGE_CURVE('',#354,#355,#296,.T.);
#453=EDGE_CURVE('',#355,#356,#37,.T.);
#454=EDGE_CURVE('',#356,#357,#297,.T.);
#455=EDGE_CURVE('',#357,#358,#38,.T.);
#456=EDGE_CURVE('',#358,#359,#298,.T.);
#457=EDGE_CURVE('',#359,#360,#39,.T.);
#458=EDGE_CURVE('',#360,#361,#299,.T.);
#459=EDGE_CURVE('',#361,#362,#40,.T.);
#460=EDGE_CURVE('',#362,#363,#300,.T.);
#461=EDGE_CURVE('',#363,#364,#41,.T.);
#462=EDGE_CURVE('',#364,#365,#301,.T.);
#463=EDGE_CURVE('',#365,#366,#42,.T.);
#464=EDGE_CURVE('',#366,#367,#302,.T.);
#465=EDGE_CURVE('',#367,#368,#43,.T.);
#466=EDGE_CURVE('',#368,#369,#303,.T.);
#467=EDGE_CURVE('',#369,#370,#44,.T.);
#468=EDGE_CURVE('',#370,#330,#304,.T.);
#469=EDGE_CURVE('',#371,#325,#45,.T.);
#470=EDGE_CURVE('',#371,#344,#188,.T.);
#471=EDGE_CURVE('',#372,#372,#46,.T.);
#472=EDGE_CURVE('',#372,#373,#47,.T.);
#473=EDGE_CURVE('',#373,#374,#48,.T.);
#474=EDGE_CURVE('',#374,#375,#305,.T.);
#475=EDGE_CURVE('',#375,#376,#49,.T.);
#476=EDGE_CURVE('',#376,#377,#306,.T.);
#477=EDGE_CURVE('',#377,#378,#50,.T.);
#478=EDGE_CURVE('',#378,#371,#307,.T.);
#479=EDGE_CURVE('',#326,#379,#51,.T.);
#480=EDGE_CURVE('',#379,#380,#308,.T.);
#481=EDGE_CURVE('',#380,#381,#52,.T.);
#482=EDGE_CURVE('',#381,#382,#309,.T.);
#483=EDGE_CURVE('',#382,#383,#53,.T.);
#484=EDGE_CURVE('',#383,#384,#310,.T.);
#485=EDGE_CURVE('',#384,#385,#54,.T.);
#486=EDGE_CURVE('',#385,#386,#311,.T.);
#487=EDGE_CURVE('',#386,#387,#55,.T.);
#488=EDGE_CURVE('',#387,#388,#312,.T.);
#489=EDGE_CURVE('',#388,#389,#56,.T.);
#490=EDGE_CURVE('',#389,#390,#313,.T.);
#491=EDGE_CURVE('',#390,#391,#57,.T.);
#492=EDGE_CURVE('',#391,#392,#314,.T.);
#493=EDGE_CURVE('',#392,#393,#58,.T.);
#494=EDGE_CURVE('',#393,#394,#315,.T.);
#495=EDGE_CURVE('',#394,#395,#59,.T.);
#496=EDGE_CURVE('',#395,#396,#316,.T.);
#497=EDGE_CURVE('',#396,#397,#60,.T.);
#498=EDGE_CURVE('',#397,#398,#317,.T.);
#499=EDGE_CURVE('',#398,#399,#61,.T.);
#500=EDGE_CURVE('',#399,#400,#318,.T.);
#501=EDGE_CURVE('',#400,#401,#62,.T.);
#502=EDGE_CURVE('',#401,#402,#319,.T.);
#503=EDGE_CURVE('',#402,#403,#63,.T.);
#504=EDGE_CURVE('',#403,#404,#320,.T.);
#505=EDGE_CURVE('',#404,#405,#64,.T.);
#506=EDGE_CURVE('',#405,#406,#321,.T.);
#507=EDGE_CURVE('',#406,#407,#65,.T.);
#508=EDGE_CURVE('',#407,#408,#322,.T.);
#509=EDGE_CURVE('',#408,#409,#66,.T.);
#510=EDGE_CURVE('',#409,#410,#323,.T.);
#511=EDGE_CURVE('',#410,#411,#67,.T.);
#512=EDGE_CURVE('',#411,#412,#324,.T.);
#513=EDGE_CURVE('',#412,#373,#68,.T.);
#514=EDGE_CURVE('',#345,#378,#189,.T.);
#515=EDGE_CURVE('',#377,#346,#190,.T.);
#516=EDGE_CURVE('',#347,#376,#191,.T.);
#517=EDGE_CURVE('',#375,#348,#192,.T.);
#518=EDGE_CURVE('',#349,#374,#193,.T.);
#519=EDGE_CURVE('',#412,#350,#194,.T.);
#520=EDGE_CURVE('',#351,#411,#195,.T.);
#521=EDGE_CURVE('',#410,#352,#196,.T.);
#522=EDGE_CURVE('',#353,#409,#197,.T.);
#523=EDGE_CURVE('',#408,#354,#198,.T.);
#524=EDGE_CURVE('',#355,#407,#199,.T.);
#525=EDGE_CURVE('',#406,#356,#200,.T.);
#526=EDGE_CURVE('',#357,#405,#201,.T.);
#527=EDGE_CURVE('',#404,#358,#202,.T.);
#528=EDGE_CURVE('',#359,#403,#203,.T.);
#529=EDGE_CURVE('',#402,#360,#204,.T.);
#530=EDGE_CURVE('',#361,#401,#205,.T.);
#531=EDGE_CURVE('',#400,#362,#206,.T.);
#532=EDGE_CURVE('',#363,#399,#207,.T.);
#533=EDGE_CURVE('',#398,#364,#208,.T.);
#534=EDGE_CURVE('',#341,#381,#209,.T.);
#535=EDGE_CURVE('',#382,#340,#210,.T.);
#536=EDGE_CURVE('',#380,#342,#211,.T.);
#537=EDGE_CURVE('',#365,#397,#212,.T.);
#538=EDGE_CURVE('',#396,#366,#213,.T.);
#539=EDGE_CURVE('',#367,#395,#214,.T.);
#540=EDGE_CURVE('',#394,#368,#215,.T.);
#541=EDGE_CURVE('',#369,#393,#216,.T.);
#542=EDGE_CURVE('',#392,#370,#217,.T.);
#543=EDGE_CURVE('',#331,#391,#218,.T.);
#544=EDGE_CURVE('',#390,#332,#219,.T.);
#545=EDGE_CURVE('',#333,#389,#220,.T.);
#546=EDGE_CURVE('',#388,#334,#221,.T.);
#547=EDGE_CURVE('',#335,#387,#222,.T.);
#548=EDGE_CURVE('',#386,#336,#223,.T.);
#549=EDGE_CURVE('',#337,#385,#224,.T.);
#550=EDGE_CURVE('',#384,#338,#225,.T.);
#551=EDGE_CURVE('',#339,#383,#226,.T.);
#552=EDGE_CURVE('',#343,#379,#227,.T.);
#553=EDGE_CURVE('',#413,#414,#69,.T.);
#554=EDGE_CURVE('',#415,#413,#70,.T.);
#555=EDGE_CURVE('',#414,#415,#71,.T.);
#556=EDGE_CURVE('',#416,#416,#72,.T.);
#557=EDGE_CURVE('',#416,#417,#73,.T.);
#558=EDGE_CURVE('',#417,#418,#74,.T.);
#559=EDGE_CURVE('',#418,#417,#75,.T.);
#560=EDGE_CURVE('',#418,#415,#228,.T.);
#561=EDGE_CURVE('',#415,#413,#76,.T.);
#562=EDGE_CURVE('',#414,#415,#77,.T.);
#563=EDGE_CURVE('',#372,#415,#229,.T.);
#564=EDGE_CURVE('',#413,#419,#230,.T.);
#565=EDGE_CURVE('',#420,#419,#78,.T.);
#566=EDGE_CURVE('',#414,#420,#231,.T.);
#567=EDGE_CURVE('',#414,#413,#232,.T.);
#568=EDGE_CURVE('',#419,#420,#233,.T.);
#569=ORIENTED_EDGE('',*,*,#421,.F.);
#570=ORIENTED_EDGE('',*,*,#422,.F.);
#571=ORIENTED_EDGE('',*,*,#423,.F.);
#572=ORIENTED_EDGE('',*,*,#424,.F.);
#573=ORIENTED_EDGE('',*,*,#425,.T.);
#574=ORIENTED_EDGE('',*,*,#426,.T.);
#575=ORIENTED_EDGE('',*,*,#427,.T.);
#576=ORIENTED_EDGE('',*,*,#428,.T.);
#577=ORIENTED_EDGE('',*,*,#429,.T.);
#578=ORIENTED_EDGE('',*,*,#430,.T.);
#579=ORIENTED_EDGE('',*,*,#431,.T.);
#580=ORIENTED_EDGE('',*,*,#432,.T.);
#581=ORIENTED_EDGE('',*,*,#433,.T.);
#582=ORIENTED_EDGE('',*,*,#434,.T.);
#583=ORIENTED_EDGE('',*,*,#435,.T.);
#584=ORIENTED_EDGE('',*,*,#436,.T.);
#585=ORIENTED_EDGE('',*,*,#437,.T.);
#586=ORIENTED_EDGE('',*,*,#438,.T.);
#587=ORIENTED_EDGE('',*,*,#439,.T.);
#588=ORIENTED_EDGE('',*,*,#440,.T.);
#589=ORIENTED_EDGE('',*,*,#423,.T.);
#590=ORIENTED_EDGE('',*,*,#441,.T.);
#591=ORIENTED_EDGE('',*,*,#442,.T.);
#592=ORIENTED_EDGE('',*,*,#443,.T.);
#593=ORIENTED_EDGE('',*,*,#444,.T.);
#594=ORIENTED_EDGE('',*,*,#445,.T.);
#595=ORIENTED_EDGE('',*,*,#446,.T.);
#596=ORIENTED_EDGE('',*,*,#447,.T.);
#597=ORIENTED_EDGE('',*,*,#448,.T.);
#598=ORIENTED_EDGE('',*,*,#449,.T.);
#599=ORIENTED_EDGE('',*,*,#450,.T.);
#600=ORIENTED_EDGE('',*,*,#451,.T.);
#601=ORIENTED_EDGE('',*,*,#452,.T.);
#602=ORIENTED_EDGE('',*,*,#453,.T.);
#603=ORIENTED_EDGE('',*,*,#454,.T.);
#604=ORIENTED_EDGE('',*,*,#455,.T.);
#605=ORIENTED_EDGE('',*,*,#456,.T.);
#606=ORIENTED_EDGE('',*,*,#457,.T.);
#607=ORIENTED_EDGE('',*,*,#458,.T.);
#608=ORIENTED_EDGE('',*,*,#459,.T.);
#609=ORIENTED_EDGE('',*,*,#460,.T.);
#610=ORIENTED_EDGE('',*,*,#461,.T.);
#611=ORIENTED_EDGE('',*,*,#462,.T.);
#612=ORIENTED_EDGE('',*,*,#463,.T.);
#613=ORIENTED_EDGE('',*,*,#464,.T.);
#614=ORIENTED_EDGE('',*,*,#465,.T.);
#615=ORIENTED_EDGE('',*,*,#466,.T.);
#616=ORIENTED_EDGE('',*,*,#467,.T.);
#617=ORIENTED_EDGE('',*,*,#468,.T.);
#618=ORIENTED_EDGE('',*,*,#426,.F.);
#619=ORIENTED_EDGE('',*,*,#422,.T.);
#620=ORIENTED_EDGE('',*,*,#469,.F.);
#621=ORIENTED_EDGE('',*,*,#470,.T.);
#622=ORIENTED_EDGE('',*,*,#441,.F.);
#623=ORIENTED_EDGE('',*,*,#471,.T.);
#624=ORIENTED_EDGE('',*,*,#472,.T.);
#625=ORIENTED_EDGE('',*,*,#473,.T.);
#626=ORIENTED_EDGE('',*,*,#474,.T.);
#627=ORIENTED_EDGE('',*,*,#475,.T.);
#628=ORIENTED_EDGE('',*,*,#476,.T.);
#629=ORIENTED_EDGE('',*,*,#477,.T.);
#630=ORIENTED_EDGE('',*,*,#478,.T.);
#631=ORIENTED_EDGE('',*,*,#469,.T.);
#632=ORIENTED_EDGE('',*,*,#421,.T.);
#633=ORIENTED_EDGE('',*,*,#479,.T.);
#634=ORIENTED_EDGE('',*,*,#480,.T.);
#635=ORIENTED_EDGE('',*,*,#481,.T.);
#636=ORIENTED_EDGE('',*,*,#482,.T.);
#637=ORIENTED_EDGE('',*,*,#483,.T.);
#638=ORIENTED_EDGE('',*,*,#484,.T.);
#639=ORIENTED_EDGE('',*,*,#485,.T.);
#640=ORIENTED_EDGE('',*,*,#486,.T.);
#641=ORIENTED_EDGE('',*,*,#487,.T.);
#642=ORIENTED_EDGE('',*,*,#488,.T.);
#643=ORIENTED_EDGE('',*,*,#489,.T.);
#644=ORIENTED_EDGE('',*,*,#490,.T.);
#645=ORIENTED_EDGE('',*,*,#491,.T.);
#646=ORIENTED_EDGE('',*,*,#492,.T.);
#647=ORIENTED_EDGE('',*,*,#493,.T.);
#648=ORIENTED_EDGE('',*,*,#494,.T.);
#649=ORIENTED_EDGE('',*,*,#495,.T.);
#650=ORIENTED_EDGE('',*,*,#496,.T.);
#651=ORIENTED_EDGE('',*,*,#497,.T.);
#652=ORIENTED_EDGE('',*,*,#498,.T.);
#653=ORIENTED_EDGE('',*,*,#499,.T.);
#654=ORIENTED_EDGE('',*,*,#500,.T.);
#655=ORIENTED_EDGE('',*,*,#501,.T.);
#656=ORIENTED_EDGE('',*,*,#502,.T.);
#657=ORIENTED_EDGE('',*,*,#503,.T.);
#658=ORIENTED_EDGE('',*,*,#504,.T.);
#659=ORIENTED_EDGE('',*,*,#505,.T.);
#660=ORIENTED_EDGE('',*,*,#506,.T.);
#661=ORIENTED_EDGE('',*,*,#507,.T.);
#662=ORIENTED_EDGE('',*,*,#508,.T.);
#663=ORIENTED_EDGE('',*,*,#509,.T.);
#664=ORIENTED_EDGE('',*,*,#510,.T.);
#665=ORIENTED_EDGE('',*,*,#511,.T.);
#666=ORIENTED_EDGE('',*,*,#512,.T.);
#667=ORIENTED_EDGE('',*,*,#513,.T.);
#668=ORIENTED_EDGE('',*,*,#472,.F.);
#669=ORIENTED_EDGE('',*,*,#478,.F.);
#670=ORIENTED_EDGE('',*,*,#514,.F.);
#671=ORIENTED_EDGE('',*,*,#442,.F.);
#672=ORIENTED_EDGE('',*,*,#470,.F.);
#673=ORIENTED_EDGE('',*,*,#514,.T.);
#674=ORIENTED_EDGE('',*,*,#477,.F.);
#675=ORIENTED_EDGE('',*,*,#515,.T.);
#676=ORIENTED_EDGE('',*,*,#443,.F.);
#677=ORIENTED_EDGE('',*,*,#476,.F.);
#678=ORIENTED_EDGE('',*,*,#516,.F.);
#679=ORIENTED_EDGE('',*,*,#444,.F.);
#680=ORIENTED_EDGE('',*,*,#515,.F.);
#681=ORIENTED_EDGE('',*,*,#516,.T.);
#682=ORIENTED_EDGE('',*,*,#475,.F.);
#683=ORIENTED_EDGE('',*,*,#517,.T.);
#684=ORIENTED_EDGE('',*,*,#445,.F.);
#685=ORIENTED_EDGE('',*,*,#474,.F.);
#686=ORIENTED_EDGE('',*,*,#518,.F.);
#687=ORIENTED_EDGE('',*,*,#446,.F.);
#688=ORIENTED_EDGE('',*,*,#517,.F.);
#689=ORIENTED_EDGE('',*,*,#518,.T.);
#690=ORIENTED_EDGE('',*,*,#473,.F.);
#691=ORIENTED_EDGE('',*,*,#513,.F.);
#692=ORIENTED_EDGE('',*,*,#519,.T.);
#693=ORIENTED_EDGE('',*,*,#447,.F.);
#694=ORIENTED_EDGE('',*,*,#512,.F.);
#695=ORIENTED_EDGE('',*,*,#520,.F.);
#696=ORIENTED_EDGE('',*,*,#448,.F.);
#697=ORIENTED_EDGE('',*,*,#519,.F.);
#698=ORIENTED_EDGE('',*,*,#520,.T.);
#699=ORIENTED_EDGE('',*,*,#511,.F.);
#700=ORIENTED_EDGE('',*,*,#521,.T.);
#701=ORIENTED_EDGE('',*,*,#449,.F.);
#702=ORIENTED_EDGE('',*,*,#510,.F.);
#703=ORIENTED_EDGE('',*,*,#522,.F.);
#704=ORIENTED_EDGE('',*,*,#450,.F.);
#705=ORIENTED_EDGE('',*,*,#521,.F.);
#706=ORIENTED_EDGE('',*,*,#522,.T.);
#707=ORIENTED_EDGE('',*,*,#509,.F.);
#708=ORIENTED_EDGE('',*,*,#523,.T.);
#709=ORIENTED_EDGE('',*,*,#451,.F.);
#710=ORIENTED_EDGE('',*,*,#508,.F.);
#711=ORIENTED_EDGE('',*,*,#524,.F.);
#712=ORIENTED_EDGE('',*,*,#452,.F.);
#713=ORIENTED_EDGE('',*,*,#523,.F.);
#714=ORIENTED_EDGE('',*,*,#524,.T.);
#715=ORIENTED_EDGE('',*,*,#507,.F.);
#716=ORIENTED_EDGE('',*,*,#525,.T.);
#717=ORIENTED_EDGE('',*,*,#453,.F.);
#718=ORIENTED_EDGE('',*,*,#506,.F.);
#719=ORIENTED_EDGE('',*,*,#526,.F.);
#720=ORIENTED_EDGE('',*,*,#454,.F.);
#721=ORIENTED_EDGE('',*,*,#525,.F.);
#722=ORIENTED_EDGE('',*,*,#526,.T.);
#723=ORIENTED_EDGE('',*,*,#505,.F.);
#724=ORIENTED_EDGE('',*,*,#527,.T.);
#725=ORIENTED_EDGE('',*,*,#455,.F.);
#726=ORIENTED_EDGE('',*,*,#504,.F.);
#727=ORIENTED_EDGE('',*,*,#528,.F.);
#728=ORIENTED_EDGE('',*,*,#456,.F.);
#729=ORIENTED_EDGE('',*,*,#527,.F.);
#730=ORIENTED_EDGE('',*,*,#528,.T.);
#731=ORIENTED_EDGE('',*,*,#503,.F.);
#732=ORIENTED_EDGE('',*,*,#529,.T.);
#733=ORIENTED_EDGE('',*,*,#457,.F.);
#734=ORIENTED_EDGE('',*,*,#502,.F.);
#735=ORIENTED_EDGE('',*,*,#530,.F.);
#736=ORIENTED_EDGE('',*,*,#458,.F.);
#737=ORIENTED_EDGE('',*,*,#529,.F.);
#738=ORIENTED_EDGE('',*,*,#530,.T.);
#739=ORIENTED_EDGE('',*,*,#501,.F.);
#740=ORIENTED_EDGE('',*,*,#531,.T.);
#741=ORIENTED_EDGE('',*,*,#459,.F.);
#742=ORIENTED_EDGE('',*,*,#500,.F.);
#743=ORIENTED_EDGE('',*,*,#532,.F.);
#744=ORIENTED_EDGE('',*,*,#460,.F.);
#745=ORIENTED_EDGE('',*,*,#531,.F.);
#746=ORIENTED_EDGE('',*,*,#532,.T.);
#747=ORIENTED_EDGE('',*,*,#499,.F.);
#748=ORIENTED_EDGE('',*,*,#533,.T.);
#749=ORIENTED_EDGE('',*,*,#461,.F.);
#750=ORIENTED_EDGE('',*,*,#482,.F.);
#751=ORIENTED_EDGE('',*,*,#534,.F.);
#752=ORIENTED_EDGE('',*,*,#437,.F.);
#753=ORIENTED_EDGE('',*,*,#535,.F.);
#754=ORIENTED_EDGE('',*,*,#534,.T.);
#755=ORIENTED_EDGE('',*,*,#481,.F.);
#756=ORIENTED_EDGE('',*,*,#536,.T.);
#757=ORIENTED_EDGE('',*,*,#438,.F.);
#758=ORIENTED_EDGE('',*,*,#498,.F.);
#759=ORIENTED_EDGE('',*,*,#537,.F.);
#760=ORIENTED_EDGE('',*,*,#462,.F.);
#761=ORIENTED_EDGE('',*,*,#533,.F.);
#762=ORIENTED_EDGE('',*,*,#537,.T.);
#763=ORIENTED_EDGE('',*,*,#497,.F.);
#764=ORIENTED_EDGE('',*,*,#538,.T.);
#765=ORIENTED_EDGE('',*,*,#463,.F.);
#766=ORIENTED_EDGE('',*,*,#496,.F.);
#767=ORIENTED_EDGE('',*,*,#539,.F.);
#768=ORIENTED_EDGE('',*,*,#464,.F.);
#769=ORIENTED_EDGE('',*,*,#538,.F.);
#770=ORIENTED_EDGE('',*,*,#539,.T.);
#771=ORIENTED_EDGE('',*,*,#495,.F.);
#772=ORIENTED_EDGE('',*,*,#540,.T.);
#773=ORIENTED_EDGE('',*,*,#465,.F.);
#774=ORIENTED_EDGE('',*,*,#494,.F.);
#775=ORIENTED_EDGE('',*,*,#541,.F.);
#776=ORIENTED_EDGE('',*,*,#466,.F.);
#777=ORIENTED_EDGE('',*,*,#540,.F.);
#778=ORIENTED_EDGE('',*,*,#541,.T.);
#779=ORIENTED_EDGE('',*,*,#493,.F.);
#780=ORIENTED_EDGE('',*,*,#542,.T.);
#781=ORIENTED_EDGE('',*,*,#467,.F.);
#782=ORIENTED_EDGE('',*,*,#492,.F.);
#783=ORIENTED_EDGE('',*,*,#543,.F.);
#784=ORIENTED_EDGE('',*,*,#427,.F.);
#785=ORIENTED_EDGE('',*,*,#468,.F.);
#786=ORIENTED_EDGE('',*,*,#542,.F.);
#787=ORIENTED_EDGE('',*,*,#543,.T.);
#788=ORIENTED_EDGE('',*,*,#491,.F.);
#789=ORIENTED_EDGE('',*,*,#544,.T.);
#790=ORIENTED_EDGE('',*,*,#428,.F.);
#791=ORIENTED_EDGE('',*,*,#490,.F.);
#792=ORIENTED_EDGE('',*,*,#545,.F.);
#793=ORIENTED_EDGE('',*,*,#429,.F.);
#794=ORIENTED_EDGE('',*,*,#544,.F.);
#795=ORIENTED_EDGE('',*,*,#545,.T.);
#796=ORIENTED_EDGE('',*,*,#489,.F.);
#797=ORIENTED_EDGE('',*,*,#546,.T.);
#798=ORIENTED_EDGE('',*,*,#430,.F.);
#799=ORIENTED_EDGE('',*,*,#488,.F.);
#800=ORIENTED_EDGE('',*,*,#547,.F.);
#801=ORIENTED_EDGE('',*,*,#431,.F.);
#802=ORIENTED_EDGE('',*,*,#546,.F.);
#803=ORIENTED_EDGE('',*,*,#547,.T.);
#804=ORIENTED_EDGE('',*,*,#487,.F.);
#805=ORIENTED_EDGE('',*,*,#548,.T.);
#806=ORIENTED_EDGE('',*,*,#432,.F.);
#807=ORIENTED_EDGE('',*,*,#486,.F.);
#808=ORIENTED_EDGE('',*,*,#549,.F.);
#809=ORIENTED_EDGE('',*,*,#433,.F.);
#810=ORIENTED_EDGE('',*,*,#548,.F.);
#811=ORIENTED_EDGE('',*,*,#549,.T.);
#812=ORIENTED_EDGE('',*,*,#485,.F.);
#813=ORIENTED_EDGE('',*,*,#550,.T.);
#814=ORIENTED_EDGE('',*,*,#434,.F.);
#815=ORIENTED_EDGE('',*,*,#484,.F.);
#816=ORIENTED_EDGE('',*,*,#551,.F.);
#817=ORIENTED_EDGE('',*,*,#435,.F.);
#818=ORIENTED_EDGE('',*,*,#550,.F.);
#819=ORIENTED_EDGE('',*,*,#535,.T.);
#820=ORIENTED_EDGE('',*,*,#436,.F.);
#821=ORIENTED_EDGE('',*,*,#551,.T.);
#822=ORIENTED_EDGE('',*,*,#483,.F.);
#823=ORIENTED_EDGE('',*,*,#480,.F.);
#824=ORIENTED_EDGE('',*,*,#552,.F.);
#825=ORIENTED_EDGE('',*,*,#439,.F.);
#826=ORIENTED_EDGE('',*,*,#536,.F.);
#827=ORIENTED_EDGE('',*,*,#424,.T.);
#828=ORIENTED_EDGE('',*,*,#440,.F.);
#829=ORIENTED_EDGE('',*,*,#552,.T.);
#830=ORIENTED_EDGE('',*,*,#479,.F.);
#831=ORIENTED_EDGE('',*,*,#425,.F.);
#832=ORIENTED_EDGE('',*,*,#553,.F.);
#833=ORIENTED_EDGE('',*,*,#554,.F.);
#834=ORIENTED_EDGE('',*,*,#555,.F.);
#835=ORIENTED_EDGE('',*,*,#556,.T.);
#836=ORIENTED_EDGE('',*,*,#557,.T.);
#837=ORIENTED_EDGE('',*,*,#558,.T.);
#838=ORIENTED_EDGE('',*,*,#559,.T.);
#839=ORIENTED_EDGE('',*,*,#557,.F.);
#840=ORIENTED_EDGE('',*,*,#559,.F.);
#841=ORIENTED_EDGE('',*,*,#560,.T.);
#842=ORIENTED_EDGE('',*,*,#561,.T.);
#843=ORIENTED_EDGE('',*,*,#553,.T.);
#844=ORIENTED_EDGE('',*,*,#562,.T.);
#845=ORIENTED_EDGE('',*,*,#560,.F.);
#846=ORIENTED_EDGE('',*,*,#558,.F.);
#847=ORIENTED_EDGE('',*,*,#556,.F.);
#848=ORIENTED_EDGE('',*,*,#471,.F.);
#849=ORIENTED_EDGE('',*,*,#563,.T.);
#850=ORIENTED_EDGE('',*,*,#554,.T.);
#851=ORIENTED_EDGE('',*,*,#564,.T.);
#852=ORIENTED_EDGE('',*,*,#565,.F.);
#853=ORIENTED_EDGE('',*,*,#566,.F.);
#854=ORIENTED_EDGE('',*,*,#555,.T.);
#855=ORIENTED_EDGE('',*,*,#563,.F.);
#856=ORIENTED_EDGE('',*,*,#567,.F.);
#857=ORIENTED_EDGE('',*,*,#566,.T.);
#858=ORIENTED_EDGE('',*,*,#568,.F.);
#859=ORIENTED_EDGE('',*,*,#564,.F.);
#860=ORIENTED_EDGE('',*,*,#568,.T.);
#861=ORIENTED_EDGE('',*,*,#565,.T.);
#862=ORIENTED_EDGE('',*,*,#567,.T.);
#863=ORIENTED_EDGE('',*,*,#561,.F.);
#864=ORIENTED_EDGE('',*,*,#562,.F.);
#865=CYLINDRICAL_SURFACE('',#975,0.3162277589486);
#866=CYLINDRICAL_SURFACE('',#1000,3.59999999999999);
#867=CYLINDRICAL_SURFACE('',#1026,0.3162277589486);
#868=CYLINDRICAL_SURFACE('',#1027,3.59999999999999);
#869=CYLINDRICAL_SURFACE('',#1028,0.3162277589486);
#870=CYLINDRICAL_SURFACE('',#1029,3.59999999999999);
#871=CYLINDRICAL_SURFACE('',#1030,0.3162277589486);
#872=CYLINDRICAL_SURFACE('',#1031,3.59999999999999);
#873=CYLINDRICAL_SURFACE('',#1032,0.3162277589486);
#874=CYLINDRICAL_SURFACE('',#1033,3.59999999999999);
#875=CYLINDRICAL_SURFACE('',#1034,0.3162277589486);
#876=CYLINDRICAL_SURFACE('',#1035,3.59999999999999);
#877=CYLINDRICAL_SURFACE('',#1036,0.3162277589486);
#878=CYLINDRICAL_SURFACE('',#1037,3.59999999999999);
#879=CYLINDRICAL_SURFACE('',#1038,0.3162277589486);
#880=CYLINDRICAL_SURFACE('',#1039,3.59999999999999);
#881=CYLINDRICAL_SURFACE('',#1040,0.3162277589486);
#882=CYLINDRICAL_SURFACE('',#1041,3.59999999999999);
#883=CYLINDRICAL_SURFACE('',#1042,0.3162277589486);
#884=CYLINDRICAL_SURFACE('',#1043,3.59999999999999);
#885=CYLINDRICAL_SURFACE('',#1044,0.3162277589486);
#886=CYLINDRICAL_SURFACE('',#1045,3.59999999999999);
#887=CYLINDRICAL_SURFACE('',#1046,0.3162277589486);
#888=CYLINDRICAL_SURFACE('',#1047,3.59999999999999);
#889=CYLINDRICAL_SURFACE('',#1048,0.3162277589486);
#890=CYLINDRICAL_SURFACE('',#1049,3.59999999999999);
#891=CYLINDRICAL_SURFACE('',#1050,0.3162277589486);
#892=CYLINDRICAL_SURFACE('',#1051,3.59999999999999);
#893=CYLINDRICAL_SURFACE('',#1052,0.3162277589486);
#894=CYLINDRICAL_SURFACE('',#1053,3.59999999999999);
#895=CYLINDRICAL_SURFACE('',#1054,0.3162277589486);
#896=CYLINDRICAL_SURFACE('',#1055,3.59999999999999);
#897=CYLINDRICAL_SURFACE('',#1056,0.3162277589486);
#898=CYLINDRICAL_SURFACE('',#1057,3.59999999999999);
#899=CYLINDRICAL_SURFACE('',#1058,0.3162277589486);
#900=CYLINDRICAL_SURFACE('',#1059,3.59999999999999);
#901=CYLINDRICAL_SURFACE('',#1060,0.3162277589486);
#902=CYLINDRICAL_SURFACE('',#1061,3.59999999999999);
#903=CYLINDRICAL_SURFACE('',#1062,0.3162277589486);
#904=CYLINDRICAL_SURFACE('',#1063,3.59999999999999);
#905=CYLINDRICAL_SURFACE('',#1064,0.3162277589486);
#906=CYLINDRICAL_SURFACE('',#1065,3.59999999999999);
#907=CYLINDRICAL_SURFACE('',#1074,3.10000000000002);
#908=CYLINDRICAL_SURFACE('',#1078,3.10000000000002);
#909=ADVANCED_FACE('',(#81),#865,.F.);
#910=ADVANCED_FACE('',(#82),#79,.T.);
#911=ADVANCED_FACE('',(#83),#866,.T.);
#912=ADVANCED_FACE('',(#84),#80,.T.);
#913=ADVANCED_FACE('',(#85),#867,.F.);
#914=ADVANCED_FACE('',(#86),#868,.T.);
#915=ADVANCED_FACE('',(#87),#869,.F.);
#916=ADVANCED_FACE('',(#88),#870,.T.);
#917=ADVANCED_FACE('',(#89),#871,.F.);
#918=ADVANCED_FACE('',(#90),#872,.T.);
#919=ADVANCED_FACE('',(#91),#873,.F.);
#920=ADVANCED_FACE('',(#92),#874,.T.);
#921=ADVANCED_FACE('',(#93),#875,.F.);
#922=ADVANCED_FACE('',(#94),#876,.T.);
#923=ADVANCED_FACE('',(#95),#877,.F.);
#924=ADVANCED_FACE('',(#96),#878,.T.);
#925=ADVANCED_FACE('',(#97),#879,.F.);
#926=ADVANCED_FACE('',(#98),#880,.T.);
#927=ADVANCED_FACE('',(#99),#881,.F.);
#928=ADVANCED_FACE('',(#100),#882,.T.);
#929=ADVANCED_FACE('',(#101),#883,.F.);
#930=ADVANCED_FACE('',(#102),#884,.T.);
#931=ADVANCED_FACE('',(#103),#885,.F.);
#932=ADVANCED_FACE('',(#104),#886,.T.);
#933=ADVANCED_FACE('',(#105),#887,.F.);
#934=ADVANCED_FACE('',(#106),#888,.T.);
#935=ADVANCED_FACE('',(#107),#889,.F.);
#936=ADVANCED_FACE('',(#108),#890,.T.);
#937=ADVANCED_FACE('',(#109),#891,.F.);
#938=ADVANCED_FACE('',(#110),#892,.T.);
#939=ADVANCED_FACE('',(#111),#893,.F.);
#940=ADVANCED_FACE('',(#112),#894,.T.);
#941=ADVANCED_FACE('',(#113),#895,.F.);
#942=ADVANCED_FACE('',(#114),#896,.T.);
#943=ADVANCED_FACE('',(#115),#897,.F.);
#944=ADVANCED_FACE('',(#116),#898,.T.);
#945=ADVANCED_FACE('',(#117),#899,.F.);
#946=ADVANCED_FACE('',(#118),#900,.T.);
#947=ADVANCED_FACE('',(#119),#901,.F.);
#948=ADVANCED_FACE('',(#120),#902,.T.);
#949=ADVANCED_FACE('',(#121),#903,.F.);
#950=ADVANCED_FACE('',(#122),#904,.T.);
#951=ADVANCED_FACE('',(#123),#905,.F.);
#952=ADVANCED_FACE('',(#124),#906,.T.);
#953=ADVANCED_FACE('',(#125,#16),#17,.T.);
#954=ADVANCED_FACE('',(#126),#15,.F.);
#955=ADVANCED_FACE('',(#127),#907,.T.);
#956=ADVANCED_FACE('',(#128),#18,.T.);
#957=ADVANCED_FACE('',(#129),#908,.F.);
#958=ADVANCED_FACE('',(#130),#19,.T.);
#959=ADVANCED_FACE('',(#131),#20,.F.);
#960=ADVANCED_FACE('',(#132),#21,.F.);
#961=CLOSED_SHELL('',(#909,#910,#911,#912,#913,#914,#915,#916,#917,#918,
#919,#920,#921,#922,#923,#924,#925,#926,#927,#928,#929,#930,#931,#932,#933,
#934,#935,#936,#937,#938,#939,#940,#941,#942,#943,#944,#945,#946,#947,#948,
#949,#950,#951,#952,#953,#954,#955,#956,#957,#958,#959,#960));
#962=DERIVED_UNIT_ELEMENT(#964,1.);
#963=DERIVED_UNIT_ELEMENT(#2706,-3.);
#964=(
MASS_UNIT()
NAMED_UNIT(*)
SI_UNIT(.KILO.,.GRAM.)
);
#965=DERIVED_UNIT((#962,#963));
#966=MEASURE_REPRESENTATION_ITEM('density measure',
POSITIVE_RATIO_MEASURE(7850.),#965);
#967=PROPERTY_DEFINITION_REPRESENTATION(#972,#969);
#968=PROPERTY_DEFINITION_REPRESENTATION(#973,#970);
#969=REPRESENTATION('material name',(#971),#2703);
#970=REPRESENTATION('density',(#966),#2703);
#971=DESCRIPTIVE_REPRESENTATION_ITEM('Steel','Steel');
#972=PROPERTY_DEFINITION('material property','material name',#2713);
#973=PROPERTY_DEFINITION('material property','density of part',#2713);
#974=AXIS2_PLACEMENT_3D('',#1349,#1083,#1084);
#975=AXIS2_PLACEMENT_3D('',#1350,#1085,#1086);
#976=AXIS2_PLACEMENT_3D('',#1409,#1089,#1090);
#977=AXIS2_PLACEMENT_3D('',#1411,#1091,#1092);
#978=AXIS2_PLACEMENT_3D('',#1413,#1093,#1094);
#979=AXIS2_PLACEMENT_3D('',#1426,#1095,#1096);
#980=AXIS2_PLACEMENT_3D('',#1455,#1097,#1098);
#981=AXIS2_PLACEMENT_3D('',#1484,#1099,#1100);
#982=AXIS2_PLACEMENT_3D('',#1513,#1101,#1102);
#983=AXIS2_PLACEMENT_3D('',#1542,#1103,#1104);
#984=AXIS2_PLACEMENT_3D('',#1571,#1105,#1106);
#985=AXIS2_PLACEMENT_3D('',#1597,#1107,#1108);
#986=AXIS2_PLACEMENT_3D('',#1599,#1109,#1110);
#987=AXIS2_PLACEMENT_3D('',#1628,#1111,#1112);
#988=AXIS2_PLACEMENT_3D('',#1657,#1113,#1114);
#989=AXIS2_PLACEMENT_3D('',#1686,#1115,#1116);
#990=AXIS2_PLACEMENT_3D('',#1715,#1117,#1118);
#991=AXIS2_PLACEMENT_3D('',#1744,#1119,#1120);
#992=AXIS2_PLACEMENT_3D('',#1773,#1121,#1122);
#993=AXIS2_PLACEMENT_3D('',#1802,#1123,#1124);
#994=AXIS2_PLACEMENT_3D('',#1831,#1125,#1126);
#995=AXIS2_PLACEMENT_3D('',#1860,#1127,#1128);
#996=AXIS2_PLACEMENT_3D('',#1889,#1129,#1130);
#997=AXIS2_PLACEMENT_3D('',#1918,#1131,#1132);
#998=AXIS2_PLACEMENT_3D('',#1947,#1133,#1134);
#999=AXIS2_PLACEMENT_3D('',#1976,#1135,#1136);
#1000=AXIS2_PLACEMENT_3D('',#1997,#1137,#1138);
#1001=AXIS2_PLACEMENT_3D('',#1999,#1139,#1140);
#1002=AXIS2_PLACEMENT_3D('',#2001,#1142,#1143);
#1003=AXIS2_PLACEMENT_3D('',#2003,#1144,#1145);
#1004=AXIS2_PLACEMENT_3D('',#2005,#1146,#1147);
#1005=AXIS2_PLACEMENT_3D('',#2007,#1148,#1149);
#1006=AXIS2_PLACEMENT_3D('',#2034,#1150,#1151);
#1007=AXIS2_PLACEMENT_3D('',#2063,#1152,#1153);
#1008=AXIS2_PLACEMENT_3D('',#2091,#1154,#1155);
#1009=AXIS2_PLACEMENT_3D('',#2118,#1156,#1157);
#1010=AXIS2_PLACEMENT_3D('',#2145,#1158,#1159);
#1011=AXIS2_PLACEMENT_3D('',#2174,#1160,#1161);
#1012=AXIS2_PLACEMENT_3D('',#2203,#1162,#1163);
#1013=AXIS2_PLACEMENT_3D('',#2232,#1164,#1165);
#1014=AXIS2_PLACEMENT_3D('',#2259,#1166,#1167);
#1015=AXIS2_PLACEMENT_3D('',#2286,#1168,#1169);
#1016=AXIS2_PLACEMENT_3D('',#2313,#1170,#1171);
#1017=AXIS2_PLACEMENT_3D('',#2342,#1172,#1173);
#1018=AXIS2_PLACEMENT_3D('',#2371,#1174,#1175);
#1019=AXIS2_PLACEMENT_3D('',#2398,#1176,#1177);
#1020=AXIS2_PLACEMENT_3D('',#2425,#1178,#1179);
#1021=AXIS2_PLACEMENT_3D('',#2452,#1180,#1181);
#1022=AXIS2_PLACEMENT_3D('',#2481,#1182,#1183);
#1023=AXIS2_PLACEMENT_3D('',#2510,#1184,#1185);
#1024=AXIS2_PLACEMENT_3D('',#2537,#1186,#1187);
#1025=AXIS2_PLACEMENT_3D('',#2563,#1188,#1189);
#1026=AXIS2_PLACEMENT_3D('',#2564,#1190,#1191);
#1027=AXIS2_PLACEMENT_3D('',#2566,#1193,#1194);
#1028=AXIS2_PLACEMENT_3D('',#2568,#1196,#1197);
#1029=AXIS2_PLACEMENT_3D('',#2570,#1199,#1200);
#1030=AXIS2_PLACEMENT_3D('',#2572,#1202,#1203);
#1031=AXIS2_PLACEMENT_3D('',#2574,#1205,#1206);
#1032=AXIS2_PLACEMENT_3D('',#2576,#1208,#1209);
#1033=AXIS2_PLACEMENT_3D('',#2578,#1211,#1212);
#1034=AXIS2_PLACEMENT_3D('',#2580,#1214,#1215);
#1035=AXIS2_PLACEMENT_3D('',#2582,#1217,#1218);
#1036=AXIS2_PLACEMENT_3D('',#2584,#1220,#1221);
#1037=AXIS2_PLACEMENT_3D('',#2586,#1223,#1224);
#1038=AXIS2_PLACEMENT_3D('',#2588,#1226,#1227);
#1039=AXIS2_PLACEMENT_3D('',#2590,#1229,#1230);
#1040=AXIS2_PLACEMENT_3D('',#2592,#1232,#1233);
#1041=AXIS2_PLACEMENT_3D('',#2594,#1235,#1236);
#1042=AXIS2_PLACEMENT_3D('',#2596,#1238,#1239);
#1043=AXIS2_PLACEMENT_3D('',#2598,#1241,#1242);
#1044=AXIS2_PLACEMENT_3D('',#2600,#1244,#1245);
#1045=AXIS2_PLACEMENT_3D('',#2602,#1247,#1248);
#1046=AXIS2_PLACEMENT_3D('',#2604,#1250,#1251);
#1047=AXIS2_PLACEMENT_3D('',#2607,#1254,#1255);
#1048=AXIS2_PLACEMENT_3D('',#2609,#1257,#1258);
#1049=AXIS2_PLACEMENT_3D('',#2611,#1260,#1261);
#1050=AXIS2_PLACEMENT_3D('',#2613,#1263,#1264);
#1051=AXIS2_PLACEMENT_3D('',#2615,#1266,#1267);
#1052=AXIS2_PLACEMENT_3D('',#2617,#1269,#1270);
#1053=AXIS2_PLACEMENT_3D('',#2619,#1272,#1273);
#1054=AXIS2_PLACEMENT_3D('',#2621,#1275,#1276);
#1055=AXIS2_PLACEMENT_3D('',#2623,#1278,#1279);
#1056=AXIS2_PLACEMENT_3D('',#2625,#1281,#1282);
#1057=AXIS2_PLACEMENT_3D('',#2627,#1284,#1285);
#1058=AXIS2_PLACEMENT_3D('',#2629,#1287,#1288);
#1059=AXIS2_PLACEMENT_3D('',#2631,#1290,#1291);
#1060=AXIS2_PLACEMENT_3D('',#2633,#1293,#1294);
#1061=AXIS2_PLACEMENT_3D('',#2635,#1296,#1297);
#1062=AXIS2_PLACEMENT_3D('',#2637,#1299,#1300);
#1063=AXIS2_PLACEMENT_3D('',#2639,#1302,#1303);
#1064=AXIS2_PLACEMENT_3D('',#2640,#1304,#1305);
#1065=AXIS2_PLACEMENT_3D('',#2642,#1307,#1308);
#1066=AXIS2_PLACEMENT_3D('',#2643,#1309,#1310);
#1067=AXIS2_PLACEMENT_3D('',#2646,#1311,#1312);
#1068=AXIS2_PLACEMENT_3D('',#2648,#1313,#1314);
#1069=AXIS2_PLACEMENT_3D('',#2649,#1315,#1316);
#1070=AXIS2_PLACEMENT_3D('',#2678,#1317,#1318);
#1071=AXIS2_PLACEMENT_3D('',#2680,#1319,#1320);
#1072=AXIS2_PLACEMENT_3D('',#2682,#1321,#1322);
#1073=AXIS2_PLACEMENT_3D('',#2683,#1323,#1324);
#1074=AXIS2_PLACEMENT_3D('',#2684,#1325,#1326);
#1075=AXIS2_PLACEMENT_3D('',#2686,#1328,#1329);
#1076=AXIS2_PLACEMENT_3D('',#2687,#1330,#1331);
#1077=AXIS2_PLACEMENT_3D('',#2688,#1332,#1333);
#1078=AXIS2_PLACEMENT_3D('',#2689,#1334,#1335);
#1079=AXIS2_PLACEMENT_3D('',#2694,#1338,#1339);
#1080=AXIS2_PLACEMENT_3D('',#2696,#1341,#1342);
#1081=AXIS2_PLACEMENT_3D('',#2699,#1345,#1346);
#1082=AXIS2_PLACEMENT_3D('',#2700,#1347,#1348);
#1083=DIRECTION('axis',(0.,0.,1.));
#1084=DIRECTION('refdir',(1.,0.,0.));
#1085=DIRECTION('center_axis',(0.,0.,-1.));
#1086=DIRECTION('ref_axis',(0.900968867902419,0.433883739117558,0.));
#1087=DIRECTION('',(0.,0.,-1.));
#1088=DIRECTION('',(0.,0.,1.));
#1089=DIRECTION('center_axis',(0.,0.,1.));
#1090=DIRECTION('ref_axis',(1.,0.,0.));
#1091=DIRECTION('center_axis',(0.,0.,-1.));
#1092=DIRECTION('ref_axis',(-1.,0.,0.));
#1093=DIRECTION('center_axis',(0.,-1.,0.));
#1094=DIRECTION('ref_axis',(-1.,0.,0.));
#1095=DIRECTION('center_axis',(0.,0.,1.));
#1096=DIRECTION('ref_axis',(-1.,0.,0.));
#1097=DIRECTION('center_axis',(0.,0.,1.));
#1098=DIRECTION('ref_axis',(-1.,0.,0.));
#1099=DIRECTION('center_axis',(0.,0.,1.));
#1100=DIRECTION('ref_axis',(-1.,0.,0.));
#1101=DIRECTION('center_axis',(0.,0.,1.));
#1102=DIRECTION('ref_axis',(-1.,0.,0.));
#1103=DIRECTION('center_axis',(0.,0.,1.));
#1104=DIRECTION('ref_axis',(-1.,0.,0.));
#1105=DIRECTION('center_axis',(0.,0.,1.));
#1106=DIRECTION('ref_axis',(-1.,0.,0.));
#1107=DIRECTION('center_axis',(0.,0.,1.));
#1108=DIRECTION('ref_axis',(-1.,0.,0.));
#1109=DIRECTION('center_axis',(0.,0.,1.));
#1110=DIRECTION('ref_axis',(-1.,0.,0.));
#1111=DIRECTION('center_axis',(0.,0.,1.));
#1112=DIRECTION('ref_axis',(-1.,0.,0.));
#1113=DIRECTION('center_axis',(0.,0.,1.));
#1114=DIRECTION('ref_axis',(-1.,0.,0.));
#1115=DIRECTION('center_axis',(0.,0.,1.));
#1116=DIRECTION('ref_axis',(-1.,0.,0.));
#1117=DIRECTION('center_axis',(0.,0.,1.));
#1118=DIRECTION('ref_axis',(-1.,0.,0.));
#1119=DIRECTION('center_axis',(0.,0.,1.));
#1120=DIRECTION('ref_axis',(-1.,0.,0.));
#1121=DIRECTION('center_axis',(0.,0.,1.));
#1122=DIRECTION('ref_axis',(-1.,0.,0.));
#1123=DIRECTION('center_axis',(0.,0.,1.));
#1124=DIRECTION('ref_axis',(-1.,0.,0.));
#1125=DIRECTION('center_axis',(0.,0.,1.));
#1126=DIRECTION('ref_axis',(-1.,0.,0.));
#1127=DIRECTION('center_axis',(0.,0.,1.));
#1128=DIRECTION('ref_axis',(-1.,0.,0.));
#1129=DIRECTION('center_axis',(0.,0.,1.));
#1130=DIRECTION('ref_axis',(-1.,0.,0.));
#1131=DIRECTION('center_axis',(0.,0.,1.));
#1132=DIRECTION('ref_axis',(-1.,0.,0.));
#1133=DIRECTION('center_axis',(0.,0.,1.));
#1134=DIRECTION('ref_axis',(-1.,0.,0.));
#1135=DIRECTION('center_axis',(0.,0.,1.));
#1136=DIRECTION('ref_axis',(-1.,0.,0.));
#1137=DIRECTION('center_axis',(0.,0.,-1.));
#1138=DIRECTION('ref_axis',(-1.,0.,0.));
#1139=DIRECTION('center_axis',(0.,0.,-1.));
#1140=DIRECTION('ref_axis',(-1.,0.,0.));
#1141=DIRECTION('',(0.,0.,1.));
#1142=DIRECTION('center_axis',(0.,0.,-1.));
#1143=DIRECTION('ref_axis',(-1.,0.,0.));
#1144=DIRECTION('center_axis',(0.,0.,1.));
#1145=DIRECTION('ref_axis',(-1.,0.,0.));
#1146=DIRECTION('center_axis',(0.,-1.,0.));
#1147=DIRECTION('ref_axis',(1.,0.,0.));
#1148=DIRECTION('center_axis',(0.,0.,-1.));
#1149=DIRECTION('ref_axis',(-1.,0.,0.));
#1150=DIRECTION('center_axis',(0.,0.,-1.));
#1151=DIRECTION('ref_axis',(-1.,0.,0.));
#1152=DIRECTION('center_axis',(0.,0.,-1.));
#1153=DIRECTION('ref_axis',(-1.,0.,0.));
#1154=DIRECTION('center_axis',(0.,0.,-1.));
#1155=DIRECTION('ref_axis',(-1.,0.,0.));
#1156=DIRECTION('center_axis',(0.,0.,-1.));
#1157=DIRECTION('ref_axis',(-1.,0.,0.));
#1158=DIRECTION('center_axis',(0.,0.,-1.));
#1159=DIRECTION('ref_axis',(-1.,0.,0.));
#1160=DIRECTION('center_axis',(0.,0.,-1.));
#1161=DIRECTION('ref_axis',(-1.,0.,0.));
#1162=DIRECTION('center_axis',(0.,0.,-1.));
#1163=DIRECTION('ref_axis',(-1.,0.,0.));
#1164=DIRECTION('center_axis',(0.,0.,-1.));
#1165=DIRECTION('ref_axis',(-1.,0.,0.));
#1166=DIRECTION('center_axis',(0.,0.,-1.));
#1167=DIRECTION('ref_axis',(-1.,0.,0.));
#1168=DIRECTION('center_axis',(0.,0.,-1.));
#1169=DIRECTION('ref_axis',(-1.,0.,0.));
#1170=DIRECTION('center_axis',(0.,0.,-1.));
#1171=DIRECTION('ref_axis',(-1.,0.,0.));
#1172=DIRECTION('center_axis',(0.,0.,-1.));
#1173=DIRECTION('ref_axis',(-1.,0.,0.));
#1174=DIRECTION('center_axis',(0.,0.,-1.));
#1175=DIRECTION('ref_axis',(-1.,0.,0.));
#1176=DIRECTION('center_axis',(0.,0.,-1.));
#1177=DIRECTION('ref_axis',(-1.,0.,0.));
#1178=DIRECTION('center_axis',(0.,0.,-1.));
#1179=DIRECTION('ref_axis',(-1.,0.,0.));
#1180=DIRECTION('center_axis',(0.,0.,-1.));
#1181=DIRECTION('ref_axis',(-1.,0.,0.));
#1182=DIRECTION('center_axis',(0.,0.,-1.));
#1183=DIRECTION('ref_axis',(-1.,0.,0.));
#1184=DIRECTION('center_axis',(0.,0.,-1.));
#1185=DIRECTION('ref_axis',(-1.,0.,0.));
#1186=DIRECTION('center_axis',(0.,0.,-1.));
#1187=DIRECTION('ref_axis',(-1.,0.,0.));
#1188=DIRECTION('center_axis',(0.,0.,-1.));
#1189=DIRECTION('ref_axis',(-1.,0.,0.));
#1190=DIRECTION('center_axis',(0.,0.,-1.));
#1191=DIRECTION('ref_axis',(0.733051871829826,0.680172737770919,0.));
#1192=DIRECTION('',(0.,0.,-1.));
#1193=DIRECTION('center_axis',(0.,0.,-1.));
#1194=DIRECTION('ref_axis',(-1.,0.,0.));
#1195=DIRECTION('',(0.,0.,1.));
#1196=DIRECTION('center_axis',(0.,0.,-1.));
#1197=DIRECTION('ref_axis',(0.5,0.866025403784439,0.));
#1198=DIRECTION('',(0.,0.,-1.));
#1199=DIRECTION('center_axis',(0.,0.,-1.));
#1200=DIRECTION('ref_axis',(-1.,0.,0.));
#1201=DIRECTION('',(0.,0.,1.));
#1202=DIRECTION('center_axis',(0.,0.,-1.));
#1203=DIRECTION('ref_axis',(0.222520933956314,0.974927912181824,0.));
#1204=DIRECTION('',(0.,0.,-1.));
#1205=DIRECTION('center_axis',(0.,0.,-1.));
#1206=DIRECTION('ref_axis',(0.998229865888784,-0.0594738164881016,0.));
#1207=DIRECTION('',(0.,0.,1.));
#1208=DIRECTION('center_axis',(0.,0.,-1.));
#1209=DIRECTION('ref_axis',(-0.0747300935864242,0.99720379718118,0.));
#1210=DIRECTION('',(0.,0.,-1.));
#1211=DIRECTION('center_axis',(0.,0.,-1.));
#1212=DIRECTION('ref_axis',(-1.,0.,0.));
#1213=DIRECTION('',(0.,0.,1.));
#1214=DIRECTION('center_axis',(0.,0.,-1.));
#1215=DIRECTION('ref_axis',(-0.365341024366395,0.930873748644204,0.));
#1216=DIRECTION('',(0.,0.,-1.));
#1217=DIRECTION('center_axis',(0.,0.,-1.));
#1218=DIRECTION('ref_axis',(-1.,0.,0.));
#1219=DIRECTION('',(0.,0.,1.));
#1220=DIRECTION('center_axis',(0.,0.,-1.));
#1221=DIRECTION('ref_axis',(-0.623489801858733,0.78183148246803,0.));
#1222=DIRECTION('',(0.,0.,-1.));
#1223=DIRECTION('center_axis',(0.,0.,-1.));
#1224=DIRECTION('ref_axis',(-1.,0.,0.));
#1225=DIRECTION('',(0.,0.,1.));
#1226=DIRECTION('center_axis',(0.,0.,-1.));
#1227=DIRECTION('ref_axis',(-0.826238774315995,0.563320058063622,0.));
#1228=DIRECTION('',(0.,0.,-1.));
#1229=DIRECTION('center_axis',(0.,0.,-1.));
#1230=DIRECTION('ref_axis',(-1.,0.,0.));
#1231=DIRECTION('',(0.,0.,1.));
#1232=DIRECTION('center_axis',(0.,0.,-1.));
#1233=DIRECTION('ref_axis',(-0.955572805786141,0.294755174410904,0.));
#1234=DIRECTION('',(0.,0.,-1.));
#1235=DIRECTION('center_axis',(0.,0.,-1.));
#1236=DIRECTION('ref_axis',(-1.,0.,0.));
#1237=DIRECTION('',(0.,0.,1.));
#1238=DIRECTION('center_axis',(0.,0.,-1.));
#1239=DIRECTION('ref_axis',(-1.,0.,0.));
#1240=DIRECTION('',(0.,0.,-1.));
#1241=DIRECTION('center_axis',(0.,0.,-1.));
#1242=DIRECTION('ref_axis',(-1.,0.,0.));
#1243=DIRECTION('',(0.,0.,1.));
#1244=DIRECTION('center_axis',(0.,0.,-1.));
#1245=DIRECTION('ref_axis',(-0.955572805786141,-0.294755174410904,0.));
#1246=DIRECTION('',(0.,0.,-1.));
#1247=DIRECTION('center_axis',(0.,0.,-1.));
#1248=DIRECTION('ref_axis',(-1.,0.,0.));
#1249=DIRECTION('',(0.,0.,1.));
#1250=DIRECTION('center_axis',(0.,0.,-1.));
#1251=DIRECTION('ref_axis',(0.988830826225129,-0.149042266176174,0.));
#1252=DIRECTION('',(0.,0.,-1.));
#1253=DIRECTION('',(0.,0.,1.));
#1254=DIRECTION('center_axis',(0.,0.,-1.));
#1255=DIRECTION('ref_axis',(-1.,0.,0.));
#1256=DIRECTION('',(0.,0.,1.));
#1257=DIRECTION('center_axis',(0.,0.,-1.));
#1258=DIRECTION('ref_axis',(-0.826238774315995,-0.563320058063622,0.));
#1259=DIRECTION('',(0.,0.,-1.));
#1260=DIRECTION('center_axis',(0.,0.,-1.));
#1261=DIRECTION('ref_axis',(-1.,0.,0.));
#1262=DIRECTION('',(0.,0.,1.));
#1263=DIRECTION('center_axis',(0.,0.,-1.));
#1264=DIRECTION('ref_axis',(-0.623489801858733,-0.78183148246803,0.));
#1265=DIRECTION('',(0.,0.,-1.));
#1266=DIRECTION('center_axis',(0.,0.,-1.));
#1267=DIRECTION('ref_axis',(-1.,0.,0.));
#1268=DIRECTION('',(0.,0.,1.));
#1269=DIRECTION('center_axis',(0.,0.,-1.));
#1270=DIRECTION('ref_axis',(-0.365341024366395,-0.930873748644204,0.));
#1271=DIRECTION('',(0.,0.,-1.));
#1272=DIRECTION('center_axis',(0.,0.,-1.));
#1273=DIRECTION('ref_axis',(-1.,0.,0.));
#1274=DIRECTION('',(0.,0.,1.));
#1275=DIRECTION('center_axis',(0.,0.,-1.));
#1276=DIRECTION('ref_axis',(-0.0747300935864244,-0.99720379718118,0.));
#1277=DIRECTION('',(0.,0.,-1.));
#1278=DIRECTION('center_axis',(0.,0.,-1.));
#1279=DIRECTION('ref_axis',(-1.,0.,0.));
#1280=DIRECTION('',(0.,0.,1.));
#1281=DIRECTION('center_axis',(0.,0.,-1.));
#1282=DIRECTION('ref_axis',(0.222520933956315,-0.974927912181824,0.));
#1283=DIRECTION('',(0.,0.,-1.));
#1284=DIRECTION('center_axis',(0.,0.,-1.));
#1285=DIRECTION('ref_axis',(-1.,0.,0.));
#1286=DIRECTION('',(0.,0.,1.));
#1287=DIRECTION('center_axis',(0.,0.,-1.));
#1288=DIRECTION('ref_axis',(0.5,-0.866025403784439,0.));
#1289=DIRECTION('',(0.,0.,-1.));
#1290=DIRECTION('center_axis',(0.,0.,-1.));
#1291=DIRECTION('ref_axis',(-1.,0.,0.));
#1292=DIRECTION('',(0.,0.,1.));
#1293=DIRECTION('center_axis',(0.,0.,-1.));
#1294=DIRECTION('ref_axis',(0.733051871829826,-0.680172737770919,0.));
#1295=DIRECTION('',(0.,0.,-1.));
#1296=DIRECTION('center_axis',(0.,0.,-1.));
#1297=DIRECTION('ref_axis',(-1.,0.,0.));
#1298=DIRECTION('',(0.,0.,1.));
#1299=DIRECTION('center_axis',(0.,0.,-1.));
#1300=DIRECTION('ref_axis',(0.900968867902419,-0.433883739117558,0.));
#1301=DIRECTION('',(0.,0.,-1.));
#1302=DIRECTION('center_axis',(0.,0.,-1.));
#1303=DIRECTION('ref_axis',(-1.,0.,0.));
#1304=DIRECTION('center_axis',(0.,0.,-1.));
#1305=DIRECTION('ref_axis',(0.988830826225129,0.149042266176174,0.));
#1306=DIRECTION('',(0.,0.,-1.));
#1307=DIRECTION('center_axis',(0.,0.,-1.));
#1308=DIRECTION('ref_axis',(-1.,0.,0.));
#1309=DIRECTION('center_axis',(0.,0.,1.));
#1310=DIRECTION('ref_axis',(-1.,0.,0.));
#1311=DIRECTION('center_axis',(0.,0.,1.));
#1312=DIRECTION('ref_axis',(-1.,0.,0.));
#1313=DIRECTION('center_axis',(0.,0.,1.));
#1314=DIRECTION('ref_axis',(-1.,0.,0.));
#1315=DIRECTION('center_axis',(0.,0.,1.));
#1316=DIRECTION('ref_axis',(-1.,0.,0.));
#1317=DIRECTION('center_axis',(0.,0.,-1.));
#1318=DIRECTION('ref_axis',(-1.,0.,0.));
#1319=DIRECTION('center_axis',(0.,-1.,0.));
#1320=DIRECTION('ref_axis',(-1.,0.,0.));
#1321=DIRECTION('center_axis',(0.,0.,1.));
#1322=DIRECTION('ref_axis',(-1.,0.,0.));
#1323=DIRECTION('center_axis',(0.,0.,1.));
#1324=DIRECTION('ref_axis',(-1.,0.,0.));
#1325=DIRECTION('center_axis',(0.,0.,1.));
#1326=DIRECTION('ref_axis',(-1.,0.,0.));
#1327=DIRECTION('',(0.,0.,-1.));
#1328=DIRECTION('center_axis',(0.,0.,1.));
#1329=DIRECTION('ref_axis',(-1.,0.,0.));
#1330=DIRECTION('center_axis',(0.,0.,1.));
#1331=DIRECTION('ref_axis',(-1.,0.,0.));
#1332=DIRECTION('center_axis',(0.,0.,1.));
#1333=DIRECTION('ref_axis',(-1.,0.,0.));
#1334=DIRECTION('center_axis',(0.,0.,-1.));
#1335=DIRECTION('ref_axis',(-1.,0.,0.));
#1336=DIRECTION('',(0.,0.,1.));
#1337=DIRECTION('',(0.,0.,-1.));
#1338=DIRECTION('center_axis',(0.,0.,-1.));
#1339=DIRECTION('ref_axis',(-1.,0.,0.));
#1340=DIRECTION('',(0.,0.,-1.));
#1341=DIRECTION('center_axis',(1.71359190131733E-13,-1.,0.));
#1342=DIRECTION('ref_axis',(-1.,-1.71359190131733E-13,0.));
#1343=DIRECTION('',(1.,1.71359190131733E-13,0.));
#1344=DIRECTION('',(-1.,-1.71359190131733E-13,0.));
#1345=DIRECTION('center_axis',(0.,0.,1.));
#1346=DIRECTION('ref_axis',(-1.,0.,0.));
#1347=DIRECTION('center_axis',(0.,0.,1.));
#1348=DIRECTION('ref_axis',(-1.,0.,0.));
#1349=CARTESIAN_POINT('',(0.,0.,0.));
#1350=CARTESIAN_POINT('Origin',(582.073197696515,-125.946515551319,28.141374991523));
#1351=CARTESIAN_POINT('',(582.342104839769,-125.780115599887,13.941374991523));
#1352=CARTESIAN_POINT('',(581.778835530909,-126.06206169357,13.941374991523));
#1353=CARTESIAN_POINT('Ctrl Pts',(582.342104839769,-125.780115599887,13.941374991523));
#1354=CARTESIAN_POINT('Ctrl Pts',(582.342104839769,-125.780115599887,13.9060727276057));
#1355=CARTESIAN_POINT('Ctrl Pts',(582.340192424958,-125.776902318459,13.8708922989793));
#1356=CARTESIAN_POINT('Ctrl Pts',(582.331946804935,-125.764570253199,13.8018417327326));
#1357=CARTESIAN_POINT('Ctrl Pts',(582.325614315895,-125.755468238404,13.7681838225905));
#1358=CARTESIAN_POINT('Ctrl Pts',(582.303411567364,-125.728786502299,13.6918850340168));
#1359=CARTESIAN_POINT('Ctrl Pts',(582.285454675197,-125.710166134012,13.6529561449495));
#1360=CARTESIAN_POINT('Ctrl Pts',(582.240482326245,-125.676931349394,13.5913985924731));
#1361=CARTESIAN_POINT('Ctrl Pts',(582.215310264408,-125.662157630335,13.5673162244835));
#1362=CARTESIAN_POINT('Ctrl Pts',(582.155361854026,-125.639518476624,13.5282659791725));
#1363=CARTESIAN_POINT('Ctrl Pts',(582.122381444976,-125.632132524657,13.5140418011343));
#1364=CARTESIAN_POINT('Ctrl Pts',(582.05318114693,-125.629113933018,13.4939151450305));
#1365=CARTESIAN_POINT('Ctrl Pts',(582.018479445833,-125.633085997777,13.4879874902529));
#1366=CARTESIAN_POINT('Ctrl Pts',(581.950442654937,-125.652900093091,13.4817596214715));
#1367=CARTESIAN_POINT('Ctrl Pts',(581.917777935114,-125.668799877144,13.4815843042152));
#1368=CARTESIAN_POINT('Ctrl Pts',(581.860134142079,-125.710207483377,13.487034912605));
#1369=CARTESIAN_POINT('Ctrl Pts',(581.83551679319,-125.735176121915,13.4925488394643));
#1370=CARTESIAN_POINT('Ctrl Pts',(581.797006505375,-125.789156774355,13.5107803365348));
#1371=CARTESIAN_POINT('Ctrl Pts',(581.78321479065,-125.817004734753,13.5228840241685));
#1372=CARTESIAN_POINT('Ctrl Pts',(581.762509495517,-125.877971132133,13.5584266974323));
#1373=CARTESIAN_POINT('Ctrl Pts',(581.757650320002,-125.910380903889,13.5831757067182));
#1374=CARTESIAN_POINT('Ctrl Pts',(581.756295567285,-125.975813132124,13.6528989157399));
#1375=CARTESIAN_POINT('Ctrl Pts',(581.761717370542,-126.005317340107,13.6987974969593));
#1376=CARTESIAN_POINT('Ctrl Pts',(581.773076474336,-126.048788333472,13.8075867473951));
#1377=CARTESIAN_POINT('Ctrl Pts',(581.778835530909,-126.06206169357,13.8718313176786));
#1378=CARTESIAN_POINT('Ctrl Pts',(581.778835530909,-126.06206169357,13.941374991523));
#1379=CARTESIAN_POINT('',(582.342104839769,-125.780115599887,25.691374991523));
#1380=CARTESIAN_POINT('',(582.342104839769,-125.780115599887,28.141374991523));
#1381=CARTESIAN_POINT('',(581.778835530909,-126.06206169357,25.691374991523));
#1382=CARTESIAN_POINT('Ctrl Pts',(581.778835530909,-126.06206169357,25.691374991523));
#1383=CARTESIAN_POINT('Ctrl Pts',(581.778835530909,-126.06206169357,25.73380270339));
#1384=CARTESIAN_POINT('Ctrl Pts',(581.776491707011,-126.056535610353,25.7759489183878));
#1385=CARTESIAN_POINT('Ctrl Pts',(581.769099448243,-126.034066384349,25.8574767174333));
#1386=CARTESIAN_POINT('Ctrl Pts',(581.764097496515,-126.017143516106,25.8963452292788));
#1387=CARTESIAN_POINT('Ctrl Pts',(581.75734073159,-125.972998833902,25.9651660402714));
#1388=CARTESIAN_POINT('Ctrl Pts',(581.755510474669,-125.946916187146,25.9947822661871));
#1389=CARTESIAN_POINT('Ctrl Pts',(581.760969448682,-125.889405942897,26.0426864943481));
#1390=CARTESIAN_POINT('Ctrl Pts',(581.767303814311,-125.860006868125,26.0608029840834));
#1391=CARTESIAN_POINT('Ctrl Pts',(581.79115579958,-125.799932827082,26.0889928169372));
#1392=CARTESIAN_POINT('Ctrl Pts',(581.80804607746,-125.770781818325,26.098491488217));
#1393=CARTESIAN_POINT('Ctrl Pts',(581.851036031942,-125.719100867562,26.1110596121052));
#1394=CARTESIAN_POINT('Ctrl Pts',(581.876114984433,-125.696975677256,26.1143179171202));
#1395=CARTESIAN_POINT('Ctrl Pts',(581.932433784592,-125.661396987049,26.1168784993851));
#1396=CARTESIAN_POINT('Ctrl Pts',(581.963336462712,-125.648136554436,26.1161880302566));
#1397=CARTESIAN_POINT('Ctrl Pts',(582.02792208399,-125.631761089732,26.1104061176858));
#1398=CARTESIAN_POINT('Ctrl Pts',(582.061148308091,-125.62885406135,26.1052860624052));
#1399=CARTESIAN_POINT('Ctrl Pts',(582.125655107121,-125.63301362489,26.0883157179748));
#1400=CARTESIAN_POINT('Ctrl Pts',(582.155913919583,-125.639892325644,26.0767394387146));
#1401=CARTESIAN_POINT('Ctrl Pts',(582.216252840985,-125.662325687357,26.0420420111942));
#1402=CARTESIAN_POINT('Ctrl Pts',(582.243239646634,-125.678481072479,26.0181937938189));
#1403=CARTESIAN_POINT('Ctrl Pts',(582.29187814387,-125.715618134853,25.9536354148381));
#1404=CARTESIAN_POINT('Ctrl Pts',(582.310494482916,-125.736522321462,25.910996218357));
#1405=CARTESIAN_POINT('Ctrl Pts',(582.335700709328,-125.76895146503,25.8114249721123));
#1406=CARTESIAN_POINT('Ctrl Pts',(582.342104839769,-125.780115599887,25.7535849695571));
#1407=CARTESIAN_POINT('Ctrl Pts',(582.342104839769,-125.780115599887,25.691374991523));
#1408=CARTESIAN_POINT('',(581.778835530909,-126.06206169357,28.141374991523));
#1409=CARTESIAN_POINT('Origin',(580.45525580953,-122.714206152906,25.691374991523));
#1410=CARTESIAN_POINT('',(577.30525580953,-122.714206152906,26.141374991523));
#1411=CARTESIAN_POINT('Origin',(580.45525580953,-122.714206152906,26.141374991523));
#1412=CARTESIAN_POINT('',(577.078939497363,-122.7142061529,26.0803234802036));
#1413=CARTESIAN_POINT('Origin',(577.30525580953,-122.714206152906,25.691374991523));
#1414=CARTESIAN_POINT('',(576.856675827623,-122.815310622709,25.691374991523));
#1415=CARTESIAN_POINT('Ctrl Pts',(577.078939497363,-122.714206152895,26.0803234802036));
#1416=CARTESIAN_POINT('Ctrl Pts',(577.069432257797,-122.724462592005,26.0747915307041));
#1417=CARTESIAN_POINT('Ctrl Pts',(577.059433462106,-122.733882691209,26.0684802601207));
#1418=CARTESIAN_POINT('Ctrl Pts',(577.022019491997,-122.764968632158,26.0423831674995));
#1419=CARTESIAN_POINT('Ctrl Pts',(576.994418727549,-122.780367733255,26.018492139109));
#1420=CARTESIAN_POINT('Ctrl Pts',(576.937747021793,-122.804041967748,25.9537946340977));
#1421=CARTESIAN_POINT('Ctrl Pts',(576.910263691443,-122.809728439584,25.9110774381961));
#1422=CARTESIAN_POINT('Ctrl Pts',(576.869542156583,-122.815346440168,25.8114062102684));
#1423=CARTESIAN_POINT('Ctrl Pts',(576.856675827622,-122.815310622709,25.7535749075965));
#1424=CARTESIAN_POINT('Ctrl Pts',(576.856675827622,-122.815310622709,25.691374991523));
#1425=CARTESIAN_POINT('',(576.896813801217,-123.259633025617,25.691374991523));
#1426=CARTESIAN_POINT('Origin',(580.45525580953,-122.714206152906,25.691374991523));
#1427=CARTESIAN_POINT('',(577.046351705003,-123.871518904992,25.691374991523));
#1428=CARTESIAN_POINT('Ctrl Pts',(576.896813801217,-123.259633025617,25.691374991523));
#1429=CARTESIAN_POINT('Ctrl Pts',(576.896813801217,-123.259633025617,25.722469490607));
#1430=CARTESIAN_POINT('Ctrl Pts',(576.89999351179,-123.259104956776,25.7534655900753));
#1431=CARTESIAN_POINT('Ctrl Pts',(576.912695607285,-123.257582836355,25.8143462623832));
#1432=CARTESIAN_POINT('Ctrl Pts',(576.922203507747,-123.256597024943,25.8440552041027));
#1433=CARTESIAN_POINT('Ctrl Pts',(576.953341646508,-123.255693020588,25.9143769519983));
#1434=CARTESIAN_POINT('Ctrl Pts',(576.977698305776,-123.256587604107,25.9514529082837));
#1435=CARTESIAN_POINT('Ctrl Pts',(577.030464740101,-123.267133167314,26.0106965596855));
#1436=CARTESIAN_POINT('Ctrl Pts',(577.057749467807,-123.275566576091,26.0339594362525));
#1437=CARTESIAN_POINT('Ctrl Pts',(577.114526440515,-123.30415861369,26.0718575296121));
#1438=CARTESIAN_POINT('Ctrl Pts',(577.142375635855,-123.323540386312,26.0854913678649));
#1439=CARTESIAN_POINT('Ctrl Pts',(577.192491345868,-123.373629807188,26.105001102348));
#1440=CARTESIAN_POINT('Ctrl Pts',(577.213690098962,-123.403262994566,26.1105938850468));
#1441=CARTESIAN_POINT('Ctrl Pts',(577.245820554379,-123.470669660559,26.1167252493104));
#1442=CARTESIAN_POINT('Ctrl Pts',(577.255946456247,-123.508113032295,26.117045154626));
#1443=CARTESIAN_POINT('Ctrl Pts',(577.262157267424,-123.582937568942,26.1124154013865));
#1444=CARTESIAN_POINT('Ctrl Pts',(577.258674747675,-123.619672322744,26.1076316864961));
#1445=CARTESIAN_POINT('Ctrl Pts',(577.240301796059,-123.688117125008,26.0903523406271));
#1446=CARTESIAN_POINT('Ctrl Pts',(577.22605503691,-123.718728548574,26.0782585503429));
#1447=CARTESIAN_POINT('Ctrl Pts',(577.189417027802,-123.774783514555,26.042282517044));
#1448=CARTESIAN_POINT('Ctrl Pts',(577.167602434144,-123.797596171005,26.0184011805367));
#1449=CARTESIAN_POINT('Ctrl Pts',(577.120469727426,-123.836870741498,25.9537423242774));
#1450=CARTESIAN_POINT('Ctrl Pts',(577.095904521109,-123.850393328936,25.9110509219512));
#1451=CARTESIAN_POINT('Ctrl Pts',(577.058658355645,-123.867760328437,25.8114126662564));
#1452=CARTESIAN_POINT('Ctrl Pts',(577.046351705003,-123.871518904992,25.7535783699287));
#1453=CARTESIAN_POINT('Ctrl Pts',(577.046351705003,-123.871518904992,25.691374991523));
#1454=CARTESIAN_POINT('',(577.215672788414,-124.284270434805,25.691374991523));
#1455=CARTESIAN_POINT('Origin',(580.45525580953,-122.714206152906,25.691374991523));
#1456=CARTESIAN_POINT('',(577.538923671801,-124.824894870469,25.691374991523));
#1457=CARTESIAN_POINT('Ctrl Pts',(577.215672788414,-124.284270434805,25.691374991523));
#1458=CARTESIAN_POINT('Ctrl Pts',(577.215672788414,-124.284270434805,25.735015558487));
#1459=CARTESIAN_POINT('Ctrl Pts',(577.221313606137,-124.281352276823,25.7783457467118));
#1460=CARTESIAN_POINT('Ctrl Pts',(577.2444469671,-124.271858518881,25.8620119601739));
#1461=CARTESIAN_POINT('Ctrl Pts',(577.261924470342,-124.265337234197,25.9017765104244));
#1462=CARTESIAN_POINT('Ctrl Pts',(577.307140698254,-124.255506822446,25.9704217713193));
#1463=CARTESIAN_POINT('Ctrl Pts',(577.333238646567,-124.252092339095,25.9992317035303));
#1464=CARTESIAN_POINT('Ctrl Pts',(577.3912493595,-124.254071641846,26.045844214594));
#1465=CARTESIAN_POINT('Ctrl Pts',(577.421122503394,-124.258685915671,26.063420084442));
#1466=CARTESIAN_POINT('Ctrl Pts',(577.482470180937,-124.278936358802,26.0905643188304));
#1467=CARTESIAN_POINT('Ctrl Pts',(577.512420190435,-124.293997282008,26.0996356853436));
#1468=CARTESIAN_POINT('Ctrl Pts',(577.566013769185,-124.333335365155,26.1115160647295));
#1469=CARTESIAN_POINT('Ctrl Pts',(577.589283306455,-124.356584377417,26.1145622212668));
#1470=CARTESIAN_POINT('Ctrl Pts',(577.627764299338,-124.409457800547,26.1168415552844));
#1471=CARTESIAN_POINT('Ctrl Pts',(577.642803551618,-124.438760681958,26.116093132402));
#1472=CARTESIAN_POINT('Ctrl Pts',(577.66344846046,-124.500988134924,26.1103234644391));
#1473=CARTESIAN_POINT('Ctrl Pts',(577.668738373883,-124.533513166282,26.1052408675043));
#1474=CARTESIAN_POINT('Ctrl Pts',(577.669466248124,-124.597900053304,26.0883777679687));
#1475=CARTESIAN_POINT('Ctrl Pts',(577.664857960484,-124.628709021774,26.0767687583018));
#1476=CARTESIAN_POINT('Ctrl Pts',(577.646958617248,-124.690636702607,26.0420066737369));
#1477=CARTESIAN_POINT('Ctrl Pts',(577.632869806451,-124.718738260686,26.018164229423));
#1478=CARTESIAN_POINT('Ctrl Pts',(577.599480926054,-124.769995219312,25.9536213474416));
#1479=CARTESIAN_POINT('Ctrl Pts',(577.580030768032,-124.790116948419,25.9109889680717));
#1480=CARTESIAN_POINT('Ctrl Pts',(577.549578293325,-124.81767416692,25.8114265004311));
#1481=CARTESIAN_POINT('Ctrl Pts',(577.5389236718,-124.824894870469,25.7535857891971));
#1482=CARTESIAN_POINT('Ctrl Pts',(577.5389236718,-124.824894870469,25.691374991523));
#1483=CARTESIAN_POINT('',(577.822382943712,-125.169400742432,25.691374991523));
#1484=CARTESIAN_POINT('Origin',(580.45525580953,-122.714206152906,25.691374991523));
#1485=CARTESIAN_POINT('',(578.290624547148,-125.590726880785,25.691374991523));
#1486=CARTESIAN_POINT('Ctrl Pts',(577.822382943712,-125.169400742432,25.691374991523));
#1487=CARTESIAN_POINT('Ctrl Pts',(577.822382943712,-125.169400742432,25.7366137238457));
#1488=CARTESIAN_POINT('Ctrl Pts',(577.827241653648,-125.164607642277,25.7815006876236));
#1489=CARTESIAN_POINT('Ctrl Pts',(577.848388164417,-125.147357115262,25.8694056601007));
#1490=CARTESIAN_POINT('Ctrl Pts',(577.864750326012,-125.135118716975,25.9101009099952));
#1491=CARTESIAN_POINT('Ctrl Pts',(577.906585707033,-125.112472029261,25.9772487915222));
#1492=CARTESIAN_POINT('Ctrl Pts',(577.930932581501,-125.101907073099,26.0050074422082));
#1493=CARTESIAN_POINT('Ctrl Pts',(577.987579471035,-125.087691549962,26.04993083408));
#1494=CARTESIAN_POINT('Ctrl Pts',(578.017775916636,-125.083907647467,26.0667985804691));
#1495=CARTESIAN_POINT('Ctrl Pts',(578.082234823667,-125.086534413736,26.0925642677188));
#1496=CARTESIAN_POINT('Ctrl Pts',(578.114905415661,-125.09273241827,26.1010782109934));
#1497=CARTESIAN_POINT('Ctrl Pts',(578.176307699965,-125.115326535156,26.1120782557738));
#1498=CARTESIAN_POINT('Ctrl Pts',(578.204496269646,-125.130770764402,26.1148561460821));
#1499=CARTESIAN_POINT('Ctrl Pts',(578.255101649132,-125.169574998793,26.1167864126044));
#1500=CARTESIAN_POINT('Ctrl Pts',(578.277307600042,-125.192671095945,26.1159676006784));
#1501=CARTESIAN_POINT('Ctrl Pts',(578.314394800032,-125.245056772634,26.1102200098398));
#1502=CARTESIAN_POINT('Ctrl Pts',(578.328779901052,-125.274134148025,26.1051870515242));
#1503=CARTESIAN_POINT('Ctrl Pts',(578.348432224104,-125.335126262844,26.0884608843913));
#1504=CARTESIAN_POINT('Ctrl Pts',(578.353144678255,-125.366083386564,26.0768081659535));
#1505=CARTESIAN_POINT('Ctrl Pts',(578.354277570332,-125.430654113068,26.0419595587875));
#1506=CARTESIAN_POINT('Ctrl Pts',(578.349097113856,-125.461636022533,26.0181251162631));
#1507=CARTESIAN_POINT('Ctrl Pts',(578.332304001716,-125.520427193992,25.9536031423876));
#1508=CARTESIAN_POINT('Ctrl Pts',(578.319652545148,-125.545380500521,25.9109795688663));
#1509=CARTESIAN_POINT('Ctrl Pts',(578.298677752511,-125.580686137158,25.8114284497009));
#1510=CARTESIAN_POINT('Ctrl Pts',(578.290624547148,-125.590726880785,25.7535868345932));
#1511=CARTESIAN_POINT('Ctrl Pts',(578.290624547148,-125.590726880785,25.691374991523));
#1512=CARTESIAN_POINT('',(578.663035407311,-125.836376236337,25.691374991523));
#1513=CARTESIAN_POINT('Origin',(580.45525580953,-122.714206152906,25.691374991523));
#1514=CARTESIAN_POINT('',(579.234662409486,-126.100967401026,25.691374991523));
#1515=CARTESIAN_POINT('Ctrl Pts',(578.663035407311,-125.836376236337,25.691374991523));
#1516=CARTESIAN_POINT('Ctrl Pts',(578.663035407311,-125.836376236337,25.7332017030114));
#1517=CARTESIAN_POINT('Ctrl Pts',(578.665817730967,-125.831248870617,25.7747604569007));
#1518=CARTESIAN_POINT('Ctrl Pts',(578.678386349038,-125.811989491916,25.8552233493191));
#1519=CARTESIAN_POINT('Ctrl Pts',(578.688183639081,-125.797904358027,25.8936412228371));
#1520=CARTESIAN_POINT('Ctrl Pts',(578.717750187512,-125.765497257311,25.9625382729531));
#1521=CARTESIAN_POINT('Ctrl Pts',(578.736808493175,-125.747725954973,25.9925566058921));
#1522=CARTESIAN_POINT('Ctrl Pts',(578.784839135914,-125.715876712816,26.0411041234543));
#1523=CARTESIAN_POINT('Ctrl Pts',(578.811601973667,-125.702324946337,26.0594895999295));
#1524=CARTESIAN_POINT('Ctrl Pts',(578.873299941031,-125.68304283599,26.0881970140171));
#1525=CARTESIAN_POINT('Ctrl Pts',(578.906653000954,-125.677805911846,26.0979085821772));
#1526=CARTESIAN_POINT('Ctrl Pts',(578.974220409661,-125.678728082448,26.1108236089));
#1527=CARTESIAN_POINT('Ctrl Pts',(579.007450931562,-125.684390311348,26.1141898028429));
#1528=CARTESIAN_POINT('Ctrl Pts',(579.071050227678,-125.706145978447,26.1168951295442));
#1529=CARTESIAN_POINT('Ctrl Pts',(579.101037762863,-125.722111977358,26.1162348657115));
#1530=CARTESIAN_POINT('Ctrl Pts',(579.154592995874,-125.762644969401,26.1104483913923));
#1531=CARTESIAN_POINT('Ctrl Pts',(579.177732414444,-125.786946528511,26.1053098523786));
#1532=CARTESIAN_POINT('Ctrl Pts',(579.214749593254,-125.840094899207,26.0882852676908));
#1533=CARTESIAN_POINT('Ctrl Pts',(579.228208420007,-125.867989292833,26.0767250735906));
#1534=CARTESIAN_POINT('Ctrl Pts',(579.248282921663,-125.929107762379,26.042059385389));
#1535=CARTESIAN_POINT('Ctrl Pts',(579.252480964048,-125.96028776245,26.0182084049833));
#1536=CARTESIAN_POINT('Ctrl Pts',(579.253773547678,-126.021480571826,25.9536424676264));
#1537=CARTESIAN_POINT('Ctrl Pts',(579.249036615608,-126.049072155361,25.9109998490749));
#1538=CARTESIAN_POINT('Ctrl Pts',(579.239397904649,-126.088999884059,25.8114241984498));
#1539=CARTESIAN_POINT('Ctrl Pts',(579.234662409486,-126.100967401026,25.7535845546412));
#1540=CARTESIAN_POINT('Ctrl Pts',(579.234662409486,-126.100967401026,25.691374991523));
#1541=CARTESIAN_POINT('',(579.662934518676,-126.22593321691,25.691374991523));
#1542=CARTESIAN_POINT('Origin',(580.45525580953,-122.714206152906,25.691374991523));
#1543=CARTESIAN_POINT('',(580.287155351903,-126.310279321815,25.691374991523));
#1544=CARTESIAN_POINT('Ctrl Pts',(579.662934518676,-126.22593321691,25.691374991523));
#1545=CARTESIAN_POINT('Ctrl Pts',(579.662934518676,-126.22593321691,25.722757708887));
#1546=CARTESIAN_POINT('Ctrl Pts',(579.663616247189,-126.222721466382,25.7540389755338));
#1547=CARTESIAN_POINT('Ctrl Pts',(579.666906527017,-126.21011466995,25.8154582664581));
#1548=CARTESIAN_POINT('Ctrl Pts',(579.669517623455,-126.200736802126,25.8454153831915));
#1549=CARTESIAN_POINT('Ctrl Pts',(579.680243572662,-126.171094445924,25.9158259867033));
#1550=CARTESIAN_POINT('Ctrl Pts',(579.690087587259,-126.148671821396,25.952758006244));
#1551=CARTESIAN_POINT('Ctrl Pts',(579.719508747882,-126.103230697911,26.0118767786204));
#1552=CARTESIAN_POINT('Ctrl Pts',(579.737575972578,-126.080802698536,26.0350951281105));
#1553=CARTESIAN_POINT('Ctrl Pts',(579.785336632315,-126.038514312197,26.0726505451066));
#1554=CARTESIAN_POINT('Ctrl Pts',(579.813601090764,-126.019869053071,26.0860778082367));
#1555=CARTESIAN_POINT('Ctrl Pts',(579.877119225521,-125.99250842958,26.1048682711623));
#1556=CARTESIAN_POINT('Ctrl Pts',(579.910779141707,-125.983938272889,26.1102883997808));
#1557=CARTESIAN_POINT('Ctrl Pts',(579.983590074111,-125.977998839863,26.1166253437193));
#1558=CARTESIAN_POINT('Ctrl Pts',(580.022271684506,-125.981862766143,26.1170815682651));
#1559=CARTESIAN_POINT('Ctrl Pts',(580.095743243491,-126.003099983278,26.1126741593968));
#1560=CARTESIAN_POINT('Ctrl Pts',(580.129908124484,-126.020241071973,26.1078180388607));
#1561=CARTESIAN_POINT('Ctrl Pts',(580.187563969475,-126.063031807423,26.0902012793768));
#1562=CARTESIAN_POINT('Ctrl Pts',(580.210637060603,-126.087282345811,26.0781777349299));
#1563=CARTESIAN_POINT('Ctrl Pts',(580.249326462209,-126.141667608852,26.0423579512432));
#1564=CARTESIAN_POINT('Ctrl Pts',(580.262613099525,-126.17033392066,26.0184690808782));
#1565=CARTESIAN_POINT('Ctrl Pts',(580.281977695269,-126.228601465494,25.9537810403327));
#1566=CARTESIAN_POINT('Ctrl Pts',(580.285593500511,-126.256426655438,25.9110705673985));
#1567=CARTESIAN_POINT('Ctrl Pts',(580.288152609589,-126.297451268474,25.8114079226063));
#1568=CARTESIAN_POINT('Ctrl Pts',(580.287155351903,-126.310279321815,25.7535758259186));
#1569=CARTESIAN_POINT('Ctrl Pts',(580.287155351903,-126.310279321815,25.691374991523));
#1570=CARTESIAN_POINT('',(580.733234853779,-126.303457836887,25.691374991523));
#1571=CARTESIAN_POINT('Origin',(580.45525580953,-122.714206152906,25.691374991523));
#1572=CARTESIAN_POINT('',(581.354584757678,-126.200064360439,25.691374991523));
#1573=CARTESIAN_POINT('Ctrl Pts',(580.733234853779,-126.303457836887,25.691374991523));
#1574=CARTESIAN_POINT('Ctrl Pts',(580.733234853779,-126.303457836887,25.7549690094931));
#1575=CARTESIAN_POINT('Ctrl Pts',(580.731768700897,-126.29008879315,25.8140035641831));
#1576=CARTESIAN_POINT('Ctrl Pts',(580.733212491519,-126.250279436108,25.9083117929468));
#1577=CARTESIAN_POINT('Ctrl Pts',(580.735595538625,-126.226285735572,25.9462912996033));
#1578=CARTESIAN_POINT('Ctrl Pts',(580.749337966467,-126.174587163272,26.0069865196313));
#1579=CARTESIAN_POINT('Ctrl Pts',(580.759391516068,-126.147948322966,26.0308814627264));
#1580=CARTESIAN_POINT('Ctrl Pts',(580.791348601883,-126.093188074337,26.0698048084901));
#1581=CARTESIAN_POINT('Ctrl Pts',(580.812299220796,-126.066660650388,26.083864939425));
#1582=CARTESIAN_POINT('Ctrl Pts',(580.865749071587,-126.019302750694,26.1042906387867));
#1583=CARTESIAN_POINT('Ctrl Pts',(580.897238968073,-125.999657749878,26.1101936348456));
#1584=CARTESIAN_POINT('Ctrl Pts',(580.967364187843,-125.971811642294,26.1166524910269));
#1585=CARTESIAN_POINT('Ctrl Pts',(581.005483275511,-125.964202517405,26.1170742784789));
#1586=CARTESIAN_POINT('Ctrl Pts',(581.081588765386,-125.963041895019,26.1126077688468));
#1587=CARTESIAN_POINT('Ctrl Pts',(581.118923219366,-125.969321893296,26.1077733624679));
#1588=CARTESIAN_POINT('Ctrl Pts',(581.186404006763,-125.993080990588,26.0902567865423));
#1589=CARTESIAN_POINT('Ctrl Pts',(581.215673842936,-126.009481741783,26.0782187731014));
#1590=CARTESIAN_POINT('Ctrl Pts',(581.268724168634,-126.050082693077,26.0423682587492));
#1591=CARTESIAN_POINT('Ctrl Pts',(581.289867129188,-126.073552101035,26.0184881698123));
#1592=CARTESIAN_POINT('Ctrl Pts',(581.325545188578,-126.123512297991,25.9538241188001));
#1593=CARTESIAN_POINT('Ctrl Pts',(581.337204692698,-126.149032566687,25.9111293432982));
#1594=CARTESIAN_POINT('Ctrl Pts',(581.351754052688,-126.187499742833,25.8114654182439));
#1595=CARTESIAN_POINT('Ctrl Pts',(581.354584757678,-126.200064360439,25.7536070184131));
#1596=CARTESIAN_POINT('Ctrl Pts',(581.354584757678,-126.200064360439,25.691374991523));
#1597=CARTESIAN_POINT('Origin',(580.45525580953,-122.714206152906,25.691374991523));
#1598=CARTESIAN_POINT('',(582.706830341361,-125.523193893643,25.691374991523));
#1599=CARTESIAN_POINT('Origin',(580.45525580953,-122.714206152906,25.691374991523));
#1600=CARTESIAN_POINT('',(583.161970105224,-125.087747330448,25.691374991523));
#1601=CARTESIAN_POINT('Ctrl Pts',(582.706830341361,-125.523193893643,25.691374991523));
#1602=CARTESIAN_POINT('Ctrl Pts',(582.706830341361,-125.523193893643,25.7366754184969));
#1603=CARTESIAN_POINT('Ctrl Pts',(582.702401265106,-125.517976710682,25.7816224002759));
#1604=CARTESIAN_POINT('Ctrl Pts',(582.686740971199,-125.495537187322,25.869637277992));
#1605=CARTESIAN_POINT('Ctrl Pts',(582.675735023007,-125.478256558587,25.9103752963182));
#1606=CARTESIAN_POINT('Ctrl Pts',(582.65627381127,-125.434758042717,25.9775100582361));
#1607=CARTESIAN_POINT('Ctrl Pts',(582.647574605444,-125.409675105467,26.0052283902535));
#1608=CARTESIAN_POINT('Ctrl Pts',(582.637672993047,-125.352103260944,26.050086865557));
#1609=CARTESIAN_POINT('Ctrl Pts',(582.636181141848,-125.32169926369,26.0669273678724));
#1610=CARTESIAN_POINT('Ctrl Pts',(582.643669877,-125.257627685007,26.0926398509742));
#1611=CARTESIAN_POINT('Ctrl Pts',(582.652314856541,-125.225529786425,26.1011324209271));
#1612=CARTESIAN_POINT('Ctrl Pts',(582.679459508677,-125.166045707173,26.1120990852808));
#1613=CARTESIAN_POINT('Ctrl Pts',(582.696966937462,-125.139125298685,26.1148668746194));
#1614=CARTESIAN_POINT('Ctrl Pts',(582.73942364328,-125.091627157936,26.116784145004));
#1615=CARTESIAN_POINT('Ctrl Pts',(582.764094038476,-125.071238298936,26.1159627491936));
#1616=CARTESIAN_POINT('Ctrl Pts',(582.819064036255,-125.038203855084,26.1102161413494));
#1617=CARTESIAN_POINT('Ctrl Pts',(582.849117608412,-125.026040313588,26.1051851049116));
#1618=CARTESIAN_POINT('Ctrl Pts',(582.911395822073,-125.011000684282,26.0884641264642));
#1619=CARTESIAN_POINT('Ctrl Pts',(582.942624817106,-125.008613937662,26.0768097068812));
#1620=CARTESIAN_POINT('Ctrl Pts',(583.007104202832,-125.01231057602,26.0419577276343));
#1621=CARTESIAN_POINT('Ctrl Pts',(583.037611408411,-125.01979178077,26.0181236028566));
#1622=CARTESIAN_POINT('Ctrl Pts',(583.094982084214,-125.040931155601,25.9536024470414));
#1623=CARTESIAN_POINT('Ctrl Pts',(583.118919896304,-125.055411840605,25.9109792095037));
#1624=CARTESIAN_POINT('Ctrl Pts',(583.152559242635,-125.078966286315,25.8114285235268));
#1625=CARTESIAN_POINT('Ctrl Pts',(583.161970105224,-125.087747330448,25.7535868741854));
#1626=CARTESIAN_POINT('Ctrl Pts',(583.161970105224,-125.087747330448,25.691374991523));
#1627=CARTESIAN_POINT('',(583.434762873787,-124.734735205912,25.691374991523));
#1628=CARTESIAN_POINT('Origin',(580.45525580953,-122.714206152906,25.691374991523));
#1629=CARTESIAN_POINT('',(583.741331927285,-124.184479511271,25.691374991523));
#1630=CARTESIAN_POINT('Ctrl Pts',(583.434762873787,-124.734735205912,25.691374991523));
#1631=CARTESIAN_POINT('Ctrl Pts',(583.434762873787,-124.734735205912,25.7345625486992));
#1632=CARTESIAN_POINT('Ctrl Pts',(583.429527653058,-124.731377103186,25.7774507631439));
#1633=CARTESIAN_POINT('Ctrl Pts',(583.410123959163,-124.71642457811,25.8603199283509));
#1634=CARTESIAN_POINT('Ctrl Pts',(583.396008249212,-124.704817897604,25.899751919834));
#1635=CARTESIAN_POINT('Ctrl Pts',(583.365133980761,-124.671169002426,25.968466171293));
#1636=CARTESIAN_POINT('Ctrl Pts',(583.349051607951,-124.650414526608,25.9975764301031));
#1637=CARTESIAN_POINT('Ctrl Pts',(583.321534873062,-124.599423465662,26.0446703998371));
#1638=CARTESIAN_POINT('Ctrl Pts',(583.310448197874,-124.57136456842,26.0624478575035));
#1639=CARTESIAN_POINT('Ctrl Pts',(583.29693622255,-124.508173789716,26.0899827583856));
#1640=CARTESIAN_POINT('Ctrl Pts',(583.294804698173,-124.474651682041,26.0992133347281));
#1641=CARTESIAN_POINT('Ctrl Pts',(583.301756283108,-124.408250160298,26.1113486398269));
#1642=CARTESIAN_POINT('Ctrl Pts',(583.310167991147,-124.376235659916,26.1144731659786));
#1643=CARTESIAN_POINT('Ctrl Pts',(583.336699668108,-124.315965545309,26.1168558696892));
#1644=CARTESIAN_POINT('Ctrl Pts',(583.354634757733,-124.28803410036,26.1161286280313));
#1645=CARTESIAN_POINT('Ctrl Pts',(583.398415690305,-124.238700447329,26.1103539195099));
#1646=CARTESIAN_POINT('Ctrl Pts',(583.424046737272,-124.217755011427,26.1052573083363));
#1647=CARTESIAN_POINT('Ctrl Pts',(583.479533605678,-124.184903055457,26.0883544942363));
#1648=CARTESIAN_POINT('Ctrl Pts',(583.508477989142,-124.173508847641,26.0767577526591));
#1649=CARTESIAN_POINT('Ctrl Pts',(583.571025205269,-124.158049188428,26.0420199152581));
#1650=CARTESIAN_POINT('Ctrl Pts',(583.60241271899,-124.156197996433,26.0181752840679));
#1651=CARTESIAN_POINT('Ctrl Pts',(583.663505521895,-124.159484359205,25.9536265760156));
#1652=CARTESIAN_POINT('Ctrl Pts',(583.690658863272,-124.166268355276,25.9109916641679));
#1653=CARTESIAN_POINT('Ctrl Pts',(583.729751415424,-124.178862747578,25.8114259346663));
#1654=CARTESIAN_POINT('Ctrl Pts',(583.741331927285,-124.184479511271,25.7535854857764));
#1655=CARTESIAN_POINT('Ctrl Pts',(583.741331927285,-124.184479511271,25.691374991523));
#1656=CARTESIAN_POINT('',(583.897953128203,-123.766743644876,25.691374991523));
#1657=CARTESIAN_POINT('Origin',(580.45525580953,-122.714206152906,25.691374991523));
#1658=CARTESIAN_POINT('',(584.028711465577,-123.150571452015,25.691374991523));
#1659=CARTESIAN_POINT('Ctrl Pts',(583.897953128203,-123.766743644876,25.691374991523));
#1660=CARTESIAN_POINT('Ctrl Pts',(583.897953128203,-123.766743644876,25.7215597469486));
#1661=CARTESIAN_POINT('Ctrl Pts',(583.89503833098,-123.765889474736,25.7516552898832));
#1662=CARTESIAN_POINT('Ctrl Pts',(583.883619371785,-123.762006312833,25.8108298227097));
#1663=CARTESIAN_POINT('Ctrl Pts',(583.87513002129,-123.758976592306,25.8397491391287));
#1664=CARTESIAN_POINT('Ctrl Pts',(583.847568600023,-123.746902035233,25.9100223549575));
#1665=CARTESIAN_POINT('Ctrl Pts',(583.826083884496,-123.735812344999,25.9477356936071));
#1666=CARTESIAN_POINT('Ctrl Pts',(583.783047039783,-123.703958305569,26.0079839689248));
#1667=CARTESIAN_POINT('Ctrl Pts',(583.762002417179,-123.68479908655,26.0316817785949));
#1668=CARTESIAN_POINT('Ctrl Pts',(583.72284647853,-123.634894917883,26.0703404540924));
#1669=CARTESIAN_POINT('Ctrl Pts',(583.705881368067,-123.605579941485,26.0843020140918));
#1670=CARTESIAN_POINT('Ctrl Pts',(583.681700362459,-123.538753195424,26.1044209840724));
#1671=CARTESIAN_POINT('Ctrl Pts',(583.675072190022,-123.502673657599,26.1102276900736));
#1672=CARTESIAN_POINT('Ctrl Pts',(583.674764784492,-123.427205214303,26.1166905606568));
#1673=CARTESIAN_POINT('Ctrl Pts',(583.68177269587,-123.388487219468,26.1170885088847));
#1674=CARTESIAN_POINT('Ctrl Pts',(583.708765580818,-123.317414856001,26.1124952558525));
#1675=CARTESIAN_POINT('Ctrl Pts',(583.728019704412,-123.285457654898,26.1076880963786));
#1676=CARTESIAN_POINT('Ctrl Pts',(583.774495099744,-123.231578909662,26.0903042824681));
#1677=CARTESIAN_POINT('Ctrl Pts',(583.800545600718,-123.210244894289,26.0782328510112));
#1678=CARTESIAN_POINT('Ctrl Pts',(583.857810991955,-123.175666285236,26.0423065628704));
#1679=CARTESIAN_POINT('Ctrl Pts',(583.887372053834,-123.164571760686,26.0184226281206));
#1680=CARTESIAN_POINT('Ctrl Pts',(583.946892396462,-123.149630096416,25.9537543042042));
#1681=CARTESIAN_POINT('Ctrl Pts',(583.974897642233,-123.14810469828,25.9110570049035));
#1682=CARTESIAN_POINT('Ctrl Pts',(584.015993090211,-123.148618213645,25.8114112057333));
#1683=CARTESIAN_POINT('Ctrl Pts',(584.028711465577,-123.150571452015,25.7535775866524));
#1684=CARTESIAN_POINT('Ctrl Pts',(584.028711465577,-123.150571452015,25.691374991523));
#1685=CARTESIAN_POINT('',(584.055244617826,-122.705229508693,25.691374991523));
#1686=CARTESIAN_POINT('Origin',(580.45525580953,-122.714206152906,25.691374991523));
#1687=CARTESIAN_POINT('',(583.998573786977,-122.077890420976,25.691374991523));
#1688=CARTESIAN_POINT('Ctrl Pts',(584.055244617826,-122.705229508693,25.691374991523));
#1689=CARTESIAN_POINT('Ctrl Pts',(584.055244617826,-122.705229508693,25.7227794041624));
#1690=CARTESIAN_POINT('Ctrl Pts',(584.051957153102,-122.705279690658,25.7540821336208));
#1691=CARTESIAN_POINT('Ctrl Pts',(584.038916479378,-122.704876076186,25.8155417829218));
#1692=CARTESIAN_POINT('Ctrl Pts',(584.029179531977,-122.704415953958,25.8455174021159));
#1693=CARTESIAN_POINT('Ctrl Pts',(583.997856379873,-122.700545072595,25.9159574021746));
#1694=CARTESIAN_POINT('Ctrl Pts',(583.9737819632,-122.695926600618,25.9528958414262));
#1695=CARTESIAN_POINT('Ctrl Pts',(583.922851024468,-122.677301616557,26.0120615354324));
#1696=CARTESIAN_POINT('Ctrl Pts',(583.896901725526,-122.664625746608,26.0353032298235));
#1697=CARTESIAN_POINT('Ctrl Pts',(583.845012779469,-122.627359183067,26.0728167780866));
#1698=CARTESIAN_POINT('Ctrl Pts',(583.820576371486,-122.603925889593,26.0862043605218));
#1699=CARTESIAN_POINT('Ctrl Pts',(583.779788513837,-122.547987913608,26.104957368414));
#1700=CARTESIAN_POINT('Ctrl Pts',(583.763951319444,-122.516981080649,26.1103610382291));
#1701=CARTESIAN_POINT('Ctrl Pts',(583.742070571979,-122.447218629286,26.1166432688783));
#1702=CARTESIAN_POINT('Ctrl Pts',(583.737301751144,-122.408660499444,26.1170758026575));
#1703=CARTESIAN_POINT('Ctrl Pts',(583.741777859612,-122.332423551935,26.1126227723388));
#1704=CARTESIAN_POINT('Ctrl Pts',(583.750911247549,-122.295401198636,26.1077532032435));
#1705=CARTESIAN_POINT('Ctrl Pts',(583.779773184024,-122.229877052877,26.0901445257984));
#1706=CARTESIAN_POINT('Ctrl Pts',(583.798228608312,-122.202081416641,26.0781472386073));
#1707=CARTESIAN_POINT('Ctrl Pts',(583.842577063224,-122.152315753482,26.0423858428018));
#1708=CARTESIAN_POINT('Ctrl Pts',(583.867575094405,-122.132974080322,26.0184945963549));
#1709=CARTESIAN_POINT('Ctrl Pts',(583.920086703919,-122.101116566292,25.9537960959089));
#1710=CARTESIAN_POINT('Ctrl Pts',(583.946416176213,-122.091397182367,25.9110781760283));
#1711=CARTESIAN_POINT('Ctrl Pts',(583.985845866889,-122.079772625331,25.81140602437));
#1712=CARTESIAN_POINT('Ctrl Pts',(583.998573786977,-122.077890420976,25.7535748079005));
#1713=CARTESIAN_POINT('Ctrl Pts',(583.998573786977,-122.077890420976,25.691374991523));
#1714=CARTESIAN_POINT('',(583.892661303542,-121.644512986743,25.691374991523));
#1715=CARTESIAN_POINT('Origin',(580.45525580953,-122.714206152906,25.691374991523));
#1716=CARTESIAN_POINT('',(583.653596756486,-121.061748835144,25.691374991523));
#1717=CARTESIAN_POINT('Ctrl Pts',(583.892661303542,-121.644512986743,25.691374991523));
#1718=CARTESIAN_POINT('Ctrl Pts',(583.892661303542,-121.644512986743,25.731044579103));
#1719=CARTESIAN_POINT('Ctrl Pts',(583.887685720236,-121.64617899936,25.7704908140702));
#1720=CARTESIAN_POINT('Ctrl Pts',(583.867614074262,-121.65130456494,25.847102908047));
#1721=CARTESIAN_POINT('Ctrl Pts',(583.852541311403,-121.654731640644,25.8838683934246));
#1722=CARTESIAN_POINT('Ctrl Pts',(583.811689348115,-121.659016274879,25.9529816370418));
#1723=CARTESIAN_POINT('Ctrl Pts',(583.785973252427,-121.659731535449,25.9844561965842));
#1724=CARTESIAN_POINT('Ctrl Pts',(583.729388501093,-121.651874451467,26.0353304174697));
#1725=CARTESIAN_POINT('Ctrl Pts',(583.700595597882,-121.644460872059,26.054687780886));
#1726=CARTESIAN_POINT('Ctrl Pts',(583.641560517777,-121.61822864877,26.0852480358211));
#1727=CARTESIAN_POINT('Ctrl Pts',(583.612881323555,-121.60005065619,26.0957287459505));
#1728=CARTESIAN_POINT('Ctrl Pts',(583.561964292934,-121.553885348518,26.1099209971287));
#1729=CARTESIAN_POINT('Ctrl Pts',(583.540313841014,-121.526864368197,26.1136896911924));
#1730=CARTESIAN_POINT('Ctrl Pts',(583.50645717461,-121.466333979919,26.1169449483386));
#1731=CARTESIAN_POINT('Ctrl Pts',(583.494553437296,-121.433175651202,26.1164014786329));
#1732=CARTESIAN_POINT('Ctrl Pts',(583.482161315463,-121.365171085006,26.110607312309));
#1733=CARTESIAN_POINT('Ctrl Pts',(583.481660355096,-121.330867668148,26.1054029339583));
#1734=CARTESIAN_POINT('Ctrl Pts',(583.490842998292,-121.266263231341,26.0881774623507));
#1735=CARTESIAN_POINT('Ctrl Pts',(583.499901368156,-121.236865172925,26.0766743254802));
#1736=CARTESIAN_POINT('Ctrl Pts',(583.526670751419,-121.178538021336,26.0421210458494));
#1737=CARTESIAN_POINT('Ctrl Pts',(583.54481313229,-121.152798371231,26.0182606701796));
#1738=CARTESIAN_POINT('Ctrl Pts',(583.585509126606,-121.107027950602,25.9536682399252));
#1739=CARTESIAN_POINT('Ctrl Pts',(583.607757826867,-121.09001643936,25.911013091454));
#1740=CARTESIAN_POINT('Ctrl Pts',(583.64198599503,-121.067300430132,25.8114213278107));
#1741=CARTESIAN_POINT('Ctrl Pts',(583.653596756486,-121.061748835144,25.7535830151148));
#1742=CARTESIAN_POINT('Ctrl Pts',(583.653596756486,-121.061748835144,25.691374991523));
#1743=CARTESIAN_POINT('',(583.424649426309,-120.678843396877,25.691374991523));
#1744=CARTESIAN_POINT('Origin',(580.45525580953,-122.714206152906,25.691374991523));
#1745=CARTESIAN_POINT('',(583.02443309717,-120.192435333685,25.691374991523));
#1746=CARTESIAN_POINT('Ctrl Pts',(583.424649426309,-120.678843396876,25.691374991523));
#1747=CARTESIAN_POINT('Ctrl Pts',(583.424649426309,-120.678843396876,25.7364347450151));
#1748=CARTESIAN_POINT('Ctrl Pts',(583.419173333148,-120.682825840141,25.7811475602169));
#1749=CARTESIAN_POINT('Ctrl Pts',(583.395881975671,-120.696635004915,25.8687334979553));
#1750=CARTESIAN_POINT('Ctrl Pts',(583.378026982809,-120.70623788488,25.9093043734317));
#1751=CARTESIAN_POINT('Ctrl Pts',(583.333537749223,-120.722402500634,25.9764898789609));
#1752=CARTESIAN_POINT('Ctrl Pts',(583.307926956648,-120.729272190274,26.0043656089311));
#1753=CARTESIAN_POINT('Ctrl Pts',(583.249846184404,-120.735008754307,26.0494774467517));
#1754=CARTESIAN_POINT('Ctrl Pts',(583.21944441492,-120.734323643343,26.0664242670841));
#1755=CARTESIAN_POINT('Ctrl Pts',(583.15605518077,-120.722267966921,26.0923443137285));
#1756=CARTESIAN_POINT('Ctrl Pts',(583.124616337402,-120.71133224629,26.1009203264709));
#1757=CARTESIAN_POINT('Ctrl Pts',(583.067094587348,-120.679899778149,26.1120174657652));
#1758=CARTESIAN_POINT('Ctrl Pts',(583.041421018456,-120.660419082121,26.1148247662677));
#1759=CARTESIAN_POINT('Ctrl Pts',(582.996977998754,-120.614432024884,26.1167929342979));
#1760=CARTESIAN_POINT('Ctrl Pts',(582.978382645023,-120.588218476127,26.115981673862));
#1761=CARTESIAN_POINT('Ctrl Pts',(582.949426781519,-120.530764947473,26.1102312853799));
#1762=CARTESIAN_POINT('Ctrl Pts',(582.939515573481,-120.499815782448,26.1051927538499));
#1763=CARTESIAN_POINT('Ctrl Pts',(582.929176305969,-120.43654110593,26.0884514936596));
#1764=CARTESIAN_POINT('Ctrl Pts',(582.929131641593,-120.405245702076,26.0768037043634));
#1765=CARTESIAN_POINT('Ctrl Pts',(582.937631336308,-120.341240262609,26.0419648658877));
#1766=CARTESIAN_POINT('Ctrl Pts',(582.947371882882,-120.311373809768,26.0181295052589));
#1767=CARTESIAN_POINT('Ctrl Pts',(582.97274077098,-120.255738891842,25.9536051627187));
#1768=CARTESIAN_POINT('Ctrl Pts',(582.988970537564,-120.23294913128,25.9109806128492));
#1769=CARTESIAN_POINT('Ctrl Pts',(583.014973380049,-120.201163631052,25.8114282349369));
#1770=CARTESIAN_POINT('Ctrl Pts',(583.02443309717,-120.192435333685,25.7535867194145));
#1771=CARTESIAN_POINT('Ctrl Pts',(583.02443309717,-120.192435333685,25.691374991523));
#1772=CARTESIAN_POINT('',(582.692793895256,-119.894024719926,25.691374991523));
#1773=CARTESIAN_POINT('Origin',(580.45525580953,-122.714206152906,25.691374991523));
#1774=CARTESIAN_POINT('',(582.166986761198,-119.547192236122,25.691374991523));
#1775=CARTESIAN_POINT('Ctrl Pts',(582.692793895256,-119.894024719926,25.691374991523));
#1776=CARTESIAN_POINT('Ctrl Pts',(582.692793895256,-119.894024719926,25.7355699165935));
#1777=CARTESIAN_POINT('Ctrl Pts',(582.68888375263,-119.899233919648,25.779440545254));
#1778=CARTESIAN_POINT('Ctrl Pts',(582.671426433877,-119.918582519295,25.8654807986102));
#1779=CARTESIAN_POINT('Ctrl Pts',(582.657785533169,-119.932535150476,25.9054444415825));
#1780=CARTESIAN_POINT('Ctrl Pts',(582.621205376856,-119.960750052259,25.9728026712046));
#1781=CARTESIAN_POINT('Ctrl Pts',(582.599010411299,-119.975040707347,26.0012464701065));
#1782=CARTESIAN_POINT('Ctrl Pts',(582.545617555129,-119.998125149223,26.0472714248471));
#1783=CARTESIAN_POINT('Ctrl Pts',(582.516569043202,-120.00673727534,26.0646011373072));
#1784=CARTESIAN_POINT('Ctrl Pts',(582.452476283331,-120.014641605903,26.0912671904207));
#1785=CARTESIAN_POINT('Ctrl Pts',(582.419049717553,-120.013828764102,26.1001444192179));
#1786=CARTESIAN_POINT('Ctrl Pts',(582.35412488805,-120.001285561491,26.111716053161));
#1787=CARTESIAN_POINT('Ctrl Pts',(582.323373722456,-119.990354281038,26.114667710258));
#1788=CARTESIAN_POINT('Ctrl Pts',(582.266383390102,-119.95944521459,26.1168232307916));
#1789=CARTESIAN_POINT('Ctrl Pts',(582.240421699323,-119.939688817303,26.1160496322685));
#1790=CARTESIAN_POINT('Ctrl Pts',(582.195214235066,-119.89287151147,26.1102868735646));
#1791=CARTESIAN_POINT('Ctrl Pts',(582.176448715327,-119.866002959462,26.1052214613538));
#1792=CARTESIAN_POINT('Ctrl Pts',(582.147881545488,-119.808418768379,26.0884064153243));
#1793=CARTESIAN_POINT('Ctrl Pts',(582.138645932225,-119.778609132318,26.0767823211455));
#1794=CARTESIAN_POINT('Ctrl Pts',(582.127902798399,-119.71500675426,26.0419904011667));
#1795=CARTESIAN_POINT('Ctrl Pts',(582.128405030417,-119.683583314156,26.018150682121));
#1796=CARTESIAN_POINT('Ctrl Pts',(582.136247963861,-119.622926014514,25.9536149903768));
#1797=CARTESIAN_POINT('Ctrl Pts',(582.145040606012,-119.596360635944,25.9109856880141));
#1798=CARTESIAN_POINT('Ctrl Pts',(582.160520145392,-119.558320861668,25.8114271847156));
#1799=CARTESIAN_POINT('Ctrl Pts',(582.166986761198,-119.547192236122,25.7535861561793));
#1800=CARTESIAN_POINT('Ctrl Pts',(582.166986761198,-119.547192236122,25.691374991523));
#1801=CARTESIAN_POINT('',(581.762123286012,-119.359791539458,25.691374991523));
#1802=CARTESIAN_POINT('Origin',(580.45525580953,-122.714206152906,25.691374991523));
#1803=CARTESIAN_POINT('',(581.157445618363,-119.183352223278,25.691374991523));
#1804=CARTESIAN_POINT('Ctrl Pts',(581.762123286012,-119.359791539458,25.691374991523));
#1805=CARTESIAN_POINT('Ctrl Pts',(581.762123286012,-119.359791539458,25.7238036203097));
#1806=CARTESIAN_POINT('Ctrl Pts',(581.760895624792,-119.363075421445,25.7561191352939));
#1807=CARTESIAN_POINT('Ctrl Pts',(581.755391852867,-119.375843901247,25.8194897079959));
#1808=CARTESIAN_POINT('Ctrl Pts',(581.751115243059,-119.385308959847,25.8503435012034));
#1809=CARTESIAN_POINT('Ctrl Pts',(581.735283115472,-119.413948784988,25.9207114557846));
#1810=CARTESIAN_POINT('Ctrl Pts',(581.721904741635,-119.43464752644,25.9568534798083));
#1811=CARTESIAN_POINT('Ctrl Pts',(581.685604027072,-119.474878508296,26.0146292046461));
#1812=CARTESIAN_POINT('Ctrl Pts',(581.664262584819,-119.494073713916,26.0372594520138));
#1813=CARTESIAN_POINT('Ctrl Pts',(581.610454265483,-119.528266894448,26.0740369906583));
#1814=CARTESIAN_POINT('Ctrl Pts',(581.579460968904,-119.542237123526,26.0871889346647));
#1815=CARTESIAN_POINT('Ctrl Pts',(581.511099803565,-119.559466782796,26.1058155803269));
#1816=CARTESIAN_POINT('Ctrl Pts',(581.475178694577,-119.562474157993,26.1111026965165));
#1817=CARTESIAN_POINT('Ctrl Pts',(581.4019901745,-119.555838497675,26.1167675407871));
#1818=CARTESIAN_POINT('Ctrl Pts',(581.365364471591,-119.545798684262,26.1169783497242));
#1819=CARTESIAN_POINT('Ctrl Pts',(581.298825803297,-119.514060962798,26.1123018093684));
#1820=CARTESIAN_POINT('Ctrl Pts',(581.269262158007,-119.492972667882,26.1075531926342));
#1821=CARTESIAN_POINT('Ctrl Pts',(581.219407510623,-119.443176916537,26.0904230549306));
#1822=CARTESIAN_POINT('Ctrl Pts',(581.199933071857,-119.415427115256,26.0782963093248));
#1823=CARTESIAN_POINT('Ctrl Pts',(581.169672628089,-119.355570744642,26.042246911485));
#1824=CARTESIAN_POINT('Ctrl Pts',(581.160831564541,-119.325286324565,26.0183696947047));
#1825=CARTESIAN_POINT('Ctrl Pts',(581.150393153214,-119.264853213263,25.9537250790973));
#1826=CARTESIAN_POINT('Ctrl Pts',(581.150964849624,-119.236825797013,25.9110421489736));
#1827=CARTESIAN_POINT('Ctrl Pts',(581.154547201606,-119.195889829265,25.8114147399661));
#1828=CARTESIAN_POINT('Ctrl Pts',(581.157445618363,-119.183352223278,25.7535794820557));
#1829=CARTESIAN_POINT('Ctrl Pts',(581.157445618363,-119.183352223278,25.691374991523));
#1830=CARTESIAN_POINT('',(580.715331766389,-119.123612818001,25.691374991523));
#1831=CARTESIAN_POINT('Origin',(580.45525580953,-122.714206152906,25.691374991523));
#1832=CARTESIAN_POINT('',(580.085511829504,-119.133244076978,25.691374991523));
#1833=CARTESIAN_POINT('Ctrl Pts',(580.715331766389,-119.123612818001,25.691374991523));
#1834=CARTESIAN_POINT('Ctrl Pts',(580.715331766389,-119.123612818001,25.7227944406415));
#1835=CARTESIAN_POINT('Ctrl Pts',(580.715135994602,-119.126897987519,25.7541120452326));
#1836=CARTESIAN_POINT('Ctrl Pts',(580.713757286609,-119.139884323366,25.815599838439));
#1837=CARTESIAN_POINT('Ctrl Pts',(580.712569241291,-119.149568779974,25.8455884435473));
#1838=CARTESIAN_POINT('Ctrl Pts',(580.706361827422,-119.180529189432,25.916023282143));
#1839=CARTESIAN_POINT('Ctrl Pts',(580.699954035917,-119.204189239149,25.9529468095235));
#1840=CARTESIAN_POINT('Ctrl Pts',(580.67757522095,-119.253570936897,26.0120815430046));
#1841=CARTESIAN_POINT('Ctrl Pts',(580.663000647211,-119.278487113375,26.0353092205642));
#1842=CARTESIAN_POINT('Ctrl Pts',(580.621972195006,-119.327434127433,26.0728146596196));
#1843=CARTESIAN_POINT('Ctrl Pts',(580.596777646211,-119.350052299948,26.0862031800979));
#1844=CARTESIAN_POINT('Ctrl Pts',(580.537960212724,-119.386538841946,26.1049527258039));
#1845=CARTESIAN_POINT('Ctrl Pts',(580.505872918711,-119.400010734174,26.1103557092005));
#1846=CARTESIAN_POINT('Ctrl Pts',(580.434685728123,-119.416625246456,26.1166419052286));
#1847=CARTESIAN_POINT('Ctrl Pts',(580.39587567498,-119.418505030829,26.1170763596342));
#1848=CARTESIAN_POINT('Ctrl Pts',(580.320187983524,-119.408354106767,26.112627422417));
#1849=CARTESIAN_POINT('Ctrl Pts',(580.28395575135,-119.396487283117,26.1077613621503));
#1850=CARTESIAN_POINT('Ctrl Pts',(580.220748468238,-119.362811826613,26.0901569495202));
#1851=CARTESIAN_POINT('Ctrl Pts',(580.194389844826,-119.342317766244,26.0781539232336));
#1852=CARTESIAN_POINT('Ctrl Pts',(580.148066400808,-119.29435944264,26.0423797651674));
#1853=CARTESIAN_POINT('Ctrl Pts',(580.130648814363,-119.267987558072,26.0184890171696));
#1854=CARTESIAN_POINT('Ctrl Pts',(580.102807116176,-119.213245312753,25.9537927805621));
#1855=CARTESIAN_POINT('Ctrl Pts',(580.095082965917,-119.186264605192,25.9110765023577));
#1856=CARTESIAN_POINT('Ctrl Pts',(580.086437616685,-119.146077157832,25.8114064454895));
#1857=CARTESIAN_POINT('Ctrl Pts',(580.085511829504,-119.133244076978,25.7535750337451));
#1858=CARTESIAN_POINT('Ctrl Pts',(580.085511829504,-119.133244076978,25.691374991523));
#1859=CARTESIAN_POINT('',(579.645431356675,-119.20647407141,25.691374991523));
#1860=CARTESIAN_POINT('Origin',(580.45525580953,-122.714206152906,25.691374991523));
#1861=CARTESIAN_POINT('',(579.046431415865,-119.401320125918,25.691374991523));
#1862=CARTESIAN_POINT('Ctrl Pts',(579.645431356675,-119.20647407141,25.691374991523));
#1863=CARTESIAN_POINT('Ctrl Pts',(579.645431356675,-119.20647407141,25.7251004823968));
#1864=CARTESIAN_POINT('Ctrl Pts',(579.64633978071,-119.210155602643,25.7586970504529));
#1865=CARTESIAN_POINT('Ctrl Pts',(579.649159372166,-119.224916175916,25.8244737152925));
#1866=CARTESIAN_POINT('Ctrl Pts',(579.651056717601,-119.235977380222,25.8564248460704));
#1867=CARTESIAN_POINT('Ctrl Pts',(579.653894280569,-119.270134026996,25.9268090482967));
#1868=CARTESIAN_POINT('Ctrl Pts',(579.654172851508,-119.295029096014,25.9620451666536));
#1869=CARTESIAN_POINT('Ctrl Pts',(579.646087188566,-119.3489662968,26.0184007414653));
#1870=CARTESIAN_POINT('Ctrl Pts',(579.638820807568,-119.376882765063,26.0404216930602));
#1871=CARTESIAN_POINT('Ctrl Pts',(579.612716916744,-119.435218296283,26.0761041493802));
#1872=CARTESIAN_POINT('Ctrl Pts',(579.594512611171,-119.463976714818,26.0887866155827));
#1873=CARTESIAN_POINT('Ctrl Pts',(579.547232141058,-119.515729941521,26.1065674929694));
#1874=CARTESIAN_POINT('Ctrl Pts',(579.519263646472,-119.53782411376,26.1115665739192));
#1875=CARTESIAN_POINT('Ctrl Pts',(579.455689855109,-119.572299534163,26.1167994480094));
#1876=CARTESIAN_POINT('Ctrl Pts',(579.420419081676,-119.584113917853,26.1169100795121));
#1877=CARTESIAN_POINT('Ctrl Pts',(579.348803555943,-119.594888525391,26.112195295801));
#1878=CARTESIAN_POINT('Ctrl Pts',(579.313050095279,-119.594081021363,26.1074815409383));
#1879=CARTESIAN_POINT('Ctrl Pts',(579.2441641072,-119.581162107221,26.0904921138332));
#1880=CARTESIAN_POINT('Ctrl Pts',(579.212312067615,-119.569166961401,26.0783331311818));
#1881=CARTESIAN_POINT('Ctrl Pts',(579.153509154837,-119.536696206154,26.042211898498));
#1882=CARTESIAN_POINT('Ctrl Pts',(579.129158914694,-119.516661513089,26.0183390245537));
#1883=CARTESIAN_POINT('Ctrl Pts',(579.086509814371,-119.47262320466,25.953708648691));
#1884=CARTESIAN_POINT('Ctrl Pts',(579.071198036728,-119.44915008278,25.9110337712446));
#1885=CARTESIAN_POINT('Ctrl Pts',(579.051099463224,-119.413312323552,25.8114166823112));
#1886=CARTESIAN_POINT('Ctrl Pts',(579.046431415865,-119.401320125918,25.7535805237338));
#1887=CARTESIAN_POINT('Ctrl Pts',(579.046431415865,-119.401320125918,25.691374991523));
#1888=CARTESIAN_POINT('',(578.647487403453,-119.601012713688,25.691374991523));
#1889=CARTESIAN_POINT('Origin',(580.45525580953,-122.714206152906,25.691374991523));
#1890=CARTESIAN_POINT('',(578.132531232127,-119.963760636716,25.691374991523));
#1891=CARTESIAN_POINT('Ctrl Pts',(578.647487403453,-119.601012713688,25.691374991523));
#1892=CARTESIAN_POINT('Ctrl Pts',(578.647487403453,-119.601012713688,25.7358858850156));
#1893=CARTESIAN_POINT('Ctrl Pts',(578.65095930596,-119.606633942232,25.7800643426374));
#1894=CARTESIAN_POINT('Ctrl Pts',(578.662737129034,-119.630294060065,25.8666701084128));
#1895=CARTESIAN_POINT('Ctrl Pts',(578.670828485316,-119.648353318568,25.9068567996767));
#1896=CARTESIAN_POINT('Ctrl Pts',(578.683693188493,-119.693154350252,25.9741536583343));
#1897=CARTESIAN_POINT('Ctrl Pts',(578.688794032845,-119.719098964116,26.0023894654133));
#1898=CARTESIAN_POINT('Ctrl Pts',(578.690557661078,-119.777312731524,26.0480803177741));
#1899=CARTESIAN_POINT('Ctrl Pts',(578.687831339185,-119.80752879319,26.0652699823686));
#1900=CARTESIAN_POINT('Ctrl Pts',(578.671517544937,-119.869994590201,26.0916634659292));
#1901=CARTESIAN_POINT('Ctrl Pts',(578.658443260789,-119.90071153814,26.1004304026252));
#1902=CARTESIAN_POINT('Ctrl Pts',(578.622953880485,-119.956260409579,26.1118276590758));
#1903=CARTESIAN_POINT('Ctrl Pts',(578.601565919243,-119.980714999813,26.1147261425481));
#1904=CARTESIAN_POINT('Ctrl Pts',(578.552121823505,-120.022152298844,26.1168123990882));
#1905=CARTESIAN_POINT('Ctrl Pts',(578.524372521724,-120.03896738643,26.1160248141083));
#1906=CARTESIAN_POINT('Ctrl Pts',(578.464510014173,-120.063799500591,26.110266352432));
#1907=CARTESIAN_POINT('Ctrl Pts',(578.432739916455,-120.071421581055,26.1052107514356));
#1908=CARTESIAN_POINT('Ctrl Pts',(578.368762333724,-120.076986017394,26.0884228288294));
#1909=CARTESIAN_POINT('Ctrl Pts',(578.337607110371,-120.074692273952,26.0767901008212));
#1910=CARTESIAN_POINT('Ctrl Pts',(578.274454345961,-120.061447839664,26.0419810927274));
#1911=CARTESIAN_POINT('Ctrl Pts',(578.245391209999,-120.049500977515,26.0181429510234));
#1912=CARTESIAN_POINT('Ctrl Pts',(578.191797890531,-120.020041717848,25.9536113871912));
#1913=CARTESIAN_POINT('Ctrl Pts',(578.170282479572,-120.002152481096,25.9109838278832));
#1914=CARTESIAN_POINT('Ctrl Pts',(578.140528109081,-119.973846051438,25.8114275708369));
#1915=CARTESIAN_POINT('Ctrl Pts',(578.132531232127,-119.963760636716,25.7535863632568));
#1916=CARTESIAN_POINT('Ctrl Pts',(578.132531232127,-119.963760636716,25.691374991523));
#1917=CARTESIAN_POINT('',(577.810171606372,-120.272172255065,25.691374991523));
#1918=CARTESIAN_POINT('Origin',(580.45525580953,-122.714206152906,25.691374991523));
#1919=CARTESIAN_POINT('',(577.425015320201,-120.770590301759,25.691374991523));
#1920=CARTESIAN_POINT('Ctrl Pts',(577.810171606372,-120.272172255065,25.691374991523));
#1921=CARTESIAN_POINT('Ctrl Pts',(577.810171606372,-120.272172255065,25.736248169955));
#1922=CARTESIAN_POINT('Ctrl Pts',(577.815229521969,-120.276589229062,25.7807793921624));
#1923=CARTESIAN_POINT('Ctrl Pts',(577.833733048011,-120.296053983238,25.8680324454706));
#1924=CARTESIAN_POINT('Ctrl Pts',(577.846972838667,-120.311188282959,25.9084731924821));
#1925=CARTESIAN_POINT('Ctrl Pts',(577.872578273359,-120.350706386318,25.9756972298027));
#1926=CARTESIAN_POINT('Ctrl Pts',(577.885017579503,-120.374094983852,26.0036951863593));
#1927=CARTESIAN_POINT('Ctrl Pts',(577.903646357336,-120.429361471601,26.0490036592045));
#1928=CARTESIAN_POINT('Ctrl Pts',(577.90981315333,-120.459114535027,26.0660329696957));
#1929=CARTESIAN_POINT('Ctrl Pts',(577.912325724815,-120.523603888326,26.0921139426342));
#1930=CARTESIAN_POINT('Ctrl Pts',(577.908736741198,-120.55673033528,26.1007547597249));
#1931=CARTESIAN_POINT('Ctrl Pts',(577.890994978301,-120.619964504275,26.1119535192798));
#1932=CARTESIAN_POINT('Ctrl Pts',(577.877731957657,-120.6494340934,26.1147916475836));
#1933=CARTESIAN_POINT('Ctrl Pts',(577.842756328286,-120.703202588034,26.1167996421774));
#1934=CARTESIAN_POINT('Ctrl Pts',(577.821289596768,-120.727261378728,26.1159963419249));
#1935=CARTESIAN_POINT('Ctrl Pts',(577.77161327782,-120.76839749181,26.1102431230974));
#1936=CARTESIAN_POINT('Ctrl Pts',(577.743596674992,-120.784980282969,26.1051987854208));
#1937=CARTESIAN_POINT('Ctrl Pts',(577.684172817639,-120.809145238597,26.0884417273009));
#1938=CARTESIAN_POINT('Ctrl Pts',(577.653690271901,-120.816147177464,26.0767990669878));
#1939=CARTESIAN_POINT('Ctrl Pts',(577.589412228159,-120.822104031898,26.0419703900515));
#1940=CARTESIAN_POINT('Ctrl Pts',(577.558124308263,-120.8192538945,26.0181340782133));
#1941=CARTESIAN_POINT('Ctrl Pts',(577.49823561114,-120.806900766297,25.9536072737203));
#1942=CARTESIAN_POINT('Ctrl Pts',(577.472404875965,-120.796148761444,25.9109817034511));
#1943=CARTESIAN_POINT('Ctrl Pts',(577.435629725568,-120.77787058596,25.8114280101247));
#1944=CARTESIAN_POINT('Ctrl Pts',(577.425015320201,-120.770590301759,25.7535865988482));
#1945=CARTESIAN_POINT('Ctrl Pts',(577.425015320201,-120.770590301759,25.691374991523));
#1946=CARTESIAN_POINT('',(577.207883148502,-121.160317224955,25.691374991523));
#1947=CARTESIAN_POINT('Origin',(580.45525580953,-122.714206152906,25.691374991523));
#1948=CARTESIAN_POINT('',(576.986749573742,-121.750118764594,25.691374991523));
#1949=CARTESIAN_POINT('Ctrl Pts',(577.207883148502,-121.160317224955,25.691374991523));
#1950=CARTESIAN_POINT('Ctrl Pts',(577.207883148502,-121.160317224955,25.7296043503422));
#1951=CARTESIAN_POINT('Ctrl Pts',(577.212319432607,-121.162333131789,25.767636865174));
#1952=CARTESIAN_POINT('Ctrl Pts',(577.229269031426,-121.171472256558,25.8416532680182));
#1953=CARTESIAN_POINT('Ctrl Pts',(577.241747485933,-121.178600326184,25.8772861956474));
#1954=CARTESIAN_POINT('Ctrl Pts',(577.273466107326,-121.201720442438,25.9464947141485));
#1955=CARTESIAN_POINT('Ctrl Pts',(577.292899862782,-121.218214140167,25.9789517541921));
#1956=CARTESIAN_POINT('Ctrl Pts',(577.329512311327,-121.261617133392,26.0313950394499));
#1957=CARTESIAN_POINT('Ctrl Pts',(577.345921562737,-121.286202019683,26.0514073384754));
#1958=CARTESIAN_POINT('Ctrl Pts',(577.372360978069,-121.34506382617,26.0831989106414));
#1959=CARTESIAN_POINT('Ctrl Pts',(577.381631495555,-121.37780957762,26.0941963397195));
#1960=CARTESIAN_POINT('Ctrl Pts',(577.388775182889,-121.446856433719,26.1092680977208));
#1961=CARTESIAN_POINT('Ctrl Pts',(577.386735787602,-121.48199775573,26.1133189839876));
#1962=CARTESIAN_POINT('Ctrl Pts',(577.370845443337,-121.550953578456,26.1169689221274));
#1963=CARTESIAN_POINT('Ctrl Pts',(577.356938512759,-121.584251307366,26.1165109787752));
#1964=CARTESIAN_POINT('Ctrl Pts',(577.319269053908,-121.643804897123,26.110719675191));
#1965=CARTESIAN_POINT('Ctrl Pts',(577.29598613978,-121.669709008313,26.1054718349265));
#1966=CARTESIAN_POINT('Ctrl Pts',(577.245002047981,-121.710987250341,26.0881065600203));
#1967=CARTESIAN_POINT('Ctrl Pts',(577.218480513013,-121.726299847272,26.0766409485016));
#1968=CARTESIAN_POINT('Ctrl Pts',(577.159284457051,-121.750824439661,26.0421615068392));
#1969=CARTESIAN_POINT('Ctrl Pts',(577.128460061652,-121.75736093405,26.0182953560352));
#1970=CARTESIAN_POINT('Ctrl Pts',(577.067470330036,-121.763239384494,25.9536858573824));
#1971=CARTESIAN_POINT('Ctrl Pts',(577.039582035232,-121.76057614421,25.9110221203134));
#1972=CARTESIAN_POINT('Ctrl Pts',(576.999036486724,-121.753946338716,25.8114193248185));
#1973=CARTESIAN_POINT('Ctrl Pts',(576.986749573742,-121.750118764594,25.7535819409099));
#1974=CARTESIAN_POINT('Ctrl Pts',(576.986749573742,-121.750118764594,25.691374991523));
#1975=CARTESIAN_POINT('',(576.894138002425,-122.186532045222,25.691374991523));
#1976=CARTESIAN_POINT('Origin',(580.45525580953,-122.714206152906,25.691374991523));
#1977=CARTESIAN_POINT('Ctrl Pts',(576.894138002425,-122.186532045222,25.691374991523));
#1978=CARTESIAN_POINT('Ctrl Pts',(576.894138002425,-122.186532045222,25.7227860823757));
#1979=CARTESIAN_POINT('Ctrl Pts',(576.897397617086,-122.18697256178,25.7540954184113));
#1980=CARTESIAN_POINT('Ctrl Pts',(576.910237867344,-122.189316436477,25.8155675674629));
#1981=CARTESIAN_POINT('Ctrl Pts',(576.919801470352,-122.191223632577,25.8455489542539));
#1982=CARTESIAN_POINT('Ctrl Pts',(576.950203884685,-122.1997231346,25.9159866802042));
#1983=CARTESIAN_POINT('Ctrl Pts',(576.973320123967,-122.20787946439,25.9529185100056));
#1984=CARTESIAN_POINT('Ctrl Pts',(577.020899715048,-122.233886749383,26.0120704990037));
#1985=CARTESIAN_POINT('Ctrl Pts',(577.044664258137,-122.250285942424,26.0353059900705));
#1986=CARTESIAN_POINT('Ctrl Pts',(577.090414445653,-122.294864427868,26.072815892519));
#1987=CARTESIAN_POINT('Ctrl Pts',(577.111085860583,-122.321678337112,26.0862038587297));
#1988=CARTESIAN_POINT('Ctrl Pts',(577.14307832446,-122.383065006986,26.1049553265814));
#1989=CARTESIAN_POINT('Ctrl Pts',(577.15411613945,-122.416078628793,26.110358694366));
#1990=CARTESIAN_POINT('Ctrl Pts',(577.165359089988,-122.488316591329,26.1166426694738));
#1991=CARTESIAN_POINT('Ctrl Pts',(577.164330267509,-122.527156481563,26.1170760479853));
#1992=CARTESIAN_POINT('Ctrl Pts',(577.148546005644,-122.601874414877,26.1126248184629));
#1993=CARTESIAN_POINT('Ctrl Pts',(577.134000256851,-122.637120459471,26.1077567952548));
#1994=CARTESIAN_POINT('Ctrl Pts',(577.103593376809,-122.685146488629,26.0937804020948));
#1995=CARTESIAN_POINT('Ctrl Pts',(577.091709481101,-122.700429855395,26.0877539130505));
#1996=CARTESIAN_POINT('Ctrl Pts',(577.078939497363,-122.714206152895,26.0803234802036));
#1997=CARTESIAN_POINT('Origin',(580.45525580953,-122.714206152906,26.141374991523));
#1998=CARTESIAN_POINT('',(582.706830341361,-125.523193893643,13.941374991523));
#1999=CARTESIAN_POINT('Origin',(580.45525580953,-122.714206152906,13.941374991523));
#2000=CARTESIAN_POINT('',(582.706830341361,-125.523193893643,28.141374991523));
#2001=CARTESIAN_POINT('Origin',(580.45525580953,-122.714206152906,13.941374991523));
#2002=CARTESIAN_POINT('',(583.55525580953,-122.714206152906,13.441374991523));
#2003=CARTESIAN_POINT('Origin',(580.45525580953,-122.714206152906,13.441374991523));
#2004=CARTESIAN_POINT('',(584.05525580953,-122.714206152906,13.941374991523));
#2005=CARTESIAN_POINT('Origin',(583.55525580953,-122.714206152906,13.941374991523));
#2006=CARTESIAN_POINT('',(584.028711465577,-123.150571452015,13.941374991523));
#2007=CARTESIAN_POINT('Origin',(580.45525580953,-122.714206152906,13.941374991523));
#2008=CARTESIAN_POINT('',(583.897953128203,-123.766743644876,13.941374991523));
#2009=CARTESIAN_POINT('Ctrl Pts',(584.028711465577,-123.150571452015,13.941374991523));
#2010=CARTESIAN_POINT('Ctrl Pts',(584.028711465577,-123.150571452015,13.8889180262294));
#2011=CARTESIAN_POINT('Ctrl Pts',(584.020550619667,-123.149290472705,13.8369443141146));
#2012=CARTESIAN_POINT('Ctrl Pts',(583.987939407423,-123.147916981033,13.7364616422582));
#2013=CARTESIAN_POINT('Ctrl Pts',(583.96393357318,-123.148134369728,13.6908306099418));
#2014=CARTESIAN_POINT('Ctrl Pts',(583.907019359298,-123.158407478661,13.6133220353645));
#2015=CARTESIAN_POINT('Ctrl Pts',(583.875598634634,-123.16799381144,13.5825069048751));
#2016=CARTESIAN_POINT('Ctrl Pts',(583.816288861194,-123.199263441385,13.5369333892206));
#2017=CARTESIAN_POINT('Ctrl Pts',(583.789126527998,-123.218715872879,13.5209809574661));
#2018=CARTESIAN_POINT('Ctrl Pts',(583.739949287046,-123.269277865932,13.497391271185));
#2019=CARTESIAN_POINT('Ctrl Pts',(583.71906889403,-123.299239551949,13.4901611988563));
#2020=CARTESIAN_POINT('Ctrl Pts',(583.688298373893,-123.366331028572,13.482129706395));
#2021=CARTESIAN_POINT('Ctrl Pts',(583.678802514431,-123.402765423257,13.4813819659448));
#2022=CARTESIAN_POINT('Ctrl Pts',(583.673129618335,-123.474909996569,13.4859230848673));
#2023=CARTESIAN_POINT('Ctrl Pts',(583.676332963045,-123.509967099537,13.4909102409245));
#2024=CARTESIAN_POINT('Ctrl Pts',(583.693726344703,-123.577805462487,13.5087872882572));
#2025=CARTESIAN_POINT('Ctrl Pts',(583.708037724664,-123.609119680905,13.5217645593263));
#2026=CARTESIAN_POINT('Ctrl Pts',(583.744324893579,-123.66521982164,13.5589637299988));
#2027=CARTESIAN_POINT('Ctrl Pts',(583.766299506364,-123.688823840438,13.5834114018013));
#2028=CARTESIAN_POINT('Ctrl Pts',(583.816343652726,-123.730526100125,13.652682516189));
#2029=CARTESIAN_POINT('Ctrl Pts',(583.842876627582,-123.744731306361,13.6986848383744));
#2030=CARTESIAN_POINT('Ctrl Pts',(583.883989967628,-123.762971689448,13.8076101180945));
#2031=CARTESIAN_POINT('Ctrl Pts',(583.897953128203,-123.766743644876,13.8718438917977));
#2032=CARTESIAN_POINT('Ctrl Pts',(583.897953128203,-123.766743644876,13.941374991523));
#2033=CARTESIAN_POINT('',(583.741331927285,-124.184479511271,13.941374991523));
#2034=CARTESIAN_POINT('Origin',(580.45525580953,-122.714206152906,13.941374991523));
#2035=CARTESIAN_POINT('',(583.434762873787,-124.734735205912,13.941374991523));
#2036=CARTESIAN_POINT('Ctrl Pts',(583.741331927285,-124.184479511271,13.941374991523));
#2037=CARTESIAN_POINT('Ctrl Pts',(583.741331927285,-124.184479511271,13.9051712762702));
#2038=CARTESIAN_POINT('Ctrl Pts',(583.737767742026,-124.182817165733,13.869100241477));
#2039=CARTESIAN_POINT('Ctrl Pts',(583.723292272461,-124.177014858864,13.7983703364036));
#2040=CARTESIAN_POINT('Ctrl Pts',(583.71239145453,-124.172889923059,13.7639422161708));
#2041=CARTESIAN_POINT('Ctrl Pts',(583.677950197814,-124.163312243721,13.6876483902067));
#2042=CARTESIAN_POINT('Ctrl Pts',(583.652436031159,-124.158244151413,13.6493717498533));
#2043=CARTESIAN_POINT('Ctrl Pts',(583.596368776862,-124.156596864638,13.5888228869047));
#2044=CARTESIAN_POINT('Ctrl Pts',(583.567206186277,-124.158854291748,13.5651611869108));
#2045=CARTESIAN_POINT('Ctrl Pts',(583.505025166074,-124.174503295955,13.5268529164921));
#2046=CARTESIAN_POINT('Ctrl Pts',(583.47374149507,-124.187282678261,13.5129431482387));
#2047=CARTESIAN_POINT('Ctrl Pts',(583.415446641965,-124.224153981682,13.4933832589694));
#2048=CARTESIAN_POINT('Ctrl Pts',(583.389399972625,-124.247026823069,13.4876585058558));
#2049=CARTESIAN_POINT('Ctrl Pts',(583.345176544827,-124.301462189483,13.4817362103818));
#2050=CARTESIAN_POINT('Ctrl Pts',(583.327523999591,-124.332674301415,13.4816360309344));
#2051=CARTESIAN_POINT('Ctrl Pts',(583.303654433186,-124.398680343714,13.4871138386958));
#2052=CARTESIAN_POINT('Ctrl Pts',(583.297469456284,-124.432857195212,13.492600199943));
#2053=CARTESIAN_POINT('Ctrl Pts',(583.296027877655,-124.498925763117,13.5107429058432));
#2054=CARTESIAN_POINT('Ctrl Pts',(583.300327284472,-124.529783203327,13.5228710632317));
#2055=CARTESIAN_POINT('Ctrl Pts',(583.317590209938,-124.591870942672,13.5584595347388));
#2056=CARTESIAN_POINT('Ctrl Pts',(583.331829807851,-124.621372309374,13.5832051648208));
#2057=CARTESIAN_POINT('Ctrl Pts',(583.367561429136,-124.676177946335,13.6529152054371));
#2058=CARTESIAN_POINT('Ctrl Pts',(583.388656431356,-124.697495901518,13.698806047265));
#2059=CARTESIAN_POINT('Ctrl Pts',(583.422527053672,-124.72701224568,13.8075851126471));
#2060=CARTESIAN_POINT('Ctrl Pts',(583.434762873787,-124.734735205912,13.8718304381307));
#2061=CARTESIAN_POINT('Ctrl Pts',(583.434762873787,-124.734735205912,13.941374991523));
#2062=CARTESIAN_POINT('',(583.161970105224,-125.087747330448,13.941374991523));
#2063=CARTESIAN_POINT('Origin',(580.45525580953,-122.714206152906,13.941374991523));
#2064=CARTESIAN_POINT('Ctrl Pts',(583.161970105224,-125.087747330448,13.941374991523));
#2065=CARTESIAN_POINT('Ctrl Pts',(583.161970105224,-125.087747330448,13.902647395733));
#2066=CARTESIAN_POINT('Ctrl Pts',(583.15864099324,-125.084718946688,13.8640867168964));
#2067=CARTESIAN_POINT('Ctrl Pts',(583.144728686992,-125.073580133399,13.7886877354125));
#2068=CARTESIAN_POINT('Ctrl Pts',(583.134150059813,-125.065492167198,13.7521393484357));
#2069=CARTESIAN_POINT('Ctrl Pts',(583.101149671531,-125.045279914579,13.6759235352933));
#2070=CARTESIAN_POINT('Ctrl Pts',(583.077617180805,-125.033348166222,13.639463379321));
#2071=CARTESIAN_POINT('Ctrl Pts',(583.023667863043,-125.016436753379,13.5817188085879));
#2072=CARTESIAN_POINT('Ctrl Pts',(582.994796894638,-125.010748315736,13.5592218626341));
#2073=CARTESIAN_POINT('Ctrl Pts',(582.93064098121,-125.009065778848,13.523001916847));
#2074=CARTESIAN_POINT('Ctrl Pts',(582.89714309361,-125.012974734756,13.5099757722476));
#2075=CARTESIAN_POINT('Ctrl Pts',(582.831937894632,-125.032467504472,13.4919783268375));
#2076=CARTESIAN_POINT('Ctrl Pts',(582.801352433691,-125.047026274982,13.4868036816163));
#2077=CARTESIAN_POINT('Ctrl Pts',(582.745480484474,-125.08589570999,13.4816920479005));
#2078=CARTESIAN_POINT('Ctrl Pts',(582.720663158412,-125.109941826353,13.4817879197766));
#2079=CARTESIAN_POINT('Ctrl Pts',(582.680056611739,-125.164531526386,13.487325918334));
#2080=CARTESIAN_POINT('Ctrl Pts',(582.664555372496,-125.194606375387,13.4927340361145));
#2081=CARTESIAN_POINT('Ctrl Pts',(582.64379654168,-125.256713931949,13.5106366619389));
#2082=CARTESIAN_POINT('Ctrl Pts',(582.638763029302,-125.287689218258,13.5228342625961));
#2083=CARTESIAN_POINT('Ctrl Pts',(582.636988552606,-125.352267619115,13.5585526605005));
#2084=CARTESIAN_POINT('Ctrl Pts',(582.641904234161,-125.384614178948,13.5832879167553));
#2085=CARTESIAN_POINT('Ctrl Pts',(582.659888148752,-125.447455739623,13.6529598884797));
#2086=CARTESIAN_POINT('Ctrl Pts',(582.673753588171,-125.474026396739,13.698829550084));
#2087=CARTESIAN_POINT('Ctrl Pts',(582.697413847834,-125.512206740454,13.8075807161277));
#2088=CARTESIAN_POINT('Ctrl Pts',(582.706830341361,-125.523193893643,13.8718280726608));
#2089=CARTESIAN_POINT('Ctrl Pts',(582.706830341361,-125.523193893643,13.941374991523));
#2090=CARTESIAN_POINT('',(581.354584757678,-126.200064360439,13.941374991523));
#2091=CARTESIAN_POINT('Origin',(580.45525580953,-122.714206152906,13.941374991523));
#2092=CARTESIAN_POINT('',(580.733234853779,-126.303457836887,13.941374991523));
#2093=CARTESIAN_POINT('Ctrl Pts',(581.354584757678,-126.200064360439,13.941374991523));
#2094=CARTESIAN_POINT('Ctrl Pts',(581.354584757678,-126.200064360439,13.8790662742967));
#2095=CARTESIAN_POINT('Ctrl Pts',(581.351996134404,-126.188739933505,13.8210694649258));
#2096=CARTESIAN_POINT('Ctrl Pts',(581.339334742485,-126.154188393831,13.7209284684658));
#2097=CARTESIAN_POINT('Ctrl Pts',(581.3294345697,-126.131443617444,13.6774776833436));
#2098=CARTESIAN_POINT('Ctrl Pts',(581.297235788592,-126.082323757339,13.6039621066899));
#2099=CARTESIAN_POINT('Ctrl Pts',(581.276019683285,-126.057207009133,13.5750087674967));
#2100=CARTESIAN_POINT('Ctrl Pts',(581.226198833313,-126.01663784871,13.5338759424016));
#2101=CARTESIAN_POINT('Ctrl Pts',(581.200398188813,-126.000575579305,13.5198045086133));
#2102=CARTESIAN_POINT('Ctrl Pts',(581.138515771361,-125.974610707027,13.4973735995512));
#2103=CARTESIAN_POINT('Ctrl Pts',(581.102998083597,-125.966129064524,13.4901493780619));
#2104=CARTESIAN_POINT('Ctrl Pts',(581.029315297516,-125.96201314755,13.4821276007138));
#2105=CARTESIAN_POINT('Ctrl Pts',(580.991941036956,-125.966489758597,13.4813827749072));
#2106=CARTESIAN_POINT('Ctrl Pts',(580.922797142079,-125.987549161316,13.4859226596056));
#2107=CARTESIAN_POINT('Ctrl Pts',(580.891398917361,-126.003295875873,13.4908954579431));
#2108=CARTESIAN_POINT('Ctrl Pts',(580.834520537447,-126.044280816433,13.5087618592212));
#2109=CARTESIAN_POINT('Ctrl Pts',(580.810509430772,-126.069144478991,13.5217887532765));
#2110=CARTESIAN_POINT('Ctrl Pts',(580.771575107467,-126.123451479984,13.5590457252959));
#2111=CARTESIAN_POINT('Ctrl Pts',(580.757675773677,-126.152442512062,13.5834313228343));
#2112=CARTESIAN_POINT('Ctrl Pts',(580.737144190829,-126.214197958265,13.6525974336006));
#2113=CARTESIAN_POINT('Ctrl Pts',(580.733608003995,-126.244101659207,13.6986014001142));
#2114=CARTESIAN_POINT('Ctrl Pts',(580.731643008697,-126.289069031755,13.8075523445457));
#2115=CARTESIAN_POINT('Ctrl Pts',(580.733234853779,-126.303457836887,13.8718124678646));
#2116=CARTESIAN_POINT('Ctrl Pts',(580.733234853779,-126.303457836887,13.941374991523));
#2117=CARTESIAN_POINT('',(580.287155351903,-126.310279321815,13.941374991523));
#2118=CARTESIAN_POINT('Origin',(580.45525580953,-122.714206152906,13.941374991523));
#2119=CARTESIAN_POINT('',(579.662934518676,-126.22593321691,13.941374991523));
#2120=CARTESIAN_POINT('Ctrl Pts',(580.287155351903,-126.310279321815,13.941374991523));
#2121=CARTESIAN_POINT('Ctrl Pts',(580.287155351903,-126.310279321815,13.8791550046451));
#2122=CARTESIAN_POINT('Ctrl Pts',(580.28801651634,-126.298727785932,13.8212346349205));
#2123=CARTESIAN_POINT('Ctrl Pts',(580.286114296854,-126.262036105893,13.7211009994576));
#2124=CARTESIAN_POINT('Ctrl Pts',(580.2833659484,-126.237378310885,13.6776059235342));
#2125=CARTESIAN_POINT('Ctrl Pts',(580.267088644865,-126.180944755277,13.6040473356325));
#2126=CARTESIAN_POINT('Ctrl Pts',(580.254231010398,-126.150695640024,13.5750845379922));
#2127=CARTESIAN_POINT('Ctrl Pts',(580.218569016474,-126.097187716833,13.5338890396432));
#2128=CARTESIAN_POINT('Ctrl Pts',(580.198603683897,-126.074178783812,13.5197855866));
#2129=CARTESIAN_POINT('Ctrl Pts',(580.147048835723,-126.031094447848,13.4973475474319));
#2130=CARTESIAN_POINT('Ctrl Pts',(580.115603531671,-126.012532023573,13.4901312890146));
#2131=CARTESIAN_POINT('Ctrl Pts',(580.046407199465,-125.986906567928,13.4821234254601));
#2132=CARTESIAN_POINT('Ctrl Pts',(580.009379185663,-125.980180579391,13.4813836717572));
#2133=CARTESIAN_POINT('Ctrl Pts',(579.937157656337,-125.979943092877,13.4859293141814));
#2134=CARTESIAN_POINT('Ctrl Pts',(579.902563116093,-125.985727710048,13.4908963182722));
#2135=CARTESIAN_POINT('Ctrl Pts',(579.836077524289,-126.008129956244,13.5087659573768));
#2136=CARTESIAN_POINT('Ctrl Pts',(579.80572991033,-126.024865187243,13.5218326599185));
#2137=CARTESIAN_POINT('Ctrl Pts',(579.752535229873,-126.065324011853,13.5591474329006));
#2138=CARTESIAN_POINT('Ctrl Pts',(579.730757436158,-126.088890428909,13.5835055683188));
#2139=CARTESIAN_POINT('Ctrl Pts',(579.692963971537,-126.141817771883,13.6526360444465));
#2140=CARTESIAN_POINT('Ctrl Pts',(579.68077220686,-126.169357340443,13.6986609589011));
#2141=CARTESIAN_POINT('Ctrl Pts',(579.665652255003,-126.211728452145,13.8076156905803));
#2142=CARTESIAN_POINT('Ctrl Pts',(579.662934518676,-126.22593321691,13.8718468899407));
#2143=CARTESIAN_POINT('Ctrl Pts',(579.662934518676,-126.22593321691,13.941374991523));
#2144=CARTESIAN_POINT('',(579.234662409486,-126.100967401026,13.941374991523));
#2145=CARTESIAN_POINT('Origin',(580.45525580953,-122.714206152906,13.941374991523));
#2146=CARTESIAN_POINT('',(578.663035407311,-125.836376236337,13.941374991523));
#2147=CARTESIAN_POINT('Ctrl Pts',(579.234662409486,-126.100967401026,13.941374991523));
#2148=CARTESIAN_POINT('Ctrl Pts',(579.234662409486,-126.100967401026,13.906940836419));
#2149=CARTESIAN_POINT('Ctrl Pts',(579.235915435699,-126.097637742041,13.8726187139823));
#2150=CARTESIAN_POINT('Ctrl Pts',(579.240222014192,-126.084190415585,13.8051910408198));
#2151=CARTESIAN_POINT('Ctrl Pts',(579.243264264531,-126.074083163914,13.7722810406464));
#2152=CARTESIAN_POINT('Ctrl Pts',(579.250302506148,-126.041106586346,13.6959923179815));
#2153=CARTESIAN_POINT('Ctrl Pts',(579.253864527591,-126.015633821493,13.6564367509036));
#2154=CARTESIAN_POINT('Ctrl Pts',(579.252275636939,-125.959918366043,13.593913163309));
#2155=CARTESIAN_POINT('Ctrl Pts',(579.248406767172,-125.931058530834,13.5694274804113));
#2156=CARTESIAN_POINT('Ctrl Pts',(579.229289138212,-125.869951294246,13.529659508516));
#2157=CARTESIAN_POINT('Ctrl Pts',(579.214787361105,-125.839423536377,13.5151282223748));
#2158=CARTESIAN_POINT('Ctrl Pts',(579.174376125221,-125.782905095904,13.4944623021969));
#2159=CARTESIAN_POINT('Ctrl Pts',(579.149706475339,-125.757911938941,13.4883382664716));
#2160=CARTESIAN_POINT('Ctrl Pts',(579.091633964922,-125.716334585905,13.4817995010952));
#2161=CARTESIAN_POINT('Ctrl Pts',(579.058588795236,-125.700366200995,13.4815343413763));
#2162=CARTESIAN_POINT('Ctrl Pts',(578.989737546612,-125.680684157237,13.4868982383555));
#2163=CARTESIAN_POINT('Ctrl Pts',(578.954600817671,-125.676889187169,13.4924006475898));
#2164=CARTESIAN_POINT('Ctrl Pts',(578.888194765703,-125.680364872545,13.5106224170521));
#2165=CARTESIAN_POINT('Ctrl Pts',(578.857874353849,-125.686881424577,13.5226572027561));
#2166=CARTESIAN_POINT('Ctrl Pts',(578.797107305022,-125.708649178032,13.5581479876909));
#2167=CARTESIAN_POINT('Ctrl Pts',(578.768558204636,-125.725134321062,13.5829890330853));
#2168=CARTESIAN_POINT('Ctrl Pts',(578.716419310986,-125.764972249873,13.6528858614435));
#2169=CARTESIAN_POINT('Ctrl Pts',(578.696728468177,-125.787611060946,13.6987905923305));
#2170=CARTESIAN_POINT('Ctrl Pts',(578.669822102968,-125.823598064426,13.8075879680498));
#2171=CARTESIAN_POINT('Ctrl Pts',(578.663035407311,-125.836376236337,13.8718319739122));
#2172=CARTESIAN_POINT('Ctrl Pts',(578.663035407311,-125.836376236337,13.941374991523));
#2173=CARTESIAN_POINT('',(578.290624547148,-125.590726880785,13.941374991523));
#2174=CARTESIAN_POINT('Origin',(580.45525580953,-122.714206152906,13.941374991523));
#2175=CARTESIAN_POINT('',(577.822382943712,-125.169400742432,13.941374991523));
#2176=CARTESIAN_POINT('Ctrl Pts',(578.290624547148,-125.590726880785,13.941374991523));
#2177=CARTESIAN_POINT('Ctrl Pts',(578.290624547148,-125.590726880785,13.9027214410408));
#2178=CARTESIAN_POINT('Ctrl Pts',(578.29338481895,-125.587194109131,13.8642337174183));
#2179=CARTESIAN_POINT('Ctrl Pts',(578.303417092374,-125.572545515938,13.7889710211402));
#2180=CARTESIAN_POINT('Ctrl Pts',(578.310667194445,-125.561435967588,13.7524840606739));
#2181=CARTESIAN_POINT('Ctrl Pts',(578.328338466221,-125.527106441131,13.6762645960566));
#2182=CARTESIAN_POINT('Ctrl Pts',(578.338493262381,-125.502765463558,13.6397513894639));
#2183=CARTESIAN_POINT('Ctrl Pts',(578.351363654794,-125.447724845533,13.5819249860862));
#2184=CARTESIAN_POINT('Ctrl Pts',(578.354901867276,-125.418517548293,13.5593941309562));
#2185=CARTESIAN_POINT('Ctrl Pts',(578.351835852126,-125.354413424341,13.5231126920724));
#2186=CARTESIAN_POINT('Ctrl Pts',(578.345460909455,-125.321292943659,13.5100605684771));
#2187=CARTESIAN_POINT('Ctrl Pts',(578.321187434577,-125.257681029389,13.4920178244002));
#2188=CARTESIAN_POINT('Ctrl Pts',(578.304391304257,-125.22823684799,13.4868274170524));
#2189=CARTESIAN_POINT('Ctrl Pts',(578.261444678765,-125.175355207757,13.481692916669));
#2190=CARTESIAN_POINT('Ctrl Pts',(578.235591291147,-125.152369625108,13.4817833278357));
#2191=CARTESIAN_POINT('Ctrl Pts',(578.178074009281,-125.115911935976,13.4873198793834));
#2192=CARTESIAN_POINT('Ctrl Pts',(578.146902042171,-125.102689472883,13.4927303129587));
#2193=CARTESIAN_POINT('Ctrl Pts',(578.083399675529,-125.086628757123,13.5106398094017));
#2194=CARTESIAN_POINT('Ctrl Pts',(578.052141507294,-125.083924991814,13.5228353514425));
#2195=CARTESIAN_POINT('Ctrl Pts',(577.987615743398,-125.086980171952,13.5585498975111));
#2196=CARTESIAN_POINT('Ctrl Pts',(577.955725732204,-125.094299337446,13.5832854758482));
#2197=CARTESIAN_POINT('Ctrl Pts',(577.894402038081,-125.116929438915,13.6529585862858));
#2198=CARTESIAN_POINT('Ctrl Pts',(577.868941341382,-125.132742027196,13.6988288571652));
#2199=CARTESIAN_POINT('Ctrl Pts',(577.832635661459,-125.15918952687,13.8075808305339));
#2200=CARTESIAN_POINT('Ctrl Pts',(577.822382943712,-125.169400742432,13.8718281341545));
#2201=CARTESIAN_POINT('Ctrl Pts',(577.822382943712,-125.169400742432,13.941374991523));
#2202=CARTESIAN_POINT('',(577.538923671801,-124.824894870469,13.941374991523));
#2203=CARTESIAN_POINT('Origin',(580.45525580953,-122.714206152906,13.941374991523));
#2204=CARTESIAN_POINT('',(577.215672788414,-124.284270434805,13.941374991523));
#2205=CARTESIAN_POINT('Ctrl Pts',(577.538923671801,-124.824894870469,13.941374991523));
#2206=CARTESIAN_POINT('Ctrl Pts',(577.538923671801,-124.824894870469,13.9046322589989));
#2207=CARTESIAN_POINT('Ctrl Pts',(577.542243299512,-124.822573430737,13.8680290284135));
#2208=CARTESIAN_POINT('Ctrl Pts',(577.554859468442,-124.812638218302,13.7962978756884));
#2209=CARTESIAN_POINT('Ctrl Pts',(577.564136796207,-124.80502567313,13.7614124014504));
#2210=CARTESIAN_POINT('Ctrl Pts',(577.589986408515,-124.77943773661,13.6851272547127));
#2211=CARTESIAN_POINT('Ctrl Pts',(577.60707985187,-124.759719340088,13.6472398565584));
#2212=CARTESIAN_POINT('Ctrl Pts',(577.636341920247,-124.711749229253,13.5872924206685));
#2213=CARTESIAN_POINT('Ctrl Pts',(577.648831373338,-124.685258468632,13.5638810607057));
#2214=CARTESIAN_POINT('Ctrl Pts',(577.666030524915,-124.623468620216,13.5260174441994));
#2215=CARTESIAN_POINT('Ctrl Pts',(577.67040834249,-124.589967665135,13.5122960140909));
#2216=CARTESIAN_POINT('Ctrl Pts',(577.667254621453,-124.521246197422,13.4930729053884));
#2217=CARTESIAN_POINT('Ctrl Pts',(577.660335306415,-124.487445714407,13.4874678622853));
#2218=CARTESIAN_POINT('Ctrl Pts',(577.635200944577,-124.422439094641,13.4817241905781));
#2219=CARTESIAN_POINT('Ctrl Pts',(577.617054154192,-124.391836793982,13.481667629745));
#2220=CARTESIAN_POINT('Ctrl Pts',(577.572048446025,-124.338583408513,13.4871602260872));
#2221=CARTESIAN_POINT('Ctrl Pts',(577.545680537704,-124.316278455793,13.4926300048062));
#2222=CARTESIAN_POINT('Ctrl Pts',(577.489308203939,-124.282045605217,13.5107204020489));
#2223=CARTESIAN_POINT('Ctrl Pts',(577.460391674333,-124.270320263949,13.5228632724486));
#2224=CARTESIAN_POINT('Ctrl Pts',(577.397955962215,-124.254225144219,13.5584792755751));
#2225=CARTESIAN_POINT('Ctrl Pts',(577.365295454748,-124.251809178676,13.5832228027155));
#2226=CARTESIAN_POINT('Ctrl Pts',(577.299979548695,-124.255352549087,13.6529248614732));
#2227=CARTESIAN_POINT('Ctrl Pts',(577.270974388928,-124.262961393678,13.698811120259));
#2228=CARTESIAN_POINT('Ctrl Pts',(577.228479166036,-124.277535279006,13.8075841518756));
#2229=CARTESIAN_POINT('Ctrl Pts',(577.215672788414,-124.284270434805,13.871829921205));
#2230=CARTESIAN_POINT('Ctrl Pts',(577.215672788414,-124.284270434805,13.941374991523));
#2231=CARTESIAN_POINT('',(577.046351705003,-123.871518904992,13.941374991523));
#2232=CARTESIAN_POINT('Origin',(580.45525580953,-122.714206152906,13.941374991523));
#2233=CARTESIAN_POINT('',(576.896813801217,-123.259633025617,13.941374991523));
#2234=CARTESIAN_POINT('Ctrl Pts',(577.046351705003,-123.871518904992,13.941374991523));
#2235=CARTESIAN_POINT('Ctrl Pts',(577.046351705003,-123.871518904992,13.8779112373868));
#2236=CARTESIAN_POINT('Ctrl Pts',(577.057868906139,-123.867972335999,13.8189118129251));
#2237=CARTESIAN_POINT('Ctrl Pts',(577.092086481117,-123.852302430462,13.7184534136116));
#2238=CARTESIAN_POINT('Ctrl Pts',(577.114048060105,-123.840589194146,13.6754099235161));
#2239=CARTESIAN_POINT('Ctrl Pts',(577.157499651704,-123.806910465432,13.6073106001663));
#2240=CARTESIAN_POINT('Ctrl Pts',(577.178558710753,-123.78690090701,13.5804405122753));
#2241=CARTESIAN_POINT('Ctrl Pts',(577.216525987852,-123.735627338698,13.5370215108358));
#2242=CARTESIAN_POINT('Ctrl Pts',(577.232584058747,-123.7063061524,13.5210414552655));
#2243=CARTESIAN_POINT('Ctrl Pts',(577.254986965021,-123.639397828895,13.4974205465032));
#2244=CARTESIAN_POINT('Ctrl Pts',(577.260813805681,-123.603345229349,13.490181609314));
#2245=CARTESIAN_POINT('Ctrl Pts',(577.259454614213,-123.529536720246,13.482134402977));
#2246=CARTESIAN_POINT('Ctrl Pts',(577.25221264453,-123.492579216571,13.4813809559258));
#2247=CARTESIAN_POINT('Ctrl Pts',(577.226015439051,-123.425043688099,13.4859160436699));
#2248=CARTESIAN_POINT('Ctrl Pts',(577.20788605608,-123.39479454668,13.4909109816999));
#2249=CARTESIAN_POINT('Ctrl Pts',(577.162794880134,-123.341267464636,13.5087906424806));
#2250=CARTESIAN_POINT('Ctrl Pts',(577.136392576273,-123.319317745596,13.5217288074885));
#2251=CARTESIAN_POINT('Ctrl Pts',(577.079379513644,-123.284484248288,13.5588795010148));
#2252=CARTESIAN_POINT('Ctrl Pts',(577.04927262987,-123.272720283884,13.5833681362127));
#2253=CARTESIAN_POINT('Ctrl Pts',(576.986041837158,-123.256854441707,13.6527037966796));
#2254=CARTESIAN_POINT('Ctrl Pts',(576.955982735248,-123.255568880303,13.6986958149242));
#2255=CARTESIAN_POINT('Ctrl Pts',(576.91103130695,-123.256972936054,13.8076076394404));
#2256=CARTESIAN_POINT('Ctrl Pts',(576.896813801217,-123.259633025617,13.8718425582141));
#2257=CARTESIAN_POINT('Ctrl Pts',(576.896813801217,-123.259633025617,13.941374991523));
#2258=CARTESIAN_POINT('',(576.856675827623,-122.815310622709,13.941374991523));
#2259=CARTESIAN_POINT('Origin',(580.45525580953,-122.714206152906,13.941374991523));
#2260=CARTESIAN_POINT('',(576.894138002425,-122.186532045222,13.941374991523));
#2261=CARTESIAN_POINT('Ctrl Pts',(576.856675827622,-122.815310622709,13.941374991523));
#2262=CARTESIAN_POINT('Ctrl Pts',(576.856675827622,-122.815310622709,13.8798745385678));
#2263=CARTESIAN_POINT('Ctrl Pts',(576.867993308234,-122.815300603444,13.8225793545843));
#2264=CARTESIAN_POINT('Ctrl Pts',(576.903932921371,-122.810802305905,13.7226556321123));
#2265=CARTESIAN_POINT('Ctrl Pts',(576.928271026517,-122.806299817133,13.6789132899935));
#2266=CARTESIAN_POINT('Ctrl Pts',(576.983504169319,-122.785957441657,13.6047079979761));
#2267=CARTESIAN_POINT('Ctrl Pts',(577.012950121663,-122.770837531707,13.5754318387568));
#2268=CARTESIAN_POINT('Ctrl Pts',(577.063956187335,-122.731085025333,13.5339463604157));
#2269=CARTESIAN_POINT('Ctrl Pts',(577.085477440062,-122.709401657331,13.5197958101812));
#2270=CARTESIAN_POINT('Ctrl Pts',(577.124634129139,-122.654688393664,13.4973357960172));
#2271=CARTESIAN_POINT('Ctrl Pts',(577.140787978226,-122.621944654989,13.4901236694283));
#2272=CARTESIAN_POINT('Ctrl Pts',(577.161158100437,-122.551035247598,13.4821222616438));
#2273=CARTESIAN_POINT('Ctrl Pts',(577.165093639989,-122.513615604432,13.4813842567131));
#2274=CARTESIAN_POINT('Ctrl Pts',(577.159933796355,-122.441646686931,13.4859277909243));
#2275=CARTESIAN_POINT('Ctrl Pts',(577.151602555783,-122.407637993663,13.4908829838418));
#2276=CARTESIAN_POINT('Ctrl Pts',(577.124295705823,-122.342926835403,13.5087479577951));
#2277=CARTESIAN_POINT('Ctrl Pts',(577.105265356592,-122.313814220119,13.5218619827063));
#2278=CARTESIAN_POINT('Ctrl Pts',(577.060899165901,-122.263806690033,13.5592403067605));
#2279=CARTESIAN_POINT('Ctrl Pts',(577.035831432957,-122.243906174886,13.5835530807896));
#2280=CARTESIAN_POINT('Ctrl Pts',(576.98027673017,-122.210196508658,13.6526125338678));
#2281=CARTESIAN_POINT('Ctrl Pts',(576.95189299988,-122.200093003475,13.6986489273845));
#2282=CARTESIAN_POINT('Ctrl Pts',(576.908505496645,-122.188180600859,13.8076185965142));
#2283=CARTESIAN_POINT('Ctrl Pts',(576.894138002425,-122.186532045222,13.8718484534074));
#2284=CARTESIAN_POINT('Ctrl Pts',(576.894138002425,-122.186532045222,13.941374991523));
#2285=CARTESIAN_POINT('',(576.986749573742,-121.750118764594,13.941374991523));
#2286=CARTESIAN_POINT('Origin',(580.45525580953,-122.714206152906,13.941374991523));
#2287=CARTESIAN_POINT('',(577.207883148502,-121.160317224955,13.941374991523));
#2288=CARTESIAN_POINT('Ctrl Pts',(576.986749573742,-121.750118764594,13.941374991523));
#2289=CARTESIAN_POINT('Ctrl Pts',(576.986749573742,-121.750118764594,13.880742387327));
#2290=CARTESIAN_POINT('Ctrl Pts',(576.997266296847,-121.75334567405,13.8242021763979));
#2291=CARTESIAN_POINT('Ctrl Pts',(577.032220331628,-121.759603973438,13.7247729226796));
#2292=CARTESIAN_POINT('Ctrl Pts',(577.056570318847,-121.762537643222,13.680916364499));
#2293=CARTESIAN_POINT('Ctrl Pts',(577.110766156048,-121.759876795612,13.6117334033447));
#2294=CARTESIAN_POINT('Ctrl Pts',(577.139067315061,-121.755681982986,13.5844337359784));
#2295=CARTESIAN_POINT('Ctrl Pts',(577.199361320858,-121.735767780963,13.5397316952916));
#2296=CARTESIAN_POINT('Ctrl Pts',(577.229593488787,-121.720971147843,13.5230753802577));
#2297=CARTESIAN_POINT('Ctrl Pts',(577.286226616677,-121.679204599407,13.4986936752607));
#2298=CARTESIAN_POINT('Ctrl Pts',(577.311400044641,-121.653515899804,13.4911749865924));
#2299=CARTESIAN_POINT('Ctrl Pts',(577.352767627609,-121.592900872636,13.482433876263));
#2300=CARTESIAN_POINT('Ctrl Pts',(577.36828933082,-121.558478225003,13.481370802329));
#2301=CARTESIAN_POINT('Ctrl Pts',(577.386471035114,-121.486164428714,13.4853817271481));
#2302=CARTESIAN_POINT('Ctrl Pts',(577.388960118084,-121.448940735906,13.4904549605671));
#2303=CARTESIAN_POINT('Ctrl Pts',(577.381662763818,-121.377824150055,13.5087483250143));
#2304=CARTESIAN_POINT('Ctrl Pts',(577.372366672262,-121.34516232873,13.5215154214563));
#2305=CARTESIAN_POINT('Ctrl Pts',(577.345029566087,-121.284123452599,13.5584731749785));
#2306=CARTESIAN_POINT('Ctrl Pts',(577.326600629096,-121.257133988196,13.5831585256259));
#2307=CARTESIAN_POINT('Ctrl Pts',(577.283118608411,-121.208246360536,13.6528060024434));
#2308=CARTESIAN_POINT('Ctrl Pts',(577.259043264231,-121.190280016521,13.6987488739452));
#2309=CARTESIAN_POINT('Ctrl Pts',(577.221131026771,-121.166129320265,13.8075963354191));
#2310=CARTESIAN_POINT('Ctrl Pts',(577.207883148502,-121.160317224955,13.8718364763289));
#2311=CARTESIAN_POINT('Ctrl Pts',(577.207883148502,-121.160317224955,13.941374991523));
#2312=CARTESIAN_POINT('',(577.425015320201,-120.770590301759,13.941374991523));
#2313=CARTESIAN_POINT('Origin',(580.45525580953,-122.714206152906,13.941374991523));
#2314=CARTESIAN_POINT('',(577.810171606372,-120.272172255065,13.941374991523));
#2315=CARTESIAN_POINT('Ctrl Pts',(577.425015320201,-120.770590301759,13.941374991523));
#2316=CARTESIAN_POINT('Ctrl Pts',(577.425015320201,-120.770590301759,13.9031597599119));
#2317=CARTESIAN_POINT('Ctrl Pts',(577.428661447599,-120.773021079489,13.8651040115719));
#2318=CARTESIAN_POINT('Ctrl Pts',(577.443667712273,-120.781745836374,13.7906489110294));
#2319=CARTESIAN_POINT('Ctrl Pts',(577.455019825526,-120.788019393819,13.7545265241642));
#2320=CARTESIAN_POINT('Ctrl Pts',(577.490042322399,-120.803004408431,13.6782871344731));
#2321=CARTESIAN_POINT('Ctrl Pts',(577.514977408216,-120.81140690491,13.6414595725051));
#2322=CARTESIAN_POINT('Ctrl Pts',(577.570713797199,-120.820359987801,13.5831482062485));
#2323=CARTESIAN_POINT('Ctrl Pts',(577.600066321846,-120.821845580846,13.5604163115713));
#2324=CARTESIAN_POINT('Ctrl Pts',(577.663793091438,-120.814294329546,13.5237711448015));
#2325=CARTESIAN_POINT('Ctrl Pts',(577.696403679441,-120.805614496418,13.5105652978327));
#2326=CARTESIAN_POINT('Ctrl Pts',(577.758307392159,-120.776859057897,13.4922537213771));
#2327=CARTESIAN_POINT('Ctrl Pts',(577.786606795953,-120.757941629837,13.4869695448535));
#2328=CARTESIAN_POINT('Ctrl Pts',(577.836543970595,-120.711071988028,13.4816985723953));
#2329=CARTESIAN_POINT('Ctrl Pts',(577.857729716181,-120.683440623351,13.4817563069353));
#2330=CARTESIAN_POINT('Ctrl Pts',(577.890029126132,-120.623069922216,13.4872839127999));
#2331=CARTESIAN_POINT('Ctrl Pts',(577.900946683773,-120.590856403699,13.4927080336807));
#2332=CARTESIAN_POINT('Ctrl Pts',(577.912216779641,-120.526228740793,13.5106584172775));
#2333=CARTESIAN_POINT('Ctrl Pts',(577.912574775018,-120.494895527907,13.5228418046527));
#2334=CARTESIAN_POINT('Ctrl Pts',(577.904715559134,-120.43080547179,13.5585336121894));
#2335=CARTESIAN_POINT('Ctrl Pts',(577.895033359115,-120.399544248426,13.5832710825005));
#2336=CARTESIAN_POINT('Ctrl Pts',(577.867881145613,-120.340072765791,13.6529509253533));
#2337=CARTESIAN_POINT('Ctrl Pts',(577.850208139217,-120.315862100505,13.6988248299761));
#2338=CARTESIAN_POINT('Ctrl Pts',(577.821120324799,-120.281633111399,13.8075815880454));
#2339=CARTESIAN_POINT('Ctrl Pts',(577.810171606372,-120.272172255065,13.8718285417813));
#2340=CARTESIAN_POINT('Ctrl Pts',(577.810171606372,-120.272172255065,13.941374991523));
#2341=CARTESIAN_POINT('',(578.132531232127,-119.963760636716,13.941374991523));
#2342=CARTESIAN_POINT('Origin',(580.45525580953,-122.714206152906,13.941374991523));
#2343=CARTESIAN_POINT('',(578.647487403453,-119.601012713688,13.941374991523));
#2344=CARTESIAN_POINT('Ctrl Pts',(578.132531232127,-119.963760636716,13.941374991523));
#2345=CARTESIAN_POINT('Ctrl Pts',(578.132531232127,-119.963760636716,13.9035934318891));
#2346=CARTESIAN_POINT('Ctrl Pts',(578.135237860652,-119.967080248475,13.865965260789));
#2347=CARTESIAN_POINT('Ctrl Pts',(578.146731288345,-119.979566010474,13.7923106692958));
#2348=CARTESIAN_POINT('Ctrl Pts',(578.155516087403,-119.988711125198,13.7565506424861));
#2349=CARTESIAN_POINT('Ctrl Pts',(578.184088586925,-120.013127967301,13.6802944004066));
#2350=CARTESIAN_POINT('Ctrl Pts',(578.205319321015,-120.028566433034,13.6431552812155));
#2351=CARTESIAN_POINT('Ctrl Pts',(578.255765713853,-120.05373394488,13.5843631522897));
#2352=CARTESIAN_POINT('Ctrl Pts',(578.283299811876,-120.063925544407,13.5614318058043));
#2353=CARTESIAN_POINT('Ctrl Pts',(578.346360571356,-120.075780753435,13.5244272270583));
#2354=CARTESIAN_POINT('Ctrl Pts',(578.380088889421,-120.077259535628,13.5110693881121));
#2355=CARTESIAN_POINT('Ctrl Pts',(578.447920955138,-120.068305700923,13.4924906790188));
#2356=CARTESIAN_POINT('Ctrl Pts',(578.480709813493,-120.058658809014,13.4871129399033));
#2357=CARTESIAN_POINT('Ctrl Pts',(578.542660031899,-120.028628861814,13.4817050463015));
#2358=CARTESIAN_POINT('Ctrl Pts',(578.571274778574,-120.008402583683,13.4817298484706));
#2359=CARTESIAN_POINT('Ctrl Pts',(578.620249490024,-119.960030921979,13.4872479440288));
#2360=CARTESIAN_POINT('Ctrl Pts',(578.640277327448,-119.932350754683,13.4926855643091));
#2361=CARTESIAN_POINT('Ctrl Pts',(578.670126449482,-119.873817979121,13.5106767535234));
#2362=CARTESIAN_POINT('Ctrl Pts',(578.679690520019,-119.844018955651,13.5228481577392));
#2363=CARTESIAN_POINT('Ctrl Pts',(578.691072385147,-119.780487864716,13.5585175468154));
#2364=CARTESIAN_POINT('Ctrl Pts',(578.691036550454,-119.747754624334,13.5832568482335));
#2365=CARTESIAN_POINT('Ctrl Pts',(578.682620692982,-119.68291144007,13.6529432964465));
#2366=CARTESIAN_POINT('Ctrl Pts',(578.67286804339,-119.654563905089,13.6988208146724));
#2367=CARTESIAN_POINT('Ctrl Pts',(578.655160972586,-119.613280302786,13.8075823340749));
#2368=CARTESIAN_POINT('Ctrl Pts',(578.647487403453,-119.601012713688,13.871828943169));
#2369=CARTESIAN_POINT('Ctrl Pts',(578.647487403453,-119.601012713688,13.941374991523));
#2370=CARTESIAN_POINT('',(579.046431415865,-119.401320125918,13.941374991523));
#2371=CARTESIAN_POINT('Origin',(580.45525580953,-122.714206152906,13.941374991523));
#2372=CARTESIAN_POINT('',(579.645431356675,-119.20647407141,13.941374991523));
#2373=CARTESIAN_POINT('Ctrl Pts',(579.046431415865,-119.401320125918,13.941374991523));
#2374=CARTESIAN_POINT('Ctrl Pts',(579.046431415865,-119.401320125918,13.8757522820627));
#2375=CARTESIAN_POINT('Ctrl Pts',(579.051114598833,-119.413322938816,13.8148846887611));
#2376=CARTESIAN_POINT('Ctrl Pts',(579.070289069077,-119.447543777201,13.7138180993913));
#2377=CARTESIAN_POINT('Ctrl Pts',(579.083888094641,-119.468594998406,13.6715086015937));
#2378=CARTESIAN_POINT('Ctrl Pts',(579.121131647081,-119.509178791003,13.6046234537318));
#2379=CARTESIAN_POINT('Ctrl Pts',(579.142799649445,-119.528456394157,13.5782838615594));
#2380=CARTESIAN_POINT('Ctrl Pts',(579.197050523314,-119.562067989688,13.5355737195739));
#2381=CARTESIAN_POINT('Ctrl Pts',(579.227732375116,-119.575672654077,13.5198488072644));
#2382=CARTESIAN_POINT('Ctrl Pts',(579.29359285038,-119.591733674333,13.4976674157807));
#2383=CARTESIAN_POINT('Ctrl Pts',(579.326879681063,-119.594714585604,13.4908811290689));
#2384=CARTESIAN_POINT('Ctrl Pts',(579.397458030293,-119.589479242341,13.4824399677481));
#2385=CARTESIAN_POINT('Ctrl Pts',(579.434044720784,-119.580166325581,13.481371562877));
#2386=CARTESIAN_POINT('Ctrl Pts',(579.501950141403,-119.549309273844,13.4853706433265));
#2387=CARTESIAN_POINT('Ctrl Pts',(579.532634149802,-119.528036274174,13.490442962511));
#2388=CARTESIAN_POINT('Ctrl Pts',(579.583817063381,-119.477870185246,13.5087774959133));
#2389=CARTESIAN_POINT('Ctrl Pts',(579.603617271799,-119.450112859382,13.5216108438432));
#2390=CARTESIAN_POINT('Ctrl Pts',(579.634205538149,-119.39068501859,13.5586390854955));
#2391=CARTESIAN_POINT('Ctrl Pts',(579.643763414771,-119.359585500345,13.5832443024873));
#2392=CARTESIAN_POINT('Ctrl Pts',(579.654868524671,-119.2952057798,13.6527643810119));
#2393=CARTESIAN_POINT('Ctrl Pts',(579.653904342104,-119.265162222339,13.6987272004621));
#2394=CARTESIAN_POINT('Ctrl Pts',(579.649146912379,-119.220454497932,13.8076008221713));
#2395=CARTESIAN_POINT('Ctrl Pts',(579.645431356675,-119.20647407141,13.8718388903329));
#2396=CARTESIAN_POINT('Ctrl Pts',(579.645431356675,-119.20647407141,13.941374991523));
#2397=CARTESIAN_POINT('',(580.085511829504,-119.133244076978,13.941374991523));
#2398=CARTESIAN_POINT('Origin',(580.45525580953,-122.714206152906,13.941374991523));
#2399=CARTESIAN_POINT('',(580.715331766389,-119.123612818001,13.941374991523));
#2400=CARTESIAN_POINT('Ctrl Pts',(580.085511829504,-119.133244076978,13.941374991523));
#2401=CARTESIAN_POINT('Ctrl Pts',(580.085511829504,-119.133244076978,13.8798669431211));
#2402=CARTESIAN_POINT('Ctrl Pts',(580.086367729139,-119.144531952199,13.8225651560258));
#2403=CARTESIAN_POINT('Ctrl Pts',(580.093540833619,-119.180038905261,13.722642662202));
#2404=CARTESIAN_POINT('Ctrl Pts',(580.099849772003,-119.203970771962,13.6789056024036));
#2405=CARTESIAN_POINT('Ctrl Pts',(580.124265257028,-119.25753330907,13.6046960425096));
#2406=CARTESIAN_POINT('Ctrl Pts',(580.141549176307,-119.285774078582,13.5754152636617));
#2407=CARTESIAN_POINT('Ctrl Pts',(580.1850065992,-119.333662868254,13.5339378195012));
#2408=CARTESIAN_POINT('Ctrl Pts',(580.20822971253,-119.353494732089,13.519793785296));
#2409=CARTESIAN_POINT('Ctrl Pts',(580.265704762991,-119.388447661437,13.4973369908036));
#2410=CARTESIAN_POINT('Ctrl Pts',(580.299564427569,-119.402110146175,13.4901244135573));
#2411=CARTESIAN_POINT('Ctrl Pts',(580.371799183167,-119.417125474365,13.4821223419787));
#2412=CARTESIAN_POINT('Ctrl Pts',(580.409409321272,-119.418253970389,13.4813841883504));
#2413=CARTESIAN_POINT('Ctrl Pts',(580.480800430486,-119.407729214876,13.4859281802515));
#2414=CARTESIAN_POINT('Ctrl Pts',(580.51409871448,-119.396876076401,13.4908850443073));
#2415=CARTESIAN_POINT('Ctrl Pts',(580.576576018972,-119.36481044765,13.5087506906694));
#2416=CARTESIAN_POINT('Ctrl Pts',(580.604171856921,-119.343668995988,13.5218581912539));
#2417=CARTESIAN_POINT('Ctrl Pts',(580.650726307435,-119.295696038227,13.5592276628464));
#2418=CARTESIAN_POINT('Ctrl Pts',(580.668704749241,-119.26920249247,13.5835466159495));
#2419=CARTESIAN_POINT('Ctrl Pts',(580.69817115208,-119.21127712917,13.65261573482));
#2420=CARTESIAN_POINT('Ctrl Pts',(580.70612486451,-119.182219138329,13.6986505634571));
#2421=CARTESIAN_POINT('Ctrl Pts',(580.714761503348,-119.138063423845,13.8076181973406));
#2422=CARTESIAN_POINT('Ctrl Pts',(580.715331766389,-119.123612818001,13.8718482386413));
#2423=CARTESIAN_POINT('Ctrl Pts',(580.715331766389,-119.123612818001,13.941374991523));
#2424=CARTESIAN_POINT('',(581.157445618363,-119.183352223278,13.941374991523));
#2425=CARTESIAN_POINT('Origin',(580.45525580953,-122.714206152906,13.941374991523));
#2426=CARTESIAN_POINT('',(581.762123286012,-119.359791539458,13.941374991523));
#2427=CARTESIAN_POINT('Ctrl Pts',(581.157445618363,-119.183352223278,13.941374991523));
#2428=CARTESIAN_POINT('Ctrl Pts',(581.157445618363,-119.183352223278,13.8724718198677));
#2429=CARTESIAN_POINT('Ctrl Pts',(581.154225106535,-119.197185991098,13.8087774794432));
#2430=CARTESIAN_POINT('Ctrl Pts',(581.150995254898,-119.238803464035,13.7066940613063));
#2431=CARTESIAN_POINT('Ctrl Pts',(581.150713419182,-119.264201208301,13.6653914066361));
#2432=CARTESIAN_POINT('Ctrl Pts',(581.159455652869,-119.31913900262,13.5999900406173));
#2433=CARTESIAN_POINT('Ctrl Pts',(581.167015870849,-119.347429892934,13.5742674993174));
#2434=CARTESIAN_POINT('Ctrl Pts',(581.193993619602,-119.405630672025,13.5327992795753));
#2435=CARTESIAN_POINT('Ctrl Pts',(581.212199332901,-119.433877948091,13.5176559668451));
#2436=CARTESIAN_POINT('Ctrl Pts',(581.258511424743,-119.483603323883,13.4963443737941));
#2437=CARTESIAN_POINT('Ctrl Pts',(581.284868355782,-119.504474068628,13.4898953727981));
#2438=CARTESIAN_POINT('Ctrl Pts',(581.346867471007,-119.538818640298,13.4821433462284));
#2439=CARTESIAN_POINT('Ctrl Pts',(581.382499737436,-119.551052739703,13.4813792618234));
#2440=CARTESIAN_POINT('Ctrl Pts',(581.45418715742,-119.562190083706,13.4859010103732));
#2441=CARTESIAN_POINT('Ctrl Pts',(581.48954427277,-119.561616194527,13.490905585268));
#2442=CARTESIAN_POINT('Ctrl Pts',(581.558393362086,-119.549316940694,13.508788190077));
#2443=CARTESIAN_POINT('Ctrl Pts',(581.590488557123,-119.537484074988,13.521671674896));
#2444=CARTESIAN_POINT('Ctrl Pts',(581.649196289356,-119.50557309907,13.5587570129907));
#2445=CARTESIAN_POINT('Ctrl Pts',(581.674526615593,-119.485320534906,13.5833051101114));
#2446=CARTESIAN_POINT('Ctrl Pts',(581.719926145071,-119.438437586386,13.6527346972098));
#2447=CARTESIAN_POINT('Ctrl Pts',(581.736061170482,-119.41306010053,13.6987117981989));
#2448=CARTESIAN_POINT('Ctrl Pts',(581.75731799518,-119.373435054997,13.8076041189267));
#2449=CARTESIAN_POINT('Ctrl Pts',(581.762123286012,-119.359791539458,13.871840664081));
#2450=CARTESIAN_POINT('Ctrl Pts',(581.762123286012,-119.359791539458,13.941374991523));
#2451=CARTESIAN_POINT('',(582.166986761198,-119.547192236122,13.941374991523));
#2452=CARTESIAN_POINT('Origin',(580.45525580953,-122.714206152906,13.941374991523));
#2453=CARTESIAN_POINT('',(582.692793895256,-119.894024719926,13.941374991523));
#2454=CARTESIAN_POINT('Ctrl Pts',(582.166986761198,-119.547192236122,13.941374991523));
#2455=CARTESIAN_POINT('Ctrl Pts',(582.166986761198,-119.547192236122,13.9039710655748));
#2456=CARTESIAN_POINT('Ctrl Pts',(582.16492865913,-119.550851070129,13.8667153652431));
#2457=CARTESIAN_POINT('Ctrl Pts',(582.157639367993,-119.565805151818,13.793759025219));
#2458=CARTESIAN_POINT('Ctrl Pts',(582.152426257302,-119.577090867144,13.7583158542412));
#2459=CARTESIAN_POINT('Ctrl Pts',(582.14017050041,-119.612152858713,13.6820472402922));
#2460=CARTESIAN_POINT('Ctrl Pts',(582.133470760414,-119.637476865161,13.6446364154086));
#2461=CARTESIAN_POINT('Ctrl Pts',(582.128270536154,-119.693545743687,13.5854249020315));
#2462=CARTESIAN_POINT('Ctrl Pts',(582.128721822869,-119.72287565891,13.5623194307484));
#2463=CARTESIAN_POINT('Ctrl Pts',(582.140473555797,-119.785947511774,13.5250022619689));
#2464=CARTESIAN_POINT('Ctrl Pts',(582.151290913987,-119.817939677148,13.511512164706));
#2465=CARTESIAN_POINT('Ctrl Pts',(582.184243749374,-119.878060361546,13.4926999292543));
#2466=CARTESIAN_POINT('Ctrl Pts',(582.205183072618,-119.905223817673,13.4872400800985));
#2467=CARTESIAN_POINT('Ctrl Pts',(582.25586851383,-119.95227119099,13.4817114069378));
#2468=CARTESIAN_POINT('Ctrl Pts',(582.285276639801,-119.971681325107,13.4817070391313));
#2469=CARTESIAN_POINT('Ctrl Pts',(582.34846319719,-119.999791471537,13.4872163119095));
#2470=CARTESIAN_POINT('Ctrl Pts',(582.381673629516,-120.008367077564,13.4926656520165));
#2471=CARTESIAN_POINT('Ctrl Pts',(582.447155746206,-120.014761907787,13.510692664397));
#2472=CARTESIAN_POINT('Ctrl Pts',(582.478355128331,-120.012778632909,13.5228536684456));
#2473=CARTESIAN_POINT('Ctrl Pts',(582.541630366467,-120.000172968432,13.5585035999767));
#2474=CARTESIAN_POINT('Ctrl Pts',(582.572093979855,-119.988180073534,13.5832444637773));
#2475=CARTESIAN_POINT('Ctrl Pts',(582.629388885322,-119.956653174964,13.6529366213449));
#2476=CARTESIAN_POINT('Ctrl Pts',(582.652216156517,-119.937216291194,13.6988173030455));
#2477=CARTESIAN_POINT('Ctrl Pts',(582.684177872652,-119.90564957746,13.8075829898078));
#2478=CARTESIAN_POINT('Ctrl Pts',(582.692793895256,-119.894024719926,13.8718292959752));
#2479=CARTESIAN_POINT('Ctrl Pts',(582.692793895256,-119.894024719926,13.941374991523));
#2480=CARTESIAN_POINT('',(583.02443309717,-120.192435333685,13.941374991523));
#2481=CARTESIAN_POINT('Origin',(580.45525580953,-122.714206152906,13.941374991523));
#2482=CARTESIAN_POINT('',(583.424649426309,-120.678843396877,13.941374991523));
#2483=CARTESIAN_POINT('Ctrl Pts',(583.02443309717,-120.192435333685,13.941374991523));
#2484=CARTESIAN_POINT('Ctrl Pts',(583.02443309717,-120.192435333685,13.9029361386108));
#2485=CARTESIAN_POINT('Ctrl Pts',(583.021213876486,-120.195483802007,13.8646599820413));
#2486=CARTESIAN_POINT('Ctrl Pts',(583.009237182968,-120.208325559397,13.7897926727619));
#2487=CARTESIAN_POINT('Ctrl Pts',(583.000501859335,-120.218115737103,13.7534840751637));
#2488=CARTESIAN_POINT('Ctrl Pts',(582.978003024513,-120.249181418274,13.6772544855263));
#2489=CARTESIAN_POINT('Ctrl Pts',(582.964298672088,-120.271680602759,13.6405873717781));
#2490=CARTESIAN_POINT('Ctrl Pts',(582.943269790585,-120.324109587861,13.5825235454356));
#2491=CARTESIAN_POINT('Ctrl Pts',(582.935355092276,-120.352430191848,13.5598942859567));
#2492=CARTESIAN_POINT('Ctrl Pts',(582.928687306189,-120.416258219351,13.5234346286432));
#2493=CARTESIAN_POINT('Ctrl Pts',(582.929975460595,-120.449970962014,13.5103071965275));
#2494=CARTESIAN_POINT('Ctrl Pts',(582.944369014102,-120.516604110527,13.4921329209934));
#2495=CARTESIAN_POINT('Ctrl Pts',(582.956553072174,-120.548311544473,13.4868966837901));
#2496=CARTESIAN_POINT('Ctrl Pts',(582.991137518486,-120.607210485231,13.4816955764703));
#2497=CARTESIAN_POINT('Ctrl Pts',(583.01331831116,-120.63390067348,13.4817700581196));
#2498=CARTESIAN_POINT('Ctrl Pts',(583.064871405531,-120.678670474162,13.4873023112345));
#2499=CARTESIAN_POINT('Ctrl Pts',(583.093784819968,-120.696435791146,13.4927194546789));
#2500=CARTESIAN_POINT('Ctrl Pts',(583.154233074916,-120.721792696067,13.510648934621));
#2501=CARTESIAN_POINT('Ctrl Pts',(583.184720456069,-120.72911963675,13.5228385178896));
#2502=CARTESIAN_POINT('Ctrl Pts',(583.248966955041,-120.735717216303,13.5585419167663));
#2503=CARTESIAN_POINT('Ctrl Pts',(583.281595200313,-120.733233388565,13.5832784274972));
#2504=CARTESIAN_POINT('Ctrl Pts',(583.345612065997,-120.719995728424,13.6529548439472));
#2505=CARTESIAN_POINT('Ctrl Pts',(583.373146697297,-120.708153850934,13.6988268932226));
#2506=CARTESIAN_POINT('Ctrl Pts',(583.412989386755,-120.687412421815,13.8075812062468));
#2507=CARTESIAN_POINT('Ctrl Pts',(583.424649426309,-120.678843396876,13.8718283363623));
#2508=CARTESIAN_POINT('Ctrl Pts',(583.424649426309,-120.678843396876,13.941374991523));
#2509=CARTESIAN_POINT('',(583.653596756486,-121.061748835144,13.941374991523));
#2510=CARTESIAN_POINT('Origin',(580.45525580953,-122.714206152906,13.941374991523));
#2511=CARTESIAN_POINT('',(583.892661303542,-121.644512986743,13.941374991523));
#2512=CARTESIAN_POINT('Ctrl Pts',(583.653596756486,-121.061748835144,13.941374991523));
#2513=CARTESIAN_POINT('Ctrl Pts',(583.653596756486,-121.061748835144,13.8726649238529));
#2514=CARTESIAN_POINT('Ctrl Pts',(583.640845715573,-121.067823746398,13.8091365800913));
#2515=CARTESIAN_POINT('Ctrl Pts',(583.6064445869,-121.091113794837,13.707232788471));
#2516=CARTESIAN_POINT('Ctrl Pts',(583.586477328446,-121.106647520088,13.6659630660216));
#2517=CARTESIAN_POINT('Ctrl Pts',(583.549168600104,-121.14739770281,13.6007720743533));
#2518=CARTESIAN_POINT('Ctrl Pts',(583.531893275668,-121.170646475623,13.5751637122644));
#2519=CARTESIAN_POINT('Ctrl Pts',(583.50307824756,-121.22764451392,13.5334787002551));
#2520=CARTESIAN_POINT('Ctrl Pts',(583.492166670842,-121.259561850124,13.5181384226689));
#2521=CARTESIAN_POINT('Ctrl Pts',(583.481610143904,-121.32890232133,13.4959509459492));
#2522=CARTESIAN_POINT('Ctrl Pts',(583.481945371872,-121.364699914491,13.4892699217269));
#2523=CARTESIAN_POINT('Ctrl Pts',(583.495369615339,-121.436891451895,13.4818776956878));
#2524=CARTESIAN_POINT('Ctrl Pts',(583.50880708756,-121.472487556152,13.4814121985696));
#2525=CARTESIAN_POINT('Ctrl Pts',(583.546721822429,-121.535887307919,13.4867461125002));
#2526=CARTESIAN_POINT('Ctrl Pts',(583.570510586818,-121.563313745391,13.4923616339425));
#2527=CARTESIAN_POINT('Ctrl Pts',(583.622215880031,-121.606190115382,13.5109374093568));
#2528=CARTESIAN_POINT('Ctrl Pts',(583.648723754947,-121.62186411581,13.522960769105));
#2529=CARTESIAN_POINT('Ctrl Pts',(583.707750964342,-121.647004578461,13.5583429251672));
#2530=CARTESIAN_POINT('Ctrl Pts',(583.739727778641,-121.654288030247,13.5830909870379));
#2531=CARTESIAN_POINT('Ctrl Pts',(583.804930649429,-121.660549102227,13.6528385376349));
#2532=CARTESIAN_POINT('Ctrl Pts',(583.834784684186,-121.657345145076,13.6987658766573));
#2533=CARTESIAN_POINT('Ctrl Pts',(583.878995980303,-121.64926353289,13.8075929352322));
#2534=CARTESIAN_POINT('Ctrl Pts',(583.892661303542,-121.644512986743,13.8718346469257));
#2535=CARTESIAN_POINT('Ctrl Pts',(583.892661303542,-121.644512986743,13.941374991523));
#2536=CARTESIAN_POINT('',(583.998573786977,-122.077890420976,13.941374991523));
#2537=CARTESIAN_POINT('Origin',(580.45525580953,-122.714206152906,13.941374991523));
#2538=CARTESIAN_POINT('',(584.055244617826,-122.705229508693,13.941374991523));
#2539=CARTESIAN_POINT('Ctrl Pts',(583.998573786977,-122.077890420976,13.941374991523));
#2540=CARTESIAN_POINT('Ctrl Pts',(583.998573786977,-122.077890420976,13.8798808728435));
#2541=CARTESIAN_POINT('Ctrl Pts',(583.987386516499,-122.079586811064,13.8225911956216));
#2542=CARTESIAN_POINT('Ctrl Pts',(583.95252203279,-122.089389780347,13.7226666131509));
#2543=CARTESIAN_POINT('Ctrl Pts',(583.929125484404,-122.097469246923,13.6789199927992));
#2544=CARTESIAN_POINT('Ctrl Pts',(583.877544102229,-122.125814287015,13.6047178143584));
#2545=CARTESIAN_POINT('Ctrl Pts',(583.850685688408,-122.145149038657,13.575445178809));
#2546=CARTESIAN_POINT('Ctrl Pts',(583.806170689155,-122.192056381565,13.5339532569545));
#2547=CARTESIAN_POINT('Ctrl Pts',(583.788115076535,-122.216711838683,13.5197975467863));
#2548=CARTESIAN_POINT('Ctrl Pts',(583.757546588567,-122.276659231191,13.4973349438376));
#2549=CARTESIAN_POINT('Ctrl Pts',(583.746453897596,-122.311444546309,13.4901231477242));
#2550=CARTESIAN_POINT('Ctrl Pts',(583.736880590138,-122.384596805199,13.4821222155727));
#2551=CARTESIAN_POINT('Ctrl Pts',(583.738566273626,-122.422184249805,13.4813843080868));
#2552=CARTESIAN_POINT('Ctrl Pts',(583.754393433127,-122.492573329541,13.485927443803));
#2553=CARTESIAN_POINT('Ctrl Pts',(583.767696981956,-122.524955009706,13.4908813053649));
#2554=CARTESIAN_POINT('Ctrl Pts',(583.804344853693,-122.584883260063,13.5087457408628));
#2555=CARTESIAN_POINT('Ctrl Pts',(583.827511351451,-122.610844196248,13.5218649271112));
#2556=CARTESIAN_POINT('Ctrl Pts',(583.878840079768,-122.653678665981,13.559250274257));
#2557=CARTESIAN_POINT('Ctrl Pts',(583.906586568711,-122.669615858968,13.5835581764083));
#2558=CARTESIAN_POINT('Ctrl Pts',(583.966539378013,-122.694667375616,13.6526100104739));
#2559=CARTESIAN_POINT('Ctrl Pts',(583.996113067365,-122.700427906658,13.6986476380787));
#2560=CARTESIAN_POINT('Ctrl Pts',(584.040791962658,-122.705740725697,13.8076189119848));
#2561=CARTESIAN_POINT('Ctrl Pts',(584.055244617826,-122.705229508693,13.8718486231376));
#2562=CARTESIAN_POINT('Ctrl Pts',(584.055244617826,-122.705229508693,13.941374991523));
#2563=CARTESIAN_POINT('Origin',(580.45525580953,-122.714206152906,13.941374991523));
#2564=CARTESIAN_POINT('Origin',(582.954056998555,-125.326016370831,28.141374991523));
#2565=CARTESIAN_POINT('',(583.161970105224,-125.087747330448,28.141374991523));
#2566=CARTESIAN_POINT('Origin',(580.45525580953,-122.714206152906,26.141374991523));
#2567=CARTESIAN_POINT('',(583.434762873787,-124.734735205912,28.141374991523));
#2568=CARTESIAN_POINT('Origin',(583.612886849141,-124.473446390741,28.141374991523));
#2569=CARTESIAN_POINT('',(583.741331927285,-124.184479511271,28.141374991523));
#2570=CARTESIAN_POINT('Origin',(580.45525580953,-122.714206152906,26.141374991523));
#2571=CARTESIAN_POINT('',(583.897953128203,-123.766743644876,28.141374991523));
#2572=CARTESIAN_POINT('Origin',(583.991147324822,-123.46456019522,28.141374991523));
#2573=CARTESIAN_POINT('',(584.028711465577,-123.150571452015,28.141374991523));
#2574=CARTESIAN_POINT('Origin',(580.45525580953,-122.714206152906,26.141374991523));
#2575=CARTESIAN_POINT('',(584.055244617826,-122.705229508693,28.141374991523));
#2576=CARTESIAN_POINT('Origin',(584.055228322365,-122.389001750165,28.141374991523));
#2577=CARTESIAN_POINT('',(583.998573786977,-122.077890420976,28.141374991523));
#2578=CARTESIAN_POINT('Origin',(580.45525580953,-122.714206152906,26.141374991523));
#2579=CARTESIAN_POINT('',(583.892661303542,-121.644512986743,28.141374991523));
#2580=CARTESIAN_POINT('Origin',(583.799435963924,-121.342339143429,28.141374991523));
#2581=CARTESIAN_POINT('',(583.653596756486,-121.061748835144,28.141374991523));
#2582=CARTESIAN_POINT('Origin',(580.45525580953,-122.714206152906,26.141374991523));
#2583=CARTESIAN_POINT('',(583.424649426309,-120.678843396877,28.141374991523));
#2584=CARTESIAN_POINT('Origin',(583.246498523071,-120.417572940825,28.141374991523));
#2585=CARTESIAN_POINT('',(583.02443309717,-120.192435333685,28.141374991523));
#2586=CARTESIAN_POINT('Origin',(580.45525580953,-122.714206152906,26.141374991523));
#2587=CARTESIAN_POINT('',(582.692793895256,-119.894024719926,28.141374991523));
#2588=CARTESIAN_POINT('Origin',(582.445546917954,-119.696872677723,28.141374991523));
#2589=CARTESIAN_POINT('',(582.166986761198,-119.547192236122,28.141374991523));
#2590=CARTESIAN_POINT('Origin',(580.45525580953,-122.714206152906,26.141374991523));
#2591=CARTESIAN_POINT('',(581.762123286012,-119.359791539458,28.141374991523));
#2592=CARTESIAN_POINT('Origin',(581.467749213605,-119.244275735241,28.141374991523));
#2593=CARTESIAN_POINT('',(581.157445618363,-119.183352223278,28.141374991523));
#2594=CARTESIAN_POINT('Origin',(580.45525580953,-122.714206152906,26.141374991523));
#2595=CARTESIAN_POINT('',(580.715331766389,-119.123612818001,28.141374991523));
#2596=CARTESIAN_POINT('Origin',(580.399987027049,-119.099997337908,28.141374991523));
#2597=CARTESIAN_POINT('',(580.085511829504,-119.133244076978,28.141374991523));
#2598=CARTESIAN_POINT('Origin',(580.45525580953,-122.714206152906,26.141374991523));
#2599=CARTESIAN_POINT('',(579.645431356675,-119.20647407141,28.141374991523));
#2600=CARTESIAN_POINT('Origin',(579.33713571436,-119.276857254481,28.141374991523));
#2601=CARTESIAN_POINT('',(579.046431415865,-119.401320125918,28.141374991523));
#2602=CARTESIAN_POINT('Origin',(580.45525580953,-122.714206152906,26.141374991523));
#2603=CARTESIAN_POINT('',(578.647487403453,-119.601012713688,28.141374991523));
#2604=CARTESIAN_POINT('Origin',(579.971237413154,-126.296284626181,28.141374991523));
#2605=CARTESIAN_POINT('',(580.287155351903,-126.310279321815,28.141374991523));
#2606=CARTESIAN_POINT('',(579.662934518676,-126.22593321691,28.141374991523));
#2607=CARTESIAN_POINT('Origin',(580.45525580953,-122.714206152906,26.141374991523));
#2608=CARTESIAN_POINT('',(580.733234853779,-126.303457836887,28.141374991523));
#2609=CARTESIAN_POINT('Origin',(578.373634278916,-119.759140705236,28.141374991523));
#2610=CARTESIAN_POINT('',(578.132531232127,-119.963760636716,28.141374991523));
#2611=CARTESIAN_POINT('Origin',(580.45525580953,-122.714206152906,26.141374991523));
#2612=CARTESIAN_POINT('',(577.810171606372,-120.272172255065,28.141374991523));
#2613=CARTESIAN_POINT('Origin',(577.595094051513,-120.503994689108,28.141374991523));
#2614=CARTESIAN_POINT('',(577.425015320201,-120.770590301759,28.141374991523));
#2615=CARTESIAN_POINT('Origin',(580.45525580953,-122.714206152906,26.141374991523));
#2616=CARTESIAN_POINT('',(577.207883148502,-121.160317224955,28.141374991523));
#2617=CARTESIAN_POINT('Origin',(577.070691747922,-121.445235660891,28.141374991523));
#2618=CARTESIAN_POINT('',(576.986749573742,-121.750118764594,28.141374991523));
#2619=CARTESIAN_POINT('Origin',(580.45525580953,-122.714206152906,26.141374991523));
#2620=CARTESIAN_POINT('',(576.894138002425,-122.186532045222,28.141374991523));
#2621=CARTESIAN_POINT('Origin',(576.847022814121,-122.499230229676,28.141374991523));
#2622=CARTESIAN_POINT('',(576.856675827622,-122.815310622709,28.141374991523));
#2623=CARTESIAN_POINT('Origin',(580.45525580953,-122.714206152906,26.141374991523));
#2624=CARTESIAN_POINT('',(576.896813801217,-123.259633025617,28.141374991523));
#2625=CARTESIAN_POINT('Origin',(576.943961216431,-123.572326352646,28.141374991523));
#2626=CARTESIAN_POINT('',(577.046351705003,-123.871518904992,28.141374991523));
#2627=CARTESIAN_POINT('Origin',(580.45525580953,-122.714206152906,26.141374991523));
#2628=CARTESIAN_POINT('',(577.215672788414,-124.284270434805,28.141374991523));
#2629=CARTESIAN_POINT('Origin',(577.3528935524,-124.56917473007,28.141374991523));
#2630=CARTESIAN_POINT('',(577.538923671801,-124.824894870469,28.141374991523));
#2631=CARTESIAN_POINT('Origin',(580.45525580953,-122.714206152906,26.141374991523));
#2632=CARTESIAN_POINT('',(577.822382943712,-125.169400742432,28.141374991523));
#2633=CARTESIAN_POINT('Origin',(578.037484389408,-125.401201009018,28.141374991523));
#2634=CARTESIAN_POINT('',(578.290624547148,-125.590726880785,28.141374991523));
#2635=CARTESIAN_POINT('Origin',(580.45525580953,-122.714206152906,26.141374991523));
#2636=CARTESIAN_POINT('',(578.663035407311,-125.836376236337,28.141374991523));
#2637=CARTESIAN_POINT('Origin',(578.936904827309,-125.994476003317,28.141374991523));
#2638=CARTESIAN_POINT('',(579.234662409486,-126.100967401026,28.141374991523));
#2639=CARTESIAN_POINT('Origin',(580.45525580953,-122.714206152906,26.141374991523));
#2640=CARTESIAN_POINT('Origin',(581.048577157596,-126.279809857001,28.141374991523));
#2641=CARTESIAN_POINT('',(581.354584757678,-126.200064360439,28.141374991523));
#2642=CARTESIAN_POINT('Origin',(580.45525580953,-122.714206152906,26.141374991523));
#2643=CARTESIAN_POINT('Origin',(580.45525580953,-120.445936951815,26.141374991523));
#2644=CARTESIAN_POINT('',(583.2023192269,-121.277667750723,26.141374991523));
#2645=CARTESIAN_POINT('',(577.70819239216,-121.277667750724,26.141374991523));
#2646=CARTESIAN_POINT('Origin',(580.45525580953,-122.714206152906,26.141374991523));
#2647=CARTESIAN_POINT('',(583.55525580953,-122.714206152906,26.141374991523));
#2648=CARTESIAN_POINT('Origin',(580.45525580953,-122.714206152906,26.141374991523));
#2649=CARTESIAN_POINT('Origin',(580.45525580953,-122.714206152906,26.141374991523));
#2650=CARTESIAN_POINT('Ctrl Pts',(577.35525580953,-122.714206152906,26.191374991523));
#2651=CARTESIAN_POINT('Ctrl Pts',(577.35525580953,-125.814206152906,26.191374991523));
#2652=CARTESIAN_POINT('Ctrl Pts',(580.45525580953,-125.814206152906,26.191374991523));
#2653=CARTESIAN_POINT('Ctrl Pts',(583.55525580953,-125.814206152906,26.191374991523));
#2654=CARTESIAN_POINT('Ctrl Pts',(583.55525580953,-122.714206152906,26.191374991523));
#2655=CARTESIAN_POINT('Ctrl Pts',(583.55525580953,-119.614206152906,26.191374991523));
#2656=CARTESIAN_POINT('Ctrl Pts',(580.45525580953,-119.614206152906,26.191374991523));
#2657=CARTESIAN_POINT('Ctrl Pts',(577.35525580953,-119.614206152906,26.191374991523));
#2658=CARTESIAN_POINT('Ctrl Pts',(577.35525580953,-122.714206152906,26.191374991523));
#2659=CARTESIAN_POINT('Ctrl Pts',(577.35525580953,-122.714206152906,28.141374991523));
#2660=CARTESIAN_POINT('Ctrl Pts',(577.35525580953,-125.814206152906,28.141374991523));
#2661=CARTESIAN_POINT('Ctrl Pts',(580.45525580953,-125.814206152906,28.141374991523));
#2662=CARTESIAN_POINT('Ctrl Pts',(583.55525580953,-125.814206152906,28.141374991523));
#2663=CARTESIAN_POINT('Ctrl Pts',(583.55525580953,-122.714206152906,28.141374991523));
#2664=CARTESIAN_POINT('Ctrl Pts',(583.55525580953,-119.614206152906,28.141374991523));
#2665=CARTESIAN_POINT('Ctrl Pts',(580.45525580953,-119.614206152906,28.141374991523));
#2666=CARTESIAN_POINT('Ctrl Pts',(577.35525580953,-119.614206152906,28.141374991523));
#2667=CARTESIAN_POINT('Ctrl Pts',(577.35525580953,-122.714206152906,28.141374991523));
#2668=CARTESIAN_POINT('Ctrl Pts',(579.30525580953,-122.714206152906,28.141374991523));
#2669=CARTESIAN_POINT('Ctrl Pts',(579.30525580953,-123.864206152906,28.141374991523));
#2670=CARTESIAN_POINT('Ctrl Pts',(580.45525580953,-123.864206152906,28.141374991523));
#2671=CARTESIAN_POINT('Ctrl Pts',(581.60525580953,-123.864206152906,28.141374991523));
#2672=CARTESIAN_POINT('Ctrl Pts',(581.60525580953,-122.714206152906,28.141374991523));
#2673=CARTESIAN_POINT('Ctrl Pts',(581.60525580953,-121.564206152906,28.141374991523));
#2674=CARTESIAN_POINT('Ctrl Pts',(580.45525580953,-121.564206152906,28.141374991523));
#2675=CARTESIAN_POINT('Ctrl Pts',(579.30525580953,-121.564206152906,28.141374991523));
#2676=CARTESIAN_POINT('Ctrl Pts',(579.30525580953,-122.714206152906,28.141374991523));
#2677=CARTESIAN_POINT('',(579.30525580953,-122.714206152906,28.141374991523));
#2678=CARTESIAN_POINT('Origin',(580.45525580953,-122.714206152906,28.141374991523));
#2679=CARTESIAN_POINT('',(577.35525580953,-122.714206152906,26.191374991523));
#2680=CARTESIAN_POINT('Origin',(579.30525580953,-122.714206152906,26.191374991523));
#2681=CARTESIAN_POINT('',(583.55525580953,-122.714206152906,26.191374991523));
#2682=CARTESIAN_POINT('Origin',(580.45525580953,-122.714206152906,26.191374991523));
#2683=CARTESIAN_POINT('Origin',(580.45525580953,-122.714206152906,26.191374991523));
#2684=CARTESIAN_POINT('Origin',(580.45525580953,-122.714206152906,26.141374991523));
#2685=CARTESIAN_POINT('',(583.55525580953,-122.714206152906,26.141374991523));
#2686=CARTESIAN_POINT('Origin',(580.45525580953,-122.714206152906,26.141374991523));
#2687=CARTESIAN_POINT('Origin',(580.45525580953,-122.714206152906,26.141374991523));
#2688=CARTESIAN_POINT('Origin',(580.45525580953,-122.714206152906,28.141374991523));
#2689=CARTESIAN_POINT('Origin',(580.45525580953,-122.714206152906,26.141374991523));
#2690=CARTESIAN_POINT('',(583.55525580953,-122.714206152906,26.141374991523));
#2691=CARTESIAN_POINT('',(583.2023192269,-121.277667750723,16.161374991523));
#2692=CARTESIAN_POINT('',(583.2023192269,-121.277667750723,26.141374991523));
#2693=CARTESIAN_POINT('',(577.70819239216,-121.277667750724,16.161374991523));
#2694=CARTESIAN_POINT('Origin',(580.45525580953,-122.714206152906,16.161374991523));
#2695=CARTESIAN_POINT('',(577.70819239216,-121.277667750724,26.141374991523));
#2696=CARTESIAN_POINT('Origin',(583.2023192269,-121.277667750723,26.141374991523));
#2697=CARTESIAN_POINT('',(581.828787518215,-121.277667750723,26.141374991523));
#2698=CARTESIAN_POINT('',(577.70819239216,-121.277667750724,16.161374991523));
#2699=CARTESIAN_POINT('Origin',(580.45525580953,-120.445936951815,16.161374991523));
#2700=CARTESIAN_POINT('Origin',(580.45525580953,-122.714206152906,26.141374991523));
#2701=UNCERTAINTY_MEASURE_WITH_UNIT(LENGTH_MEASURE(0.01),#2705,
'DISTANCE_ACCURACY_VALUE',
'Maximum model space distance between geometric entities at asserted c
onnectivities');
#2702=UNCERTAINTY_MEASURE_WITH_UNIT(LENGTH_MEASURE(0.01),#2705,
'DISTANCE_ACCURACY_VALUE',
'Maximum model space distance between geometric entities at asserted c
onnectivities');
#2703=(
GEOMETRIC_REPRESENTATION_CONTEXT(3)
GLOBAL_UNCERTAINTY_ASSIGNED_CONTEXT((#2701))
GLOBAL_UNIT_ASSIGNED_CONTEXT((#2705,#2707,#2708))
REPRESENTATION_CONTEXT('','3D')
);
#2704=(
GEOMETRIC_REPRESENTATION_CONTEXT(3)
GLOBAL_UNCERTAINTY_ASSIGNED_CONTEXT((#2702))
GLOBAL_UNIT_ASSIGNED_CONTEXT((#2705,#2707,#2708))
REPRESENTATION_CONTEXT('','3D')
);
#2705=(
LENGTH_UNIT()
NAMED_UNIT(*)
SI_UNIT(.MILLI.,.METRE.)
);
#2706=(
LENGTH_UNIT()
NAMED_UNIT(*)
SI_UNIT($,.METRE.)
);
#2707=(
NAMED_UNIT(*)
PLANE_ANGLE_UNIT()
SI_UNIT($,.RADIAN.)
);
#2708=(
NAMED_UNIT(*)
SI_UNIT($,.STERADIAN.)
SOLID_ANGLE_UNIT()
);
#2709=SHAPE_DEFINITION_REPRESENTATION(#2710,#2711);
#2710=PRODUCT_DEFINITION_SHAPE('',$,#2713);
#2711=SHAPE_REPRESENTATION('',(#974),#2703);
#2712=PRODUCT_DEFINITION_CONTEXT('part definition',#2717,'design');
#2713=PRODUCT_DEFINITION('2026-08-10-23-32-01-729','Keyboard_Knob',#2714,
#2712);
#2714=PRODUCT_DEFINITION_FORMATION('',$,#2719);
#2715=PRODUCT_RELATED_PRODUCT_CATEGORY('Keyboard_Knob','Keyboard_Knob',
(#2719));
#2716=APPLICATION_PROTOCOL_DEFINITION('international standard',
'automotive_design',2009,#2717);
#2717=APPLICATION_CONTEXT(
'Core Data for Automotive Mechanical Design Process');
#2718=PRODUCT_CONTEXT('part definition',#2717,'mechanical');
#2719=PRODUCT('2026-08-10-23-32-01-729','Keyboard_Knob',$,(#2718));
#2720=PRESENTATION_STYLE_ASSIGNMENT((#2721));
#2721=SURFACE_STYLE_USAGE(.BOTH.,#2722);
#2722=SURFACE_SIDE_STYLE('',(#2723));
#2723=SURFACE_STYLE_FILL_AREA(#2724);
#2724=FILL_AREA_STYLE('Rilsan Invent Natural - PA 11',(#2725));
#2725=FILL_AREA_STYLE_COLOUR('Rilsan Invent Natural - PA 11',#2726);
#2726=COLOUR_RGB('Rilsan Invent Natural - PA 11',0.964705882352941,0.964705882352941,
0.952941176470588);
ENDSEC;
END-ISO-10303-21;
