ISO-10303-21;
HEADER;
/* Generated by software containing ST-Developer
 * from STEP Tools, Inc. (www.steptools.com) 
 */

FILE_DESCRIPTION(
/* description */ (''),
/* implementation_level */ '2;1');

FILE_NAME(
/* name */ 'Top_Keyboard2.step',
/* time_stamp */ '2026-08-10T23:23:25-04:00',
/* author */ (''),
/* organization */ (''),
/* preprocessor_version */ 'ST-DEVELOPER v20.1',
/* originating_system */ 'Autodesk Translation Framework v15.8.0.0',
/* authorisation */ '');

FILE_SCHEMA (('AUTOMOTIVE_DESIGN { 1 0 10303 214 3 1 1 }'));
ENDSEC;

DATA;
#10=MECHANICAL_DESIGN_GEOMETRIC_PRESENTATION_REPRESENTATION('',(#13),#16073);
#11=SHAPE_REPRESENTATION_RELATIONSHIP('SRR','None',#16080,#12);
#12=ADVANCED_BREP_SHAPE_REPRESENTATION('',(#14),#16072);
#13=STYLED_ITEM('',(#16090),#14);
#14=MANIFOLD_SOLID_BREP('Body1',#9561);
#15=TOROIDAL_SURFACE('',#10054,14.5,2.);
#16=ELLIPSE('',#10040,4.24264068711587,2.99999999999998);
#17=ELLIPSE('',#10041,4.24264068711926,3.00000000000001);
#18=ELLIPSE('',#10043,4.24264068711931,3.00000000000001);
#19=ELLIPSE('',#10045,4.24264068712272,3.00000000000002);
#20=FACE_BOUND('',#1289,.T.);
#21=FACE_BOUND('',#1290,.T.);
#22=FACE_BOUND('',#1291,.T.);
#23=FACE_BOUND('',#1292,.T.);
#24=FACE_BOUND('',#1293,.T.);
#25=FACE_BOUND('',#1294,.T.);
#26=FACE_BOUND('',#1295,.T.);
#27=FACE_BOUND('',#1296,.T.);
#28=FACE_BOUND('',#1297,.T.);
#29=FACE_BOUND('',#1298,.T.);
#30=FACE_BOUND('',#1299,.T.);
#31=FACE_BOUND('',#1300,.T.);
#32=FACE_BOUND('',#1301,.T.);
#33=FACE_BOUND('',#1302,.T.);
#34=FACE_BOUND('',#1303,.T.);
#35=FACE_BOUND('',#1304,.T.);
#36=FACE_BOUND('',#1305,.T.);
#37=FACE_BOUND('',#1306,.T.);
#38=FACE_BOUND('',#1307,.T.);
#39=FACE_BOUND('',#1308,.T.);
#40=FACE_BOUND('',#1309,.T.);
#41=FACE_BOUND('',#1310,.T.);
#42=FACE_BOUND('',#1311,.T.);
#43=FACE_BOUND('',#1312,.T.);
#44=FACE_BOUND('',#1313,.T.);
#45=FACE_BOUND('',#1314,.T.);
#46=FACE_BOUND('',#1315,.T.);
#47=FACE_BOUND('',#1316,.T.);
#48=FACE_BOUND('',#1317,.T.);
#49=FACE_BOUND('',#1318,.T.);
#50=FACE_BOUND('',#1319,.T.);
#51=FACE_BOUND('',#1320,.T.);
#52=FACE_BOUND('',#1321,.T.);
#53=FACE_BOUND('',#1322,.T.);
#54=FACE_BOUND('',#1323,.T.);
#55=FACE_BOUND('',#1324,.T.);
#56=FACE_BOUND('',#1325,.T.);
#57=FACE_BOUND('',#1326,.T.);
#58=FACE_BOUND('',#1327,.T.);
#59=FACE_BOUND('',#1328,.T.);
#60=FACE_BOUND('',#1329,.T.);
#61=FACE_BOUND('',#1330,.T.);
#62=FACE_BOUND('',#1331,.T.);
#63=FACE_BOUND('',#1332,.T.);
#64=FACE_BOUND('',#1333,.T.);
#65=FACE_BOUND('',#1334,.T.);
#66=FACE_BOUND('',#1335,.T.);
#67=FACE_BOUND('',#1336,.T.);
#68=FACE_BOUND('',#1337,.T.);
#69=FACE_BOUND('',#1338,.T.);
#70=FACE_BOUND('',#1339,.T.);
#71=FACE_BOUND('',#1340,.T.);
#72=FACE_BOUND('',#1343,.T.);
#73=FACE_BOUND('',#1344,.T.);
#74=FACE_BOUND('',#1345,.T.);
#75=FACE_BOUND('',#1346,.T.);
#76=FACE_BOUND('',#1347,.T.);
#77=FACE_BOUND('',#1348,.T.);
#78=FACE_BOUND('',#1349,.T.);
#79=FACE_BOUND('',#1350,.T.);
#80=FACE_BOUND('',#1351,.T.);
#81=FACE_BOUND('',#1352,.T.);
#82=FACE_BOUND('',#1353,.T.);
#83=FACE_BOUND('',#1354,.T.);
#84=FACE_BOUND('',#1355,.T.);
#85=FACE_BOUND('',#1356,.T.);
#86=FACE_BOUND('',#1357,.T.);
#87=FACE_BOUND('',#1358,.T.);
#88=FACE_BOUND('',#1359,.T.);
#89=FACE_BOUND('',#1360,.T.);
#90=FACE_BOUND('',#1361,.T.);
#91=FACE_BOUND('',#1362,.T.);
#92=FACE_BOUND('',#1363,.T.);
#93=FACE_BOUND('',#1364,.T.);
#94=FACE_BOUND('',#1365,.T.);
#95=FACE_BOUND('',#1366,.T.);
#96=FACE_BOUND('',#1367,.T.);
#97=FACE_BOUND('',#1368,.T.);
#98=FACE_BOUND('',#1369,.T.);
#99=FACE_BOUND('',#1370,.T.);
#100=FACE_BOUND('',#1371,.T.);
#101=FACE_BOUND('',#1372,.T.);
#102=FACE_BOUND('',#1373,.T.);
#103=FACE_BOUND('',#1374,.T.);
#104=FACE_BOUND('',#1375,.T.);
#105=FACE_BOUND('',#1376,.T.);
#106=FACE_BOUND('',#1377,.T.);
#107=FACE_BOUND('',#1378,.T.);
#108=FACE_BOUND('',#1379,.T.);
#109=FACE_BOUND('',#1380,.T.);
#110=FACE_BOUND('',#1381,.T.);
#111=FACE_BOUND('',#1382,.T.);
#112=FACE_BOUND('',#1383,.T.);
#113=FACE_BOUND('',#1384,.T.);
#114=FACE_BOUND('',#1385,.T.);
#115=FACE_BOUND('',#1386,.T.);
#116=FACE_BOUND('',#1387,.T.);
#117=FACE_BOUND('',#1388,.T.);
#118=FACE_BOUND('',#1389,.T.);
#119=FACE_BOUND('',#1390,.T.);
#120=FACE_BOUND('',#1391,.T.);
#121=FACE_BOUND('',#1392,.T.);
#122=FACE_BOUND('',#1393,.T.);
#123=FACE_BOUND('',#1394,.T.);
#124=FACE_BOUND('',#1404,.T.);
#125=FACE_BOUND('',#1406,.T.);
#126=FACE_BOUND('',#1410,.T.);
#127=FACE_BOUND('',#1844,.T.);
#128=CYLINDRICAL_SURFACE('',#9592,0.99999999999997);
#129=CYLINDRICAL_SURFACE('',#9598,3.);
#130=CYLINDRICAL_SURFACE('',#9600,5.00000000000001);
#131=CYLINDRICAL_SURFACE('',#9605,5.);
#132=CYLINDRICAL_SURFACE('',#9819,5.);
#133=CYLINDRICAL_SURFACE('',#10035,5.);
#134=CYLINDRICAL_SURFACE('',#10037,5.);
#135=CYLINDRICAL_SURFACE('',#10039,2.99999999999998);
#136=CYLINDRICAL_SURFACE('',#10042,3.00000000000001);
#137=CYLINDRICAL_SURFACE('',#10044,3.00000000000002);
#138=CYLINDRICAL_SURFACE('',#10046,3.00000000000001);
#139=CYLINDRICAL_SURFACE('',#10057,5.);
#140=CYLINDRICAL_SURFACE('',#10067,0.499999999999972);
#141=CYLINDRICAL_SURFACE('',#10069,0.499999999999972);
#142=CYLINDRICAL_SURFACE('',#10071,0.500000000000043);
#143=CYLINDRICAL_SURFACE('',#10073,0.500000000000114);
#144=CYLINDRICAL_SURFACE('',#10075,0.500000000000043);
#145=CYLINDRICAL_SURFACE('',#10077,0.499999999999972);
#146=CYLINDRICAL_SURFACE('',#10079,0.499999999999972);
#147=CYLINDRICAL_SURFACE('',#10081,0.499999999999972);
#148=CYLINDRICAL_SURFACE('',#10083,0.499999999999972);
#149=CYLINDRICAL_SURFACE('',#10085,0.499999999999972);
#150=CYLINDRICAL_SURFACE('',#10087,0.499999999999972);
#151=CYLINDRICAL_SURFACE('',#10089,0.499999999999972);
#152=CYLINDRICAL_SURFACE('',#10091,0.499999999999972);
#153=CYLINDRICAL_SURFACE('',#10093,0.499999999999972);
#154=CYLINDRICAL_SURFACE('',#10095,0.500000000000043);
#155=CYLINDRICAL_SURFACE('',#10097,0.499999999999972);
#156=CYLINDRICAL_SURFACE('',#10099,0.499999999999972);
#157=CYLINDRICAL_SURFACE('',#10101,0.499999999999972);
#158=CYLINDRICAL_SURFACE('',#10103,0.500000000000043);
#159=CYLINDRICAL_SURFACE('',#10105,0.499999999999972);
#160=CYLINDRICAL_SURFACE('',#10107,0.499999999999972);
#161=CYLINDRICAL_SURFACE('',#10109,0.499999999999972);
#162=CYLINDRICAL_SURFACE('',#10111,0.500000000000043);
#163=CYLINDRICAL_SURFACE('',#10113,0.500000000000114);
#164=CYLINDRICAL_SURFACE('',#10115,0.500000000000043);
#165=CYLINDRICAL_SURFACE('',#10117,0.499999999999972);
#166=CYLINDRICAL_SURFACE('',#10119,0.499999999999972);
#167=CYLINDRICAL_SURFACE('',#10121,0.499999999999972);
#168=CYLINDRICAL_SURFACE('',#10123,0.500000000000043);
#169=CYLINDRICAL_SURFACE('',#10125,0.499999999999972);
#170=CYLINDRICAL_SURFACE('',#10127,0.499999999999972);
#171=CYLINDRICAL_SURFACE('',#10129,0.500000000000114);
#172=CYLINDRICAL_SURFACE('',#10131,0.500000000000043);
#173=CYLINDRICAL_SURFACE('',#10133,0.499999999999972);
#174=CYLINDRICAL_SURFACE('',#10135,0.499999999999972);
#175=CYLINDRICAL_SURFACE('',#10137,0.500000000000114);
#176=CYLINDRICAL_SURFACE('',#10139,0.499999999999972);
#177=CYLINDRICAL_SURFACE('',#10141,0.499999999999972);
#178=CYLINDRICAL_SURFACE('',#10143,0.499999999999972);
#179=CYLINDRICAL_SURFACE('',#10145,0.499999999999972);
#180=CYLINDRICAL_SURFACE('',#10147,0.499999999999972);
#181=CYLINDRICAL_SURFACE('',#10149,0.499999999999972);
#182=CYLINDRICAL_SURFACE('',#10151,0.499999999999972);
#183=CYLINDRICAL_SURFACE('',#10153,0.499999999999972);
#184=CYLINDRICAL_SURFACE('',#10155,0.499999999999972);
#185=CYLINDRICAL_SURFACE('',#10157,0.499999999999972);
#186=CYLINDRICAL_SURFACE('',#10159,0.500000000000043);
#187=CYLINDRICAL_SURFACE('',#10161,0.500000000000114);
#188=CYLINDRICAL_SURFACE('',#10163,0.499999999999972);
#189=CYLINDRICAL_SURFACE('',#10165,0.499999999999972);
#190=CYLINDRICAL_SURFACE('',#10167,0.500000000000043);
#191=CYLINDRICAL_SURFACE('',#10169,0.499999999999972);
#192=CYLINDRICAL_SURFACE('',#10171,0.499999999999972);
#193=CYLINDRICAL_SURFACE('',#10173,0.499999999999972);
#194=CYLINDRICAL_SURFACE('',#10175,0.499999999999972);
#195=CYLINDRICAL_SURFACE('',#10177,0.499999999999972);
#196=CYLINDRICAL_SURFACE('',#10179,0.499999999999972);
#197=CYLINDRICAL_SURFACE('',#10181,0.499999999999972);
#198=CYLINDRICAL_SURFACE('',#10183,0.500000000000043);
#199=CYLINDRICAL_SURFACE('',#10185,0.499999999999972);
#200=CYLINDRICAL_SURFACE('',#10187,0.500000000000043);
#201=CYLINDRICAL_SURFACE('',#10189,0.499999999999972);
#202=CYLINDRICAL_SURFACE('',#10191,0.499999999999972);
#203=CYLINDRICAL_SURFACE('',#10193,0.499999999999972);
#204=CYLINDRICAL_SURFACE('',#10195,0.500000000000043);
#205=CYLINDRICAL_SURFACE('',#10197,0.499999999999972);
#206=CYLINDRICAL_SURFACE('',#10199,0.499999999999972);
#207=CYLINDRICAL_SURFACE('',#10201,0.500000000000114);
#208=CYLINDRICAL_SURFACE('',#10203,0.500000000000043);
#209=CYLINDRICAL_SURFACE('',#10205,0.499999999999972);
#210=CYLINDRICAL_SURFACE('',#10207,0.499999999999972);
#211=CYLINDRICAL_SURFACE('',#10209,0.499999999999972);
#212=CYLINDRICAL_SURFACE('',#10211,0.500000000000043);
#213=CYLINDRICAL_SURFACE('',#10213,0.499999999999972);
#214=CYLINDRICAL_SURFACE('',#10215,0.499999999999972);
#215=CYLINDRICAL_SURFACE('',#10217,0.499999999999972);
#216=CYLINDRICAL_SURFACE('',#10218,0.499999999999972);
#217=CYLINDRICAL_SURFACE('',#10220,0.499999999999972);
#218=CYLINDRICAL_SURFACE('',#10223,0.499999999999972);
#219=CYLINDRICAL_SURFACE('',#10225,0.499999999999972);
#220=CYLINDRICAL_SURFACE('',#10227,0.500000000000043);
#221=CYLINDRICAL_SURFACE('',#10229,0.500000000000114);
#222=CYLINDRICAL_SURFACE('',#10231,0.500000000000043);
#223=CYLINDRICAL_SURFACE('',#10233,0.499999999999972);
#224=CYLINDRICAL_SURFACE('',#10235,0.500000000000043);
#225=CYLINDRICAL_SURFACE('',#10237,0.499999999999972);
#226=CYLINDRICAL_SURFACE('',#10239,0.500000000000043);
#227=CYLINDRICAL_SURFACE('',#10241,0.499999999999972);
#228=CYLINDRICAL_SURFACE('',#10243,0.499999999999972);
#229=CYLINDRICAL_SURFACE('',#10245,0.499999999999972);
#230=CYLINDRICAL_SURFACE('',#10247,0.499999999999972);
#231=CYLINDRICAL_SURFACE('',#10249,0.499999999999972);
#232=CYLINDRICAL_SURFACE('',#10251,0.500000000000043);
#233=CYLINDRICAL_SURFACE('',#10253,0.499999999999972);
#234=CYLINDRICAL_SURFACE('',#10255,0.499999999999972);
#235=CYLINDRICAL_SURFACE('',#10257,0.499999999999972);
#236=CYLINDRICAL_SURFACE('',#10259,0.500000000000043);
#237=CYLINDRICAL_SURFACE('',#10261,0.499999999999972);
#238=CYLINDRICAL_SURFACE('',#10263,0.499999999999972);
#239=CYLINDRICAL_SURFACE('',#10265,0.499999999999972);
#240=CYLINDRICAL_SURFACE('',#10267,0.500000000000043);
#241=CYLINDRICAL_SURFACE('',#10269,0.499999999999972);
#242=CYLINDRICAL_SURFACE('',#10271,0.500000000000043);
#243=CYLINDRICAL_SURFACE('',#10273,0.499999999999972);
#244=CYLINDRICAL_SURFACE('',#10275,0.499999999999972);
#245=CYLINDRICAL_SURFACE('',#10277,0.499999999999972);
#246=CYLINDRICAL_SURFACE('',#10279,0.500000000000043);
#247=CYLINDRICAL_SURFACE('',#10281,0.499999999999972);
#248=CYLINDRICAL_SURFACE('',#10283,0.500000000000043);
#249=CYLINDRICAL_SURFACE('',#10285,0.499999999999972);
#250=CYLINDRICAL_SURFACE('',#10286,0.500000000000043);
#251=CYLINDRICAL_SURFACE('',#10288,0.499999999999972);
#252=CYLINDRICAL_SURFACE('',#10291,0.500000000000043);
#253=CYLINDRICAL_SURFACE('',#10293,0.499999999999972);
#254=CYLINDRICAL_SURFACE('',#10295,0.499999999999972);
#255=CYLINDRICAL_SURFACE('',#10297,0.499999999999972);
#256=CYLINDRICAL_SURFACE('',#10299,0.499999999999972);
#257=CYLINDRICAL_SURFACE('',#10301,0.499999999999972);
#258=CYLINDRICAL_SURFACE('',#10303,0.500000000000043);
#259=CYLINDRICAL_SURFACE('',#10305,0.499999999999972);
#260=CYLINDRICAL_SURFACE('',#10307,0.500000000000043);
#261=CYLINDRICAL_SURFACE('',#10309,0.499999999999972);
#262=CYLINDRICAL_SURFACE('',#10311,0.499999999999972);
#263=CYLINDRICAL_SURFACE('',#10313,0.500000000000114);
#264=CYLINDRICAL_SURFACE('',#10314,0.499999999999972);
#265=CYLINDRICAL_SURFACE('',#10316,0.499999999999972);
#266=CYLINDRICAL_SURFACE('',#10319,0.500000000000043);
#267=CYLINDRICAL_SURFACE('',#10321,0.499999999999972);
#268=CYLINDRICAL_SURFACE('',#10323,0.499999999999972);
#269=CYLINDRICAL_SURFACE('',#10325,0.499999999999972);
#270=CYLINDRICAL_SURFACE('',#10327,0.500000000000043);
#271=CYLINDRICAL_SURFACE('',#10329,0.499999999999972);
#272=CYLINDRICAL_SURFACE('',#10331,0.499999999999972);
#273=CYLINDRICAL_SURFACE('',#10333,0.500000000000114);
#274=CYLINDRICAL_SURFACE('',#10335,0.499999999999972);
#275=CYLINDRICAL_SURFACE('',#10337,0.499999999999972);
#276=CYLINDRICAL_SURFACE('',#10339,0.500000000000043);
#277=CYLINDRICAL_SURFACE('',#10341,0.500000000000114);
#278=CYLINDRICAL_SURFACE('',#10342,0.499999999999972);
#279=CYLINDRICAL_SURFACE('',#10344,0.499999999999972);
#280=CYLINDRICAL_SURFACE('',#10347,0.500000000000043);
#281=CYLINDRICAL_SURFACE('',#10349,0.499999999999972);
#282=CYLINDRICAL_SURFACE('',#10351,0.499999999999972);
#283=CYLINDRICAL_SURFACE('',#10353,0.499999999999972);
#284=CYLINDRICAL_SURFACE('',#10355,0.499999999999972);
#285=CYLINDRICAL_SURFACE('',#10357,0.499999999999972);
#286=CYLINDRICAL_SURFACE('',#10359,0.500000000000043);
#287=CYLINDRICAL_SURFACE('',#10361,0.499999999999972);
#288=CYLINDRICAL_SURFACE('',#10363,0.500000000000043);
#289=CYLINDRICAL_SURFACE('',#10365,0.499999999999972);
#290=CYLINDRICAL_SURFACE('',#10367,0.499999999999972);
#291=CYLINDRICAL_SURFACE('',#10369,0.500000000000114);
#292=CYLINDRICAL_SURFACE('',#10371,0.499999999999972);
#293=CYLINDRICAL_SURFACE('',#10373,0.499999999999972);
#294=CYLINDRICAL_SURFACE('',#10375,0.500000000000043);
#295=CYLINDRICAL_SURFACE('',#10377,0.499999999999972);
#296=CYLINDRICAL_SURFACE('',#10379,0.500000000000043);
#297=CYLINDRICAL_SURFACE('',#10381,0.499999999999972);
#298=CYLINDRICAL_SURFACE('',#10383,0.499999999999972);
#299=CYLINDRICAL_SURFACE('',#10385,0.499999999999972);
#300=CYLINDRICAL_SURFACE('',#10387,0.499999999999972);
#301=CYLINDRICAL_SURFACE('',#10389,0.499999999999972);
#302=CYLINDRICAL_SURFACE('',#10391,0.499999999999972);
#303=CYLINDRICAL_SURFACE('',#10393,0.499999999999972);
#304=CYLINDRICAL_SURFACE('',#10395,0.499999999999972);
#305=CYLINDRICAL_SURFACE('',#10397,0.499999999999972);
#306=CYLINDRICAL_SURFACE('',#10399,0.500000000000043);
#307=CYLINDRICAL_SURFACE('',#10401,0.500000000000114);
#308=CYLINDRICAL_SURFACE('',#10403,0.500000000000043);
#309=CYLINDRICAL_SURFACE('',#10405,0.499999999999972);
#310=CYLINDRICAL_SURFACE('',#10407,0.499999999999972);
#311=CYLINDRICAL_SURFACE('',#10409,0.500000000000114);
#312=CYLINDRICAL_SURFACE('',#10411,0.499999999999972);
#313=CYLINDRICAL_SURFACE('',#10413,0.499999999999972);
#314=CYLINDRICAL_SURFACE('',#10415,0.500000000000043);
#315=CYLINDRICAL_SURFACE('',#10417,0.499999999999972);
#316=CYLINDRICAL_SURFACE('',#10419,0.499999999999972);
#317=CYLINDRICAL_SURFACE('',#10421,0.499999999999972);
#318=CYLINDRICAL_SURFACE('',#10423,0.500000000000043);
#319=CYLINDRICAL_SURFACE('',#10425,0.500000000000114);
#320=CYLINDRICAL_SURFACE('',#10427,0.500000000000043);
#321=CYLINDRICAL_SURFACE('',#10429,0.499999999999972);
#322=CYLINDRICAL_SURFACE('',#10431,0.499999999999972);
#323=CYLINDRICAL_SURFACE('',#10433,0.499999999999972);
#324=CYLINDRICAL_SURFACE('',#10435,0.500000000000043);
#325=CYLINDRICAL_SURFACE('',#10437,0.499999999999972);
#326=CYLINDRICAL_SURFACE('',#10439,0.499999999999972);
#327=CYLINDRICAL_SURFACE('',#10441,0.499999999999972);
#328=CYLINDRICAL_SURFACE('',#10443,0.500000000000043);
#329=CYLINDRICAL_SURFACE('',#10445,0.499999999999972);
#330=CYLINDRICAL_SURFACE('',#10447,0.499999999999972);
#331=CYLINDRICAL_SURFACE('',#10449,0.500000000000114);
#332=CYLINDRICAL_SURFACE('',#10451,0.500000000000043);
#333=CYLINDRICAL_SURFACE('',#10453,0.499999999999972);
#334=CYLINDRICAL_SURFACE('',#10455,0.499999999999972);
#335=CYLINDRICAL_SURFACE('',#10457,0.500000000000114);
#336=CYLINDRICAL_SURFACE('',#10459,0.500000000000043);
#337=CYLINDRICAL_SURFACE('',#10461,0.499999999999972);
#338=CYLINDRICAL_SURFACE('',#10463,0.499999999999972);
#339=CYLINDRICAL_SURFACE('',#10465,0.499999999999972);
#340=CYLINDRICAL_SURFACE('',#10467,0.500000000000043);
#341=CYLINDRICAL_SURFACE('',#10469,0.500000000000114);
#342=CYLINDRICAL_SURFACE('',#10471,0.500000000000043);
#343=CYLINDRICAL_SURFACE('',#10473,0.499999999999972);
#344=CYLINDRICAL_SURFACE('',#10475,0.499999999999972);
#345=CYLINDRICAL_SURFACE('',#10477,0.499999999999972);
#346=CYLINDRICAL_SURFACE('',#10479,0.499999999999972);
#347=CYLINDRICAL_SURFACE('',#10481,0.499999999999972);
#348=CYLINDRICAL_SURFACE('',#10483,0.500000000000043);
#349=CYLINDRICAL_SURFACE('',#10485,0.499999999999972);
#350=CYLINDRICAL_SURFACE('',#10487,0.499999999999972);
#351=CYLINDRICAL_SURFACE('',#10489,0.499999999999972);
#352=CIRCLE('',#9587,5.);
#353=CIRCLE('',#9588,5.);
#354=CIRCLE('',#9589,5.);
#355=CIRCLE('',#9590,5.);
#356=CIRCLE('',#9593,0.99999999999997);
#357=CIRCLE('',#9594,0.99999999999997);
#358=CIRCLE('',#9596,3.);
#359=CIRCLE('',#9597,5.00000000000001);
#360=CIRCLE('',#9599,3.);
#361=CIRCLE('',#9601,5.00000000000001);
#362=CIRCLE('',#9606,5.);
#363=CIRCLE('',#9609,5.);
#364=CIRCLE('',#9610,0.499999999999972);
#365=CIRCLE('',#9611,0.499999999999972);
#366=CIRCLE('',#9612,0.499999999999972);
#367=CIRCLE('',#9613,0.499999999999972);
#368=CIRCLE('',#9614,0.499999999999972);
#369=CIRCLE('',#9615,0.499999999999972);
#370=CIRCLE('',#9616,0.500000000000043);
#371=CIRCLE('',#9617,0.499999999999972);
#372=CIRCLE('',#9618,14.5);
#373=CIRCLE('',#9619,0.499999999999972);
#374=CIRCLE('',#9620,0.500000000000043);
#375=CIRCLE('',#9621,0.499999999999972);
#376=CIRCLE('',#9622,0.499999999999972);
#377=CIRCLE('',#9623,0.499999999999972);
#378=CIRCLE('',#9624,0.499999999999972);
#379=CIRCLE('',#9625,0.499999999999972);
#380=CIRCLE('',#9626,0.499999999999972);
#381=CIRCLE('',#9627,0.499999999999972);
#382=CIRCLE('',#9628,0.500000000000043);
#383=CIRCLE('',#9629,0.500000000000114);
#384=CIRCLE('',#9630,0.500000000000043);
#385=CIRCLE('',#9631,0.500000000000114);
#386=CIRCLE('',#9632,0.500000000000043);
#387=CIRCLE('',#9633,0.499999999999972);
#388=CIRCLE('',#9634,0.499999999999972);
#389=CIRCLE('',#9635,0.500000000000114);
#390=CIRCLE('',#9636,0.500000000000043);
#391=CIRCLE('',#9637,0.499999999999972);
#392=CIRCLE('',#9638,0.499999999999972);
#393=CIRCLE('',#9639,0.499999999999972);
#394=CIRCLE('',#9640,0.500000000000043);
#395=CIRCLE('',#9641,0.499999999999972);
#396=CIRCLE('',#9642,0.499999999999972);
#397=CIRCLE('',#9643,0.499999999999972);
#398=CIRCLE('',#9644,0.500000000000043);
#399=CIRCLE('',#9645,0.499999999999972);
#400=CIRCLE('',#9646,0.499999999999972);
#401=CIRCLE('',#9647,0.500000000000114);
#402=CIRCLE('',#9648,0.499999999999972);
#403=CIRCLE('',#9649,0.499999999999972);
#404=CIRCLE('',#9650,0.500000000000043);
#405=CIRCLE('',#9651,0.499999999999972);
#406=CIRCLE('',#9652,0.499999999999972);
#407=CIRCLE('',#9653,0.499999999999972);
#408=CIRCLE('',#9654,0.500000000000043);
#409=CIRCLE('',#9655,0.500000000000114);
#410=CIRCLE('',#9656,0.500000000000043);
#411=CIRCLE('',#9657,0.499999999999972);
#412=CIRCLE('',#9658,0.499999999999972);
#413=CIRCLE('',#9659,0.500000000000114);
#414=CIRCLE('',#9660,0.499999999999972);
#415=CIRCLE('',#9661,0.499999999999972);
#416=CIRCLE('',#9662,0.500000000000043);
#417=CIRCLE('',#9663,0.499999999999972);
#418=CIRCLE('',#9664,0.499999999999972);
#419=CIRCLE('',#9665,0.499999999999972);
#420=CIRCLE('',#9666,0.499999999999972);
#421=CIRCLE('',#9667,0.499999999999972);
#422=CIRCLE('',#9668,0.500000000000043);
#423=CIRCLE('',#9669,0.499999999999972);
#424=CIRCLE('',#9670,0.499999999999972);
#425=CIRCLE('',#9671,0.499999999999972);
#426=CIRCLE('',#9672,0.499999999999972);
#427=CIRCLE('',#9673,0.499999999999972);
#428=CIRCLE('',#9674,0.500000000000043);
#429=CIRCLE('',#9675,0.500000000000114);
#430=CIRCLE('',#9676,0.500000000000043);
#431=CIRCLE('',#9677,0.499999999999972);
#432=CIRCLE('',#9678,0.499999999999972);
#433=CIRCLE('',#9679,0.499999999999972);
#434=CIRCLE('',#9680,0.499999999999972);
#435=CIRCLE('',#9681,0.499999999999972);
#436=CIRCLE('',#9682,0.500000000000043);
#437=CIRCLE('',#9683,0.499999999999972);
#438=CIRCLE('',#9684,0.500000000000043);
#439=CIRCLE('',#9685,0.499999999999972);
#440=CIRCLE('',#9686,0.499999999999972);
#441=CIRCLE('',#9687,0.500000000000114);
#442=CIRCLE('',#9688,0.499999999999972);
#443=CIRCLE('',#9689,0.499999999999972);
#444=CIRCLE('',#9690,0.500000000000043);
#445=CIRCLE('',#9691,0.500000000000114);
#446=CIRCLE('',#9692,0.500000000000043);
#447=CIRCLE('',#9693,0.499999999999972);
#448=CIRCLE('',#9694,0.499999999999972);
#449=CIRCLE('',#9695,0.499999999999972);
#450=CIRCLE('',#9696,0.500000000000043);
#451=CIRCLE('',#9697,0.499999999999972);
#452=CIRCLE('',#9698,0.499999999999972);
#453=CIRCLE('',#9699,0.500000000000114);
#454=CIRCLE('',#9700,0.500000000000043);
#455=CIRCLE('',#9701,0.499999999999972);
#456=CIRCLE('',#9702,0.499999999999972);
#457=CIRCLE('',#9703,0.499999999999972);
#458=CIRCLE('',#9704,0.499999999999972);
#459=CIRCLE('',#9705,0.499999999999972);
#460=CIRCLE('',#9706,0.500000000000043);
#461=CIRCLE('',#9707,0.499999999999972);
#462=CIRCLE('',#9708,0.500000000000043);
#463=CIRCLE('',#9709,0.499999999999972);
#464=CIRCLE('',#9710,0.499999999999972);
#465=CIRCLE('',#9711,0.499999999999972);
#466=CIRCLE('',#9712,0.500000000000043);
#467=CIRCLE('',#9713,0.499999999999972);
#468=CIRCLE('',#9714,0.500000000000043);
#469=CIRCLE('',#9715,0.499999999999972);
#470=CIRCLE('',#9716,0.500000000000043);
#471=CIRCLE('',#9717,0.499999999999972);
#472=CIRCLE('',#9718,0.499999999999972);
#473=CIRCLE('',#9719,0.499999999999972);
#474=CIRCLE('',#9720,0.499999999999972);
#475=CIRCLE('',#9721,0.499999999999972);
#476=CIRCLE('',#9722,0.500000000000043);
#477=CIRCLE('',#9723,0.499999999999972);
#478=CIRCLE('',#9724,0.499999999999972);
#479=CIRCLE('',#9725,0.499999999999972);
#480=CIRCLE('',#9726,0.500000000000043);
#481=CIRCLE('',#9727,0.499999999999972);
#482=CIRCLE('',#9728,0.499999999999972);
#483=CIRCLE('',#9729,0.499999999999972);
#484=CIRCLE('',#9730,0.500000000000043);
#485=CIRCLE('',#9731,0.499999999999972);
#486=CIRCLE('',#9732,0.500000000000043);
#487=CIRCLE('',#9733,0.499999999999972);
#488=CIRCLE('',#9734,0.499999999999972);
#489=CIRCLE('',#9735,0.499999999999972);
#490=CIRCLE('',#9736,0.500000000000043);
#491=CIRCLE('',#9737,0.499999999999972);
#492=CIRCLE('',#9738,0.500000000000043);
#493=CIRCLE('',#9739,0.500000000000114);
#494=CIRCLE('',#9740,0.499999999999972);
#495=CIRCLE('',#9741,0.499999999999972);
#496=CIRCLE('',#9742,0.500000000000043);
#497=CIRCLE('',#9743,0.499999999999972);
#498=CIRCLE('',#9744,0.500000000000043);
#499=CIRCLE('',#9745,0.499999999999972);
#500=CIRCLE('',#9746,0.499999999999972);
#501=CIRCLE('',#9747,0.499999999999972);
#502=CIRCLE('',#9748,0.500000000000043);
#503=CIRCLE('',#9749,0.499999999999972);
#504=CIRCLE('',#9750,0.499999999999972);
#505=CIRCLE('',#9751,0.500000000000114);
#506=CIRCLE('',#9752,0.500000000000043);
#507=CIRCLE('',#9753,0.499999999999972);
#508=CIRCLE('',#9754,0.499999999999972);
#509=CIRCLE('',#9755,0.499999999999972);
#510=CIRCLE('',#9756,0.500000000000043);
#511=CIRCLE('',#9757,0.499999999999972);
#512=CIRCLE('',#9758,0.499999999999972);
#513=CIRCLE('',#9759,0.499999999999972);
#514=CIRCLE('',#9760,0.499999999999972);
#515=CIRCLE('',#9761,0.499999999999972);
#516=CIRCLE('',#9762,0.500000000000043);
#517=CIRCLE('',#9763,0.499999999999972);
#518=CIRCLE('',#9764,0.499999999999972);
#519=CIRCLE('',#9765,0.499999999999972);
#520=CIRCLE('',#9766,0.499999999999972);
#521=CIRCLE('',#9767,0.499999999999972);
#522=CIRCLE('',#9768,0.499999999999972);
#523=CIRCLE('',#9769,0.499999999999972);
#524=CIRCLE('',#9770,0.500000000000043);
#525=CIRCLE('',#9771,0.500000000000114);
#526=CIRCLE('',#9772,0.499999999999972);
#527=CIRCLE('',#9773,0.499999999999972);
#528=CIRCLE('',#9774,0.500000000000043);
#529=CIRCLE('',#9775,0.499999999999972);
#530=CIRCLE('',#9776,0.499999999999972);
#531=CIRCLE('',#9777,0.499999999999972);
#532=CIRCLE('',#9778,0.499999999999972);
#533=CIRCLE('',#9779,0.499999999999972);
#534=CIRCLE('',#9780,0.499999999999972);
#535=CIRCLE('',#9781,0.499999999999972);
#536=CIRCLE('',#9782,0.499999999999972);
#537=CIRCLE('',#9783,0.500000000000114);
#538=CIRCLE('',#9784,0.500000000000043);
#539=CIRCLE('',#9785,0.499999999999972);
#540=CIRCLE('',#9786,0.499999999999972);
#541=CIRCLE('',#9787,0.500000000000114);
#542=CIRCLE('',#9788,0.500000000000043);
#543=CIRCLE('',#9789,0.499999999999972);
#544=CIRCLE('',#9790,0.499999999999972);
#545=CIRCLE('',#9791,0.499999999999972);
#546=CIRCLE('',#9792,0.500000000000043);
#547=CIRCLE('',#9793,0.499999999999972);
#548=CIRCLE('',#9794,0.499999999999972);
#549=CIRCLE('',#9795,0.500000000000114);
#550=CIRCLE('',#9796,0.499999999999972);
#551=CIRCLE('',#9797,0.499999999999972);
#552=CIRCLE('',#9798,0.500000000000043);
#553=CIRCLE('',#9799,0.499999999999972);
#554=CIRCLE('',#9800,0.499999999999972);
#555=CIRCLE('',#9801,0.499999999999972);
#556=CIRCLE('',#9802,0.500000000000043);
#557=CIRCLE('',#9803,0.499999999999972);
#558=CIRCLE('',#9804,0.499999999999972);
#559=CIRCLE('',#9805,0.499999999999972);
#560=CIRCLE('',#9806,0.500000000000043);
#561=CIRCLE('',#9807,0.499999999999972);
#562=CIRCLE('',#9808,0.499999999999972);
#563=CIRCLE('',#9809,0.499999999999972);
#564=CIRCLE('',#9810,0.499999999999972);
#565=CIRCLE('',#9811,0.499999999999972);
#566=CIRCLE('',#9812,0.500000000000043);
#567=CIRCLE('',#9813,0.499999999999972);
#568=CIRCLE('',#9814,0.499999999999972);
#569=CIRCLE('',#9815,0.500000000000114);
#570=CIRCLE('',#9816,0.499999999999972);
#571=CIRCLE('',#9817,0.499999999999972);
#572=CIRCLE('',#9818,0.500000000000043);
#573=CIRCLE('',#9821,0.499999999999972);
#574=CIRCLE('',#9822,0.500000000000043);
#575=CIRCLE('',#9823,0.499999999999972);
#576=CIRCLE('',#9824,0.499999999999972);
#577=CIRCLE('',#9825,0.499999999999972);
#578=CIRCLE('',#9826,0.499999999999972);
#579=CIRCLE('',#9827,0.499999999999972);
#580=CIRCLE('',#9828,0.499999999999972);
#581=CIRCLE('',#9829,5.);
#582=CIRCLE('',#9830,5.);
#583=CIRCLE('',#9831,0.500000000000114);
#584=CIRCLE('',#9832,0.500000000000043);
#585=CIRCLE('',#9833,0.499999999999972);
#586=CIRCLE('',#9834,0.499999999999972);
#587=CIRCLE('',#9835,0.499999999999972);
#588=CIRCLE('',#9836,0.499999999999972);
#589=CIRCLE('',#9837,0.499999999999972);
#590=CIRCLE('',#9838,0.500000000000043);
#591=CIRCLE('',#9839,0.499999999999972);
#592=CIRCLE('',#9840,0.499999999999972);
#593=CIRCLE('',#9841,0.499999999999972);
#594=CIRCLE('',#9842,0.499999999999972);
#595=CIRCLE('',#9843,0.499999999999972);
#596=CIRCLE('',#9844,0.500000000000043);
#597=CIRCLE('',#9845,0.499999999999972);
#598=CIRCLE('',#9846,0.499999999999972);
#599=CIRCLE('',#9847,0.499999999999972);
#600=CIRCLE('',#9848,0.500000000000043);
#601=CIRCLE('',#9849,0.499999999999972);
#602=CIRCLE('',#9850,0.499999999999972);
#603=CIRCLE('',#9851,0.500000000000114);
#604=CIRCLE('',#9852,0.500000000000043);
#605=CIRCLE('',#9853,0.499999999999972);
#606=CIRCLE('',#9854,0.499999999999972);
#607=CIRCLE('',#9855,0.499999999999972);
#608=CIRCLE('',#9856,0.499999999999972);
#609=CIRCLE('',#9857,0.499999999999972);
#610=CIRCLE('',#9858,0.500000000000043);
#611=CIRCLE('',#9859,0.500000000000114);
#612=CIRCLE('',#9860,0.499999999999972);
#613=CIRCLE('',#9861,0.499999999999972);
#614=CIRCLE('',#9862,0.500000000000043);
#615=CIRCLE('',#9863,0.500000000000114);
#616=CIRCLE('',#9864,0.499999999999972);
#617=CIRCLE('',#9865,0.499999999999972);
#618=CIRCLE('',#9866,0.500000000000043);
#619=CIRCLE('',#9867,0.499999999999972);
#620=CIRCLE('',#9868,0.499999999999972);
#621=CIRCLE('',#9869,0.499999999999972);
#622=CIRCLE('',#9870,0.499999999999972);
#623=CIRCLE('',#9871,0.499999999999972);
#624=CIRCLE('',#9872,0.499999999999972);
#625=CIRCLE('',#9873,0.499999999999972);
#626=CIRCLE('',#9874,0.499999999999972);
#627=CIRCLE('',#9875,0.500000000000114);
#628=CIRCLE('',#9876,0.500000000000043);
#629=CIRCLE('',#9877,0.499999999999972);
#630=CIRCLE('',#9878,0.499999999999972);
#631=CIRCLE('',#9879,0.499999999999972);
#632=CIRCLE('',#9880,0.500000000000043);
#633=CIRCLE('',#9881,0.499999999999972);
#634=CIRCLE('',#9882,0.499999999999972);
#635=CIRCLE('',#9883,0.499999999999972);
#636=CIRCLE('',#9884,0.499999999999972);
#637=CIRCLE('',#9885,0.499999999999972);
#638=CIRCLE('',#9886,0.499999999999972);
#639=CIRCLE('',#9887,0.499999999999972);
#640=CIRCLE('',#9888,0.500000000000043);
#641=CIRCLE('',#9889,0.499999999999972);
#642=CIRCLE('',#9890,0.499999999999972);
#643=CIRCLE('',#9891,0.499999999999972);
#644=CIRCLE('',#9892,0.499999999999972);
#645=CIRCLE('',#9893,0.499999999999972);
#646=CIRCLE('',#9894,0.500000000000043);
#647=CIRCLE('',#9895,0.500000000000114);
#648=CIRCLE('',#9896,0.499999999999972);
#649=CIRCLE('',#9897,0.499999999999972);
#650=CIRCLE('',#9898,0.500000000000043);
#651=CIRCLE('',#9899,0.499999999999972);
#652=CIRCLE('',#9900,0.499999999999972);
#653=CIRCLE('',#9901,0.499999999999972);
#654=CIRCLE('',#9902,0.500000000000043);
#655=CIRCLE('',#9903,0.499999999999972);
#656=CIRCLE('',#9904,0.499999999999972);
#657=CIRCLE('',#9905,0.499999999999972);
#658=CIRCLE('',#9906,0.500000000000043);
#659=CIRCLE('',#9907,0.500000000000114);
#660=CIRCLE('',#9908,0.500000000000043);
#661=CIRCLE('',#9909,0.499999999999972);
#662=CIRCLE('',#9910,0.499999999999972);
#663=CIRCLE('',#9911,0.499999999999972);
#664=CIRCLE('',#9912,0.500000000000043);
#665=CIRCLE('',#9913,0.499999999999972);
#666=CIRCLE('',#9914,0.500000000000043);
#667=CIRCLE('',#9915,0.499999999999972);
#668=CIRCLE('',#9916,0.499999999999972);
#669=CIRCLE('',#9917,0.499999999999972);
#670=CIRCLE('',#9918,0.500000000000043);
#671=CIRCLE('',#9919,0.499999999999972);
#672=CIRCLE('',#9920,0.500000000000043);
#673=CIRCLE('',#9921,0.499999999999972);
#674=CIRCLE('',#9922,0.499999999999972);
#675=CIRCLE('',#9923,0.499999999999972);
#676=CIRCLE('',#9924,0.500000000000043);
#677=CIRCLE('',#9925,0.499999999999972);
#678=CIRCLE('',#9926,0.499999999999972);
#679=CIRCLE('',#9927,0.499999999999972);
#680=CIRCLE('',#9928,0.500000000000043);
#681=CIRCLE('',#9929,0.499999999999972);
#682=CIRCLE('',#9930,0.499999999999972);
#683=CIRCLE('',#9931,0.499999999999972);
#684=CIRCLE('',#9932,0.499999999999972);
#685=CIRCLE('',#9933,0.499999999999972);
#686=CIRCLE('',#9934,0.500000000000043);
#687=CIRCLE('',#9935,0.499999999999972);
#688=CIRCLE('',#9936,0.500000000000043);
#689=CIRCLE('',#9937,0.499999999999972);
#690=CIRCLE('',#9938,0.500000000000043);
#691=CIRCLE('',#9939,0.499999999999972);
#692=CIRCLE('',#9940,0.499999999999972);
#693=CIRCLE('',#9941,0.499999999999972);
#694=CIRCLE('',#9942,0.500000000000043);
#695=CIRCLE('',#9943,0.499999999999972);
#696=CIRCLE('',#9944,0.500000000000043);
#697=CIRCLE('',#9945,0.499999999999972);
#698=CIRCLE('',#9946,0.499999999999972);
#699=CIRCLE('',#9947,0.500000000000114);
#700=CIRCLE('',#9948,0.499999999999972);
#701=CIRCLE('',#9949,0.499999999999972);
#702=CIRCLE('',#9950,0.500000000000043);
#703=CIRCLE('',#9951,0.499999999999972);
#704=CIRCLE('',#9952,0.499999999999972);
#705=CIRCLE('',#9953,0.499999999999972);
#706=CIRCLE('',#9954,0.500000000000043);
#707=CIRCLE('',#9955,0.500000000000114);
#708=CIRCLE('',#9956,0.499999999999972);
#709=CIRCLE('',#9957,0.499999999999972);
#710=CIRCLE('',#9958,0.500000000000043);
#711=CIRCLE('',#9959,0.500000000000114);
#712=CIRCLE('',#9960,0.500000000000043);
#713=CIRCLE('',#9961,0.499999999999972);
#714=CIRCLE('',#9962,0.499999999999972);
#715=CIRCLE('',#9963,0.499999999999972);
#716=CIRCLE('',#9964,0.499999999999972);
#717=CIRCLE('',#9965,0.499999999999972);
#718=CIRCLE('',#9966,0.500000000000043);
#719=CIRCLE('',#9967,0.499999999999972);
#720=CIRCLE('',#9968,0.500000000000043);
#721=CIRCLE('',#9969,0.499999999999972);
#722=CIRCLE('',#9970,0.499999999999972);
#723=CIRCLE('',#9971,0.500000000000114);
#724=CIRCLE('',#9972,0.499999999999972);
#725=CIRCLE('',#9973,0.499999999999972);
#726=CIRCLE('',#9974,0.500000000000043);
#727=CIRCLE('',#9975,0.499999999999972);
#728=CIRCLE('',#9976,0.500000000000043);
#729=CIRCLE('',#9977,0.499999999999972);
#730=CIRCLE('',#9978,0.499999999999972);
#731=CIRCLE('',#9979,0.499999999999972);
#732=CIRCLE('',#9980,0.499999999999972);
#733=CIRCLE('',#9981,0.499999999999972);
#734=CIRCLE('',#9982,0.500000000000043);
#735=CIRCLE('',#9983,0.499999999999972);
#736=CIRCLE('',#9984,0.499999999999972);
#737=CIRCLE('',#9985,0.499999999999972);
#738=CIRCLE('',#9986,0.499999999999972);
#739=CIRCLE('',#9987,0.500000000000114);
#740=CIRCLE('',#9988,0.500000000000043);
#741=CIRCLE('',#9989,0.499999999999972);
#742=CIRCLE('',#9990,0.499999999999972);
#743=CIRCLE('',#9991,0.500000000000114);
#744=CIRCLE('',#9992,0.499999999999972);
#745=CIRCLE('',#9993,0.499999999999972);
#746=CIRCLE('',#9994,0.500000000000043);
#747=CIRCLE('',#9995,0.499999999999972);
#748=CIRCLE('',#9996,0.500000000000043);
#749=CIRCLE('',#9997,0.499999999999972);
#750=CIRCLE('',#9998,0.499999999999972);
#751=CIRCLE('',#9999,0.500000000000114);
#752=CIRCLE('',#10000,0.500000000000043);
#753=CIRCLE('',#10001,0.499999999999972);
#754=CIRCLE('',#10002,0.499999999999972);
#755=CIRCLE('',#10003,0.499999999999972);
#756=CIRCLE('',#10004,0.499999999999972);
#757=CIRCLE('',#10005,0.499999999999972);
#758=CIRCLE('',#10006,0.500000000000043);
#759=CIRCLE('',#10007,0.499999999999972);
#760=CIRCLE('',#10008,0.499999999999972);
#761=CIRCLE('',#10009,0.499999999999972);
#762=CIRCLE('',#10010,0.500000000000043);
#763=CIRCLE('',#10011,0.500000000000114);
#764=CIRCLE('',#10012,0.499999999999972);
#765=CIRCLE('',#10013,0.499999999999972);
#766=CIRCLE('',#10014,0.500000000000043);
#767=CIRCLE('',#10015,0.500000000000114);
#768=CIRCLE('',#10016,0.499999999999972);
#769=CIRCLE('',#10017,0.499999999999972);
#770=CIRCLE('',#10018,0.500000000000043);
#771=CIRCLE('',#10019,0.499999999999972);
#772=CIRCLE('',#10020,0.499999999999972);
#773=CIRCLE('',#10021,0.499999999999972);
#774=CIRCLE('',#10022,0.500000000000043);
#775=CIRCLE('',#10023,0.499999999999972);
#776=CIRCLE('',#10024,0.500000000000043);
#777=CIRCLE('',#10025,0.500000000000114);
#778=CIRCLE('',#10026,0.500000000000043);
#779=CIRCLE('',#10027,0.499999999999972);
#780=CIRCLE('',#10028,0.499999999999972);
#781=CIRCLE('',#10029,0.499999999999972);
#782=CIRCLE('',#10030,0.499999999999972);
#783=CIRCLE('',#10031,0.499999999999972);
#784=CIRCLE('',#10032,0.499999999999972);
#785=CIRCLE('',#10033,0.499999999999972);
#786=CIRCLE('',#10034,0.500000000000043);
#787=CIRCLE('',#10049,0.500000000000043);
#788=CIRCLE('',#10050,0.499999999999972);
#789=CIRCLE('',#10051,0.499999999999972);
#790=CIRCLE('',#10052,0.499999999999972);
#791=CIRCLE('',#10053,5.);
#792=CIRCLE('',#10055,12.5);
#793=CIRCLE('',#10056,2.);
#794=CIRCLE('',#10058,5.);
#795=FACE_OUTER_BOUND('',#1266,.T.);
#796=FACE_OUTER_BOUND('',#1267,.T.);
#797=FACE_OUTER_BOUND('',#1268,.T.);
#798=FACE_OUTER_BOUND('',#1269,.T.);
#799=FACE_OUTER_BOUND('',#1270,.T.);
#800=FACE_OUTER_BOUND('',#1271,.T.);
#801=FACE_OUTER_BOUND('',#1272,.T.);
#802=FACE_OUTER_BOUND('',#1273,.T.);
#803=FACE_OUTER_BOUND('',#1274,.T.);
#804=FACE_OUTER_BOUND('',#1275,.T.);
#805=FACE_OUTER_BOUND('',#1276,.T.);
#806=FACE_OUTER_BOUND('',#1277,.T.);
#807=FACE_OUTER_BOUND('',#1278,.T.);
#808=FACE_OUTER_BOUND('',#1279,.T.);
#809=FACE_OUTER_BOUND('',#1280,.T.);
#810=FACE_OUTER_BOUND('',#1281,.T.);
#811=FACE_OUTER_BOUND('',#1282,.T.);
#812=FACE_OUTER_BOUND('',#1283,.T.);
#813=FACE_OUTER_BOUND('',#1284,.T.);
#814=FACE_OUTER_BOUND('',#1285,.T.);
#815=FACE_OUTER_BOUND('',#1286,.T.);
#816=FACE_OUTER_BOUND('',#1287,.T.);
#817=FACE_OUTER_BOUND('',#1288,.T.);
#818=FACE_OUTER_BOUND('',#1341,.T.);
#819=FACE_OUTER_BOUND('',#1342,.T.);
#820=FACE_OUTER_BOUND('',#1395,.T.);
#821=FACE_OUTER_BOUND('',#1396,.T.);
#822=FACE_OUTER_BOUND('',#1397,.T.);
#823=FACE_OUTER_BOUND('',#1398,.T.);
#824=FACE_OUTER_BOUND('',#1399,.T.);
#825=FACE_OUTER_BOUND('',#1400,.T.);
#826=FACE_OUTER_BOUND('',#1401,.T.);
#827=FACE_OUTER_BOUND('',#1402,.T.);
#828=FACE_OUTER_BOUND('',#1403,.T.);
#829=FACE_OUTER_BOUND('',#1405,.T.);
#830=FACE_OUTER_BOUND('',#1407,.T.);
#831=FACE_OUTER_BOUND('',#1408,.T.);
#832=FACE_OUTER_BOUND('',#1409,.T.);
#833=FACE_OUTER_BOUND('',#1411,.T.);
#834=FACE_OUTER_BOUND('',#1412,.T.);
#835=FACE_OUTER_BOUND('',#1413,.T.);
#836=FACE_OUTER_BOUND('',#1414,.T.);
#837=FACE_OUTER_BOUND('',#1415,.T.);
#838=FACE_OUTER_BOUND('',#1416,.T.);
#839=FACE_OUTER_BOUND('',#1417,.T.);
#840=FACE_OUTER_BOUND('',#1418,.T.);
#841=FACE_OUTER_BOUND('',#1419,.T.);
#842=FACE_OUTER_BOUND('',#1420,.T.);
#843=FACE_OUTER_BOUND('',#1421,.T.);
#844=FACE_OUTER_BOUND('',#1422,.T.);
#845=FACE_OUTER_BOUND('',#1423,.T.);
#846=FACE_OUTER_BOUND('',#1424,.T.);
#847=FACE_OUTER_BOUND('',#1425,.T.);
#848=FACE_OUTER_BOUND('',#1426,.T.);
#849=FACE_OUTER_BOUND('',#1427,.T.);
#850=FACE_OUTER_BOUND('',#1428,.T.);
#851=FACE_OUTER_BOUND('',#1429,.T.);
#852=FACE_OUTER_BOUND('',#1430,.T.);
#853=FACE_OUTER_BOUND('',#1431,.T.);
#854=FACE_OUTER_BOUND('',#1432,.T.);
#855=FACE_OUTER_BOUND('',#1433,.T.);
#856=FACE_OUTER_BOUND('',#1434,.T.);
#857=FACE_OUTER_BOUND('',#1435,.T.);
#858=FACE_OUTER_BOUND('',#1436,.T.);
#859=FACE_OUTER_BOUND('',#1437,.T.);
#860=FACE_OUTER_BOUND('',#1438,.T.);
#861=FACE_OUTER_BOUND('',#1439,.T.);
#862=FACE_OUTER_BOUND('',#1440,.T.);
#863=FACE_OUTER_BOUND('',#1441,.T.);
#864=FACE_OUTER_BOUND('',#1442,.T.);
#865=FACE_OUTER_BOUND('',#1443,.T.);
#866=FACE_OUTER_BOUND('',#1444,.T.);
#867=FACE_OUTER_BOUND('',#1445,.T.);
#868=FACE_OUTER_BOUND('',#1446,.T.);
#869=FACE_OUTER_BOUND('',#1447,.T.);
#870=FACE_OUTER_BOUND('',#1448,.T.);
#871=FACE_OUTER_BOUND('',#1449,.T.);
#872=FACE_OUTER_BOUND('',#1450,.T.);
#873=FACE_OUTER_BOUND('',#1451,.T.);
#874=FACE_OUTER_BOUND('',#1452,.T.);
#875=FACE_OUTER_BOUND('',#1453,.T.);
#876=FACE_OUTER_BOUND('',#1454,.T.);
#877=FACE_OUTER_BOUND('',#1455,.T.);
#878=FACE_OUTER_BOUND('',#1456,.T.);
#879=FACE_OUTER_BOUND('',#1457,.T.);
#880=FACE_OUTER_BOUND('',#1458,.T.);
#881=FACE_OUTER_BOUND('',#1459,.T.);
#882=FACE_OUTER_BOUND('',#1460,.T.);
#883=FACE_OUTER_BOUND('',#1461,.T.);
#884=FACE_OUTER_BOUND('',#1462,.T.);
#885=FACE_OUTER_BOUND('',#1463,.T.);
#886=FACE_OUTER_BOUND('',#1464,.T.);
#887=FACE_OUTER_BOUND('',#1465,.T.);
#888=FACE_OUTER_BOUND('',#1466,.T.);
#889=FACE_OUTER_BOUND('',#1467,.T.);
#890=FACE_OUTER_BOUND('',#1468,.T.);
#891=FACE_OUTER_BOUND('',#1469,.T.);
#892=FACE_OUTER_BOUND('',#1470,.T.);
#893=FACE_OUTER_BOUND('',#1471,.T.);
#894=FACE_OUTER_BOUND('',#1472,.T.);
#895=FACE_OUTER_BOUND('',#1473,.T.);
#896=FACE_OUTER_BOUND('',#1474,.T.);
#897=FACE_OUTER_BOUND('',#1475,.T.);
#898=FACE_OUTER_BOUND('',#1476,.T.);
#899=FACE_OUTER_BOUND('',#1477,.T.);
#900=FACE_OUTER_BOUND('',#1478,.T.);
#901=FACE_OUTER_BOUND('',#1479,.T.);
#902=FACE_OUTER_BOUND('',#1480,.T.);
#903=FACE_OUTER_BOUND('',#1481,.T.);
#904=FACE_OUTER_BOUND('',#1482,.T.);
#905=FACE_OUTER_BOUND('',#1483,.T.);
#906=FACE_OUTER_BOUND('',#1484,.T.);
#907=FACE_OUTER_BOUND('',#1485,.T.);
#908=FACE_OUTER_BOUND('',#1486,.T.);
#909=FACE_OUTER_BOUND('',#1487,.T.);
#910=FACE_OUTER_BOUND('',#1488,.T.);
#911=FACE_OUTER_BOUND('',#1489,.T.);
#912=FACE_OUTER_BOUND('',#1490,.T.);
#913=FACE_OUTER_BOUND('',#1491,.T.);
#914=FACE_OUTER_BOUND('',#1492,.T.);
#915=FACE_OUTER_BOUND('',#1493,.T.);
#916=FACE_OUTER_BOUND('',#1494,.T.);
#917=FACE_OUTER_BOUND('',#1495,.T.);
#918=FACE_OUTER_BOUND('',#1496,.T.);
#919=FACE_OUTER_BOUND('',#1497,.T.);
#920=FACE_OUTER_BOUND('',#1498,.T.);
#921=FACE_OUTER_BOUND('',#1499,.T.);
#922=FACE_OUTER_BOUND('',#1500,.T.);
#923=FACE_OUTER_BOUND('',#1501,.T.);
#924=FACE_OUTER_BOUND('',#1502,.T.);
#925=FACE_OUTER_BOUND('',#1503,.T.);
#926=FACE_OUTER_BOUND('',#1504,.T.);
#927=FACE_OUTER_BOUND('',#1505,.T.);
#928=FACE_OUTER_BOUND('',#1506,.T.);
#929=FACE_OUTER_BOUND('',#1507,.T.);
#930=FACE_OUTER_BOUND('',#1508,.T.);
#931=FACE_OUTER_BOUND('',#1509,.T.);
#932=FACE_OUTER_BOUND('',#1510,.T.);
#933=FACE_OUTER_BOUND('',#1511,.T.);
#934=FACE_OUTER_BOUND('',#1512,.T.);
#935=FACE_OUTER_BOUND('',#1513,.T.);
#936=FACE_OUTER_BOUND('',#1514,.T.);
#937=FACE_OUTER_BOUND('',#1515,.T.);
#938=FACE_OUTER_BOUND('',#1516,.T.);
#939=FACE_OUTER_BOUND('',#1517,.T.);
#940=FACE_OUTER_BOUND('',#1518,.T.);
#941=FACE_OUTER_BOUND('',#1519,.T.);
#942=FACE_OUTER_BOUND('',#1520,.T.);
#943=FACE_OUTER_BOUND('',#1521,.T.);
#944=FACE_OUTER_BOUND('',#1522,.T.);
#945=FACE_OUTER_BOUND('',#1523,.T.);
#946=FACE_OUTER_BOUND('',#1524,.T.);
#947=FACE_OUTER_BOUND('',#1525,.T.);
#948=FACE_OUTER_BOUND('',#1526,.T.);
#949=FACE_OUTER_BOUND('',#1527,.T.);
#950=FACE_OUTER_BOUND('',#1528,.T.);
#951=FACE_OUTER_BOUND('',#1529,.T.);
#952=FACE_OUTER_BOUND('',#1530,.T.);
#953=FACE_OUTER_BOUND('',#1531,.T.);
#954=FACE_OUTER_BOUND('',#1532,.T.);
#955=FACE_OUTER_BOUND('',#1533,.T.);
#956=FACE_OUTER_BOUND('',#1534,.T.);
#957=FACE_OUTER_BOUND('',#1535,.T.);
#958=FACE_OUTER_BOUND('',#1536,.T.);
#959=FACE_OUTER_BOUND('',#1537,.T.);
#960=FACE_OUTER_BOUND('',#1538,.T.);
#961=FACE_OUTER_BOUND('',#1539,.T.);
#962=FACE_OUTER_BOUND('',#1540,.T.);
#963=FACE_OUTER_BOUND('',#1541,.T.);
#964=FACE_OUTER_BOUND('',#1542,.T.);
#965=FACE_OUTER_BOUND('',#1543,.T.);
#966=FACE_OUTER_BOUND('',#1544,.T.);
#967=FACE_OUTER_BOUND('',#1545,.T.);
#968=FACE_OUTER_BOUND('',#1546,.T.);
#969=FACE_OUTER_BOUND('',#1547,.T.);
#970=FACE_OUTER_BOUND('',#1548,.T.);
#971=FACE_OUTER_BOUND('',#1549,.T.);
#972=FACE_OUTER_BOUND('',#1550,.T.);
#973=FACE_OUTER_BOUND('',#1551,.T.);
#974=FACE_OUTER_BOUND('',#1552,.T.);
#975=FACE_OUTER_BOUND('',#1553,.T.);
#976=FACE_OUTER_BOUND('',#1554,.T.);
#977=FACE_OUTER_BOUND('',#1555,.T.);
#978=FACE_OUTER_BOUND('',#1556,.T.);
#979=FACE_OUTER_BOUND('',#1557,.T.);
#980=FACE_OUTER_BOUND('',#1558,.T.);
#981=FACE_OUTER_BOUND('',#1559,.T.);
#982=FACE_OUTER_BOUND('',#1560,.T.);
#983=FACE_OUTER_BOUND('',#1561,.T.);
#984=FACE_OUTER_BOUND('',#1562,.T.);
#985=FACE_OUTER_BOUND('',#1563,.T.);
#986=FACE_OUTER_BOUND('',#1564,.T.);
#987=FACE_OUTER_BOUND('',#1565,.T.);
#988=FACE_OUTER_BOUND('',#1566,.T.);
#989=FACE_OUTER_BOUND('',#1567,.T.);
#990=FACE_OUTER_BOUND('',#1568,.T.);
#991=FACE_OUTER_BOUND('',#1569,.T.);
#992=FACE_OUTER_BOUND('',#1570,.T.);
#993=FACE_OUTER_BOUND('',#1571,.T.);
#994=FACE_OUTER_BOUND('',#1572,.T.);
#995=FACE_OUTER_BOUND('',#1573,.T.);
#996=FACE_OUTER_BOUND('',#1574,.T.);
#997=FACE_OUTER_BOUND('',#1575,.T.);
#998=FACE_OUTER_BOUND('',#1576,.T.);
#999=FACE_OUTER_BOUND('',#1577,.T.);
#1000=FACE_OUTER_BOUND('',#1578,.T.);
#1001=FACE_OUTER_BOUND('',#1579,.T.);
#1002=FACE_OUTER_BOUND('',#1580,.T.);
#1003=FACE_OUTER_BOUND('',#1581,.T.);
#1004=FACE_OUTER_BOUND('',#1582,.T.);
#1005=FACE_OUTER_BOUND('',#1583,.T.);
#1006=FACE_OUTER_BOUND('',#1584,.T.);
#1007=FACE_OUTER_BOUND('',#1585,.T.);
#1008=FACE_OUTER_BOUND('',#1586,.T.);
#1009=FACE_OUTER_BOUND('',#1587,.T.);
#1010=FACE_OUTER_BOUND('',#1588,.T.);
#1011=FACE_OUTER_BOUND('',#1589,.T.);
#1012=FACE_OUTER_BOUND('',#1590,.T.);
#1013=FACE_OUTER_BOUND('',#1591,.T.);
#1014=FACE_OUTER_BOUND('',#1592,.T.);
#1015=FACE_OUTER_BOUND('',#1593,.T.);
#1016=FACE_OUTER_BOUND('',#1594,.T.);
#1017=FACE_OUTER_BOUND('',#1595,.T.);
#1018=FACE_OUTER_BOUND('',#1596,.T.);
#1019=FACE_OUTER_BOUND('',#1597,.T.);
#1020=FACE_OUTER_BOUND('',#1598,.T.);
#1021=FACE_OUTER_BOUND('',#1599,.T.);
#1022=FACE_OUTER_BOUND('',#1600,.T.);
#1023=FACE_OUTER_BOUND('',#1601,.T.);
#1024=FACE_OUTER_BOUND('',#1602,.T.);
#1025=FACE_OUTER_BOUND('',#1603,.T.);
#1026=FACE_OUTER_BOUND('',#1604,.T.);
#1027=FACE_OUTER_BOUND('',#1605,.T.);
#1028=FACE_OUTER_BOUND('',#1606,.T.);
#1029=FACE_OUTER_BOUND('',#1607,.T.);
#1030=FACE_OUTER_BOUND('',#1608,.T.);
#1031=FACE_OUTER_BOUND('',#1609,.T.);
#1032=FACE_OUTER_BOUND('',#1610,.T.);
#1033=FACE_OUTER_BOUND('',#1611,.T.);
#1034=FACE_OUTER_BOUND('',#1612,.T.);
#1035=FACE_OUTER_BOUND('',#1613,.T.);
#1036=FACE_OUTER_BOUND('',#1614,.T.);
#1037=FACE_OUTER_BOUND('',#1615,.T.);
#1038=FACE_OUTER_BOUND('',#1616,.T.);
#1039=FACE_OUTER_BOUND('',#1617,.T.);
#1040=FACE_OUTER_BOUND('',#1618,.T.);
#1041=FACE_OUTER_BOUND('',#1619,.T.);
#1042=FACE_OUTER_BOUND('',#1620,.T.);
#1043=FACE_OUTER_BOUND('',#1621,.T.);
#1044=FACE_OUTER_BOUND('',#1622,.T.);
#1045=FACE_OUTER_BOUND('',#1623,.T.);
#1046=FACE_OUTER_BOUND('',#1624,.T.);
#1047=FACE_OUTER_BOUND('',#1625,.T.);
#1048=FACE_OUTER_BOUND('',#1626,.T.);
#1049=FACE_OUTER_BOUND('',#1627,.T.);
#1050=FACE_OUTER_BOUND('',#1628,.T.);
#1051=FACE_OUTER_BOUND('',#1629,.T.);
#1052=FACE_OUTER_BOUND('',#1630,.T.);
#1053=FACE_OUTER_BOUND('',#1631,.T.);
#1054=FACE_OUTER_BOUND('',#1632,.T.);
#1055=FACE_OUTER_BOUND('',#1633,.T.);
#1056=FACE_OUTER_BOUND('',#1634,.T.);
#1057=FACE_OUTER_BOUND('',#1635,.T.);
#1058=FACE_OUTER_BOUND('',#1636,.T.);
#1059=FACE_OUTER_BOUND('',#1637,.T.);
#1060=FACE_OUTER_BOUND('',#1638,.T.);
#1061=FACE_OUTER_BOUND('',#1639,.T.);
#1062=FACE_OUTER_BOUND('',#1640,.T.);
#1063=FACE_OUTER_BOUND('',#1641,.T.);
#1064=FACE_OUTER_BOUND('',#1642,.T.);
#1065=FACE_OUTER_BOUND('',#1643,.T.);
#1066=FACE_OUTER_BOUND('',#1644,.T.);
#1067=FACE_OUTER_BOUND('',#1645,.T.);
#1068=FACE_OUTER_BOUND('',#1646,.T.);
#1069=FACE_OUTER_BOUND('',#1647,.T.);
#1070=FACE_OUTER_BOUND('',#1648,.T.);
#1071=FACE_OUTER_BOUND('',#1649,.T.);
#1072=FACE_OUTER_BOUND('',#1650,.T.);
#1073=FACE_OUTER_BOUND('',#1651,.T.);
#1074=FACE_OUTER_BOUND('',#1652,.T.);
#1075=FACE_OUTER_BOUND('',#1653,.T.);
#1076=FACE_OUTER_BOUND('',#1654,.T.);
#1077=FACE_OUTER_BOUND('',#1655,.T.);
#1078=FACE_OUTER_BOUND('',#1656,.T.);
#1079=FACE_OUTER_BOUND('',#1657,.T.);
#1080=FACE_OUTER_BOUND('',#1658,.T.);
#1081=FACE_OUTER_BOUND('',#1659,.T.);
#1082=FACE_OUTER_BOUND('',#1660,.T.);
#1083=FACE_OUTER_BOUND('',#1661,.T.);
#1084=FACE_OUTER_BOUND('',#1662,.T.);
#1085=FACE_OUTER_BOUND('',#1663,.T.);
#1086=FACE_OUTER_BOUND('',#1664,.T.);
#1087=FACE_OUTER_BOUND('',#1665,.T.);
#1088=FACE_OUTER_BOUND('',#1666,.T.);
#1089=FACE_OUTER_BOUND('',#1667,.T.);
#1090=FACE_OUTER_BOUND('',#1668,.T.);
#1091=FACE_OUTER_BOUND('',#1669,.T.);
#1092=FACE_OUTER_BOUND('',#1670,.T.);
#1093=FACE_OUTER_BOUND('',#1671,.T.);
#1094=FACE_OUTER_BOUND('',#1672,.T.);
#1095=FACE_OUTER_BOUND('',#1673,.T.);
#1096=FACE_OUTER_BOUND('',#1674,.T.);
#1097=FACE_OUTER_BOUND('',#1675,.T.);
#1098=FACE_OUTER_BOUND('',#1676,.T.);
#1099=FACE_OUTER_BOUND('',#1677,.T.);
#1100=FACE_OUTER_BOUND('',#1678,.T.);
#1101=FACE_OUTER_BOUND('',#1679,.T.);
#1102=FACE_OUTER_BOUND('',#1680,.T.);
#1103=FACE_OUTER_BOUND('',#1681,.T.);
#1104=FACE_OUTER_BOUND('',#1682,.T.);
#1105=FACE_OUTER_BOUND('',#1683,.T.);
#1106=FACE_OUTER_BOUND('',#1684,.T.);
#1107=FACE_OUTER_BOUND('',#1685,.T.);
#1108=FACE_OUTER_BOUND('',#1686,.T.);
#1109=FACE_OUTER_BOUND('',#1687,.T.);
#1110=FACE_OUTER_BOUND('',#1688,.T.);
#1111=FACE_OUTER_BOUND('',#1689,.T.);
#1112=FACE_OUTER_BOUND('',#1690,.T.);
#1113=FACE_OUTER_BOUND('',#1691,.T.);
#1114=FACE_OUTER_BOUND('',#1692,.T.);
#1115=FACE_OUTER_BOUND('',#1693,.T.);
#1116=FACE_OUTER_BOUND('',#1694,.T.);
#1117=FACE_OUTER_BOUND('',#1695,.T.);
#1118=FACE_OUTER_BOUND('',#1696,.T.);
#1119=FACE_OUTER_BOUND('',#1697,.T.);
#1120=FACE_OUTER_BOUND('',#1698,.T.);
#1121=FACE_OUTER_BOUND('',#1699,.T.);
#1122=FACE_OUTER_BOUND('',#1700,.T.);
#1123=FACE_OUTER_BOUND('',#1701,.T.);
#1124=FACE_OUTER_BOUND('',#1702,.T.);
#1125=FACE_OUTER_BOUND('',#1703,.T.);
#1126=FACE_OUTER_BOUND('',#1704,.T.);
#1127=FACE_OUTER_BOUND('',#1705,.T.);
#1128=FACE_OUTER_BOUND('',#1706,.T.);
#1129=FACE_OUTER_BOUND('',#1707,.T.);
#1130=FACE_OUTER_BOUND('',#1708,.T.);
#1131=FACE_OUTER_BOUND('',#1709,.T.);
#1132=FACE_OUTER_BOUND('',#1710,.T.);
#1133=FACE_OUTER_BOUND('',#1711,.T.);
#1134=FACE_OUTER_BOUND('',#1712,.T.);
#1135=FACE_OUTER_BOUND('',#1713,.T.);
#1136=FACE_OUTER_BOUND('',#1714,.T.);
#1137=FACE_OUTER_BOUND('',#1715,.T.);
#1138=FACE_OUTER_BOUND('',#1716,.T.);
#1139=FACE_OUTER_BOUND('',#1717,.T.);
#1140=FACE_OUTER_BOUND('',#1718,.T.);
#1141=FACE_OUTER_BOUND('',#1719,.T.);
#1142=FACE_OUTER_BOUND('',#1720,.T.);
#1143=FACE_OUTER_BOUND('',#1721,.T.);
#1144=FACE_OUTER_BOUND('',#1722,.T.);
#1145=FACE_OUTER_BOUND('',#1723,.T.);
#1146=FACE_OUTER_BOUND('',#1724,.T.);
#1147=FACE_OUTER_BOUND('',#1725,.T.);
#1148=FACE_OUTER_BOUND('',#1726,.T.);
#1149=FACE_OUTER_BOUND('',#1727,.T.);
#1150=FACE_OUTER_BOUND('',#1728,.T.);
#1151=FACE_OUTER_BOUND('',#1729,.T.);
#1152=FACE_OUTER_BOUND('',#1730,.T.);
#1153=FACE_OUTER_BOUND('',#1731,.T.);
#1154=FACE_OUTER_BOUND('',#1732,.T.);
#1155=FACE_OUTER_BOUND('',#1733,.T.);
#1156=FACE_OUTER_BOUND('',#1734,.T.);
#1157=FACE_OUTER_BOUND('',#1735,.T.);
#1158=FACE_OUTER_BOUND('',#1736,.T.);
#1159=FACE_OUTER_BOUND('',#1737,.T.);
#1160=FACE_OUTER_BOUND('',#1738,.T.);
#1161=FACE_OUTER_BOUND('',#1739,.T.);
#1162=FACE_OUTER_BOUND('',#1740,.T.);
#1163=FACE_OUTER_BOUND('',#1741,.T.);
#1164=FACE_OUTER_BOUND('',#1742,.T.);
#1165=FACE_OUTER_BOUND('',#1743,.T.);
#1166=FACE_OUTER_BOUND('',#1744,.T.);
#1167=FACE_OUTER_BOUND('',#1745,.T.);
#1168=FACE_OUTER_BOUND('',#1746,.T.);
#1169=FACE_OUTER_BOUND('',#1747,.T.);
#1170=FACE_OUTER_BOUND('',#1748,.T.);
#1171=FACE_OUTER_BOUND('',#1749,.T.);
#1172=FACE_OUTER_BOUND('',#1750,.T.);
#1173=FACE_OUTER_BOUND('',#1751,.T.);
#1174=FACE_OUTER_BOUND('',#1752,.T.);
#1175=FACE_OUTER_BOUND('',#1753,.T.);
#1176=FACE_OUTER_BOUND('',#1754,.T.);
#1177=FACE_OUTER_BOUND('',#1755,.T.);
#1178=FACE_OUTER_BOUND('',#1756,.T.);
#1179=FACE_OUTER_BOUND('',#1757,.T.);
#1180=FACE_OUTER_BOUND('',#1758,.T.);
#1181=FACE_OUTER_BOUND('',#1759,.T.);
#1182=FACE_OUTER_BOUND('',#1760,.T.);
#1183=FACE_OUTER_BOUND('',#1761,.T.);
#1184=FACE_OUTER_BOUND('',#1762,.T.);
#1185=FACE_OUTER_BOUND('',#1763,.T.);
#1186=FACE_OUTER_BOUND('',#1764,.T.);
#1187=FACE_OUTER_BOUND('',#1765,.T.);
#1188=FACE_OUTER_BOUND('',#1766,.T.);
#1189=FACE_OUTER_BOUND('',#1767,.T.);
#1190=FACE_OUTER_BOUND('',#1768,.T.);
#1191=FACE_OUTER_BOUND('',#1769,.T.);
#1192=FACE_OUTER_BOUND('',#1770,.T.);
#1193=FACE_OUTER_BOUND('',#1771,.T.);
#1194=FACE_OUTER_BOUND('',#1772,.T.);
#1195=FACE_OUTER_BOUND('',#1773,.T.);
#1196=FACE_OUTER_BOUND('',#1774,.T.);
#1197=FACE_OUTER_BOUND('',#1775,.T.);
#1198=FACE_OUTER_BOUND('',#1776,.T.);
#1199=FACE_OUTER_BOUND('',#1777,.T.);
#1200=FACE_OUTER_BOUND('',#1778,.T.);
#1201=FACE_OUTER_BOUND('',#1779,.T.);
#1202=FACE_OUTER_BOUND('',#1780,.T.);
#1203=FACE_OUTER_BOUND('',#1781,.T.);
#1204=FACE_OUTER_BOUND('',#1782,.T.);
#1205=FACE_OUTER_BOUND('',#1783,.T.);
#1206=FACE_OUTER_BOUND('',#1784,.T.);
#1207=FACE_OUTER_BOUND('',#1785,.T.);
#1208=FACE_OUTER_BOUND('',#1786,.T.);
#1209=FACE_OUTER_BOUND('',#1787,.T.);
#1210=FACE_OUTER_BOUND('',#1788,.T.);
#1211=FACE_OUTER_BOUND('',#1789,.T.);
#1212=FACE_OUTER_BOUND('',#1790,.T.);
#1213=FACE_OUTER_BOUND('',#1791,.T.);
#1214=FACE_OUTER_BOUND('',#1792,.T.);
#1215=FACE_OUTER_BOUND('',#1793,.T.);
#1216=FACE_OUTER_BOUND('',#1794,.T.);
#1217=FACE_OUTER_BOUND('',#1795,.T.);
#1218=FACE_OUTER_BOUND('',#1796,.T.);
#1219=FACE_OUTER_BOUND('',#1797,.T.);
#1220=FACE_OUTER_BOUND('',#1798,.T.);
#1221=FACE_OUTER_BOUND('',#1799,.T.);
#1222=FACE_OUTER_BOUND('',#1800,.T.);
#1223=FACE_OUTER_BOUND('',#1801,.T.);
#1224=FACE_OUTER_BOUND('',#1802,.T.);
#1225=FACE_OUTER_BOUND('',#1803,.T.);
#1226=FACE_OUTER_BOUND('',#1804,.T.);
#1227=FACE_OUTER_BOUND('',#1805,.T.);
#1228=FACE_OUTER_BOUND('',#1806,.T.);
#1229=FACE_OUTER_BOUND('',#1807,.T.);
#1230=FACE_OUTER_BOUND('',#1808,.T.);
#1231=FACE_OUTER_BOUND('',#1809,.T.);
#1232=FACE_OUTER_BOUND('',#1810,.T.);
#1233=FACE_OUTER_BOUND('',#1811,.T.);
#1234=FACE_OUTER_BOUND('',#1812,.T.);
#1235=FACE_OUTER_BOUND('',#1813,.T.);
#1236=FACE_OUTER_BOUND('',#1814,.T.);
#1237=FACE_OUTER_BOUND('',#1815,.T.);
#1238=FACE_OUTER_BOUND('',#1816,.T.);
#1239=FACE_OUTER_BOUND('',#1817,.T.);
#1240=FACE_OUTER_BOUND('',#1818,.T.);
#1241=FACE_OUTER_BOUND('',#1819,.T.);
#1242=FACE_OUTER_BOUND('',#1820,.T.);
#1243=FACE_OUTER_BOUND('',#1821,.T.);
#1244=FACE_OUTER_BOUND('',#1822,.T.);
#1245=FACE_OUTER_BOUND('',#1823,.T.);
#1246=FACE_OUTER_BOUND('',#1824,.T.);
#1247=FACE_OUTER_BOUND('',#1825,.T.);
#1248=FACE_OUTER_BOUND('',#1826,.T.);
#1249=FACE_OUTER_BOUND('',#1827,.T.);
#1250=FACE_OUTER_BOUND('',#1828,.T.);
#1251=FACE_OUTER_BOUND('',#1829,.T.);
#1252=FACE_OUTER_BOUND('',#1830,.T.);
#1253=FACE_OUTER_BOUND('',#1831,.T.);
#1254=FACE_OUTER_BOUND('',#1832,.T.);
#1255=FACE_OUTER_BOUND('',#1833,.T.);
#1256=FACE_OUTER_BOUND('',#1834,.T.);
#1257=FACE_OUTER_BOUND('',#1835,.T.);
#1258=FACE_OUTER_BOUND('',#1836,.T.);
#1259=FACE_OUTER_BOUND('',#1837,.T.);
#1260=FACE_OUTER_BOUND('',#1838,.T.);
#1261=FACE_OUTER_BOUND('',#1839,.T.);
#1262=FACE_OUTER_BOUND('',#1840,.T.);
#1263=FACE_OUTER_BOUND('',#1841,.T.);
#1264=FACE_OUTER_BOUND('',#1842,.T.);
#1265=FACE_OUTER_BOUND('',#1843,.T.);
#1266=EDGE_LOOP('',(#6058,#6059,#6060,#6061,#6062,#6063));
#1267=EDGE_LOOP('',(#6064,#6065,#6066,#6067));
#1268=EDGE_LOOP('',(#6068,#6069,#6070,#6071));
#1269=EDGE_LOOP('',(#6072,#6073,#6074,#6075));
#1270=EDGE_LOOP('',(#6076,#6077,#6078,#6079,#6080,#6081));
#1271=EDGE_LOOP('',(#6082,#6083,#6084,#6085));
#1272=EDGE_LOOP('',(#6086,#6087,#6088,#6089));
#1273=EDGE_LOOP('',(#6090,#6091,#6092,#6093));
#1274=EDGE_LOOP('',(#6094,#6095,#6096,#6097));
#1275=EDGE_LOOP('',(#6098,#6099,#6100,#6101));
#1276=EDGE_LOOP('',(#6102,#6103,#6104,#6105));
#1277=EDGE_LOOP('',(#6106,#6107,#6108,#6109,#6110,#6111,#6112,#6113,#6114,
#6115,#6116,#6117));
#1278=EDGE_LOOP('',(#6118,#6119,#6120,#6121));
#1279=EDGE_LOOP('',(#6122,#6123,#6124,#6125));
#1280=EDGE_LOOP('',(#6126,#6127,#6128,#6129,#6130,#6131));
#1281=EDGE_LOOP('',(#6132,#6133,#6134,#6135));
#1282=EDGE_LOOP('',(#6136,#6137,#6138,#6139));
#1283=EDGE_LOOP('',(#6140,#6141,#6142,#6143));
#1284=EDGE_LOOP('',(#6144,#6145,#6146,#6147));
#1285=EDGE_LOOP('',(#6148,#6149,#6150,#6151,#6152,#6153));
#1286=EDGE_LOOP('',(#6154,#6155,#6156,#6157));
#1287=EDGE_LOOP('',(#6158,#6159,#6160,#6161,#6162,#6163));
#1288=EDGE_LOOP('',(#6164,#6165,#6166,#6167,#6168,#6169,#6170,#6171,#6172,
#6173,#6174,#6175,#6176,#6177,#6178,#6179,#6180,#6181,#6182,#6183,#6184,
#6185,#6186,#6187,#6188,#6189,#6190,#6191,#6192,#6193,#6194,#6195,#6196,
#6197));
#1289=EDGE_LOOP('',(#6198));
#1290=EDGE_LOOP('',(#6199,#6200,#6201,#6202,#6203,#6204,#6205,#6206));
#1291=EDGE_LOOP('',(#6207,#6208,#6209,#6210,#6211,#6212,#6213,#6214));
#1292=EDGE_LOOP('',(#6215,#6216,#6217,#6218,#6219,#6220,#6221,#6222));
#1293=EDGE_LOOP('',(#6223,#6224,#6225,#6226,#6227,#6228,#6229,#6230));
#1294=EDGE_LOOP('',(#6231,#6232,#6233,#6234,#6235,#6236,#6237,#6238));
#1295=EDGE_LOOP('',(#6239,#6240,#6241,#6242,#6243,#6244,#6245,#6246));
#1296=EDGE_LOOP('',(#6247,#6248,#6249,#6250,#6251,#6252,#6253,#6254));
#1297=EDGE_LOOP('',(#6255,#6256,#6257,#6258,#6259,#6260,#6261,#6262));
#1298=EDGE_LOOP('',(#6263,#6264,#6265,#6266,#6267,#6268,#6269,#6270));
#1299=EDGE_LOOP('',(#6271,#6272,#6273,#6274,#6275,#6276,#6277,#6278));
#1300=EDGE_LOOP('',(#6279,#6280,#6281,#6282,#6283,#6284,#6285,#6286));
#1301=EDGE_LOOP('',(#6287,#6288,#6289,#6290,#6291,#6292,#6293,#6294));
#1302=EDGE_LOOP('',(#6295,#6296,#6297,#6298,#6299,#6300,#6301,#6302));
#1303=EDGE_LOOP('',(#6303,#6304,#6305,#6306,#6307,#6308,#6309,#6310));
#1304=EDGE_LOOP('',(#6311,#6312,#6313,#6314,#6315,#6316,#6317,#6318));
#1305=EDGE_LOOP('',(#6319,#6320,#6321,#6322,#6323,#6324,#6325,#6326));
#1306=EDGE_LOOP('',(#6327,#6328,#6329,#6330,#6331,#6332,#6333,#6334));
#1307=EDGE_LOOP('',(#6335,#6336,#6337,#6338,#6339,#6340,#6341,#6342));
#1308=EDGE_LOOP('',(#6343,#6344,#6345,#6346,#6347,#6348,#6349,#6350));
#1309=EDGE_LOOP('',(#6351,#6352,#6353,#6354,#6355,#6356,#6357,#6358));
#1310=EDGE_LOOP('',(#6359,#6360,#6361,#6362,#6363,#6364,#6365,#6366));
#1311=EDGE_LOOP('',(#6367,#6368,#6369,#6370,#6371,#6372,#6373,#6374));
#1312=EDGE_LOOP('',(#6375,#6376,#6377,#6378,#6379,#6380,#6381,#6382));
#1313=EDGE_LOOP('',(#6383,#6384,#6385,#6386,#6387,#6388,#6389,#6390));
#1314=EDGE_LOOP('',(#6391,#6392,#6393,#6394,#6395,#6396,#6397,#6398));
#1315=EDGE_LOOP('',(#6399,#6400,#6401,#6402,#6403,#6404,#6405,#6406));
#1316=EDGE_LOOP('',(#6407,#6408,#6409,#6410,#6411,#6412,#6413,#6414));
#1317=EDGE_LOOP('',(#6415,#6416,#6417,#6418,#6419,#6420,#6421,#6422));
#1318=EDGE_LOOP('',(#6423,#6424,#6425,#6426,#6427,#6428,#6429,#6430));
#1319=EDGE_LOOP('',(#6431,#6432,#6433,#6434,#6435,#6436,#6437,#6438));
#1320=EDGE_LOOP('',(#6439,#6440,#6441,#6442,#6443,#6444,#6445,#6446));
#1321=EDGE_LOOP('',(#6447,#6448,#6449,#6450,#6451,#6452,#6453,#6454));
#1322=EDGE_LOOP('',(#6455,#6456,#6457,#6458,#6459,#6460,#6461,#6462));
#1323=EDGE_LOOP('',(#6463,#6464,#6465,#6466,#6467,#6468,#6469,#6470));
#1324=EDGE_LOOP('',(#6471,#6472,#6473,#6474,#6475,#6476,#6477,#6478));
#1325=EDGE_LOOP('',(#6479,#6480,#6481,#6482,#6483,#6484,#6485,#6486));
#1326=EDGE_LOOP('',(#6487,#6488,#6489,#6490,#6491,#6492,#6493,#6494));
#1327=EDGE_LOOP('',(#6495,#6496,#6497,#6498,#6499,#6500,#6501,#6502));
#1328=EDGE_LOOP('',(#6503,#6504,#6505,#6506,#6507,#6508,#6509,#6510));
#1329=EDGE_LOOP('',(#6511,#6512,#6513,#6514,#6515,#6516,#6517,#6518));
#1330=EDGE_LOOP('',(#6519,#6520,#6521,#6522,#6523,#6524,#6525,#6526));
#1331=EDGE_LOOP('',(#6527,#6528,#6529,#6530,#6531,#6532,#6533,#6534));
#1332=EDGE_LOOP('',(#6535,#6536,#6537,#6538,#6539,#6540,#6541,#6542));
#1333=EDGE_LOOP('',(#6543,#6544,#6545,#6546,#6547,#6548,#6549,#6550));
#1334=EDGE_LOOP('',(#6551,#6552,#6553,#6554,#6555,#6556,#6557,#6558));
#1335=EDGE_LOOP('',(#6559,#6560,#6561,#6562,#6563,#6564,#6565,#6566));
#1336=EDGE_LOOP('',(#6567,#6568,#6569,#6570,#6571,#6572,#6573,#6574));
#1337=EDGE_LOOP('',(#6575,#6576,#6577,#6578,#6579,#6580,#6581,#6582));
#1338=EDGE_LOOP('',(#6583,#6584,#6585,#6586,#6587,#6588,#6589,#6590));
#1339=EDGE_LOOP('',(#6591,#6592,#6593,#6594,#6595,#6596,#6597,#6598));
#1340=EDGE_LOOP('',(#6599,#6600,#6601,#6602));
#1341=EDGE_LOOP('',(#6603,#6604,#6605,#6606));
#1342=EDGE_LOOP('',(#6607,#6608,#6609,#6610,#6611,#6612,#6613,#6614,#6615,
#6616,#6617,#6618,#6619,#6620,#6621,#6622,#6623,#6624,#6625,#6626,#6627,
#6628,#6629,#6630,#6631,#6632,#6633,#6634,#6635,#6636));
#1343=EDGE_LOOP('',(#6637,#6638,#6639,#6640,#6641,#6642,#6643,#6644));
#1344=EDGE_LOOP('',(#6645,#6646,#6647,#6648,#6649,#6650,#6651,#6652));
#1345=EDGE_LOOP('',(#6653,#6654,#6655,#6656,#6657,#6658,#6659,#6660));
#1346=EDGE_LOOP('',(#6661,#6662,#6663,#6664,#6665,#6666,#6667,#6668));
#1347=EDGE_LOOP('',(#6669,#6670,#6671,#6672,#6673,#6674,#6675,#6676));
#1348=EDGE_LOOP('',(#6677,#6678,#6679,#6680,#6681,#6682,#6683,#6684));
#1349=EDGE_LOOP('',(#6685,#6686,#6687,#6688,#6689,#6690,#6691,#6692));
#1350=EDGE_LOOP('',(#6693,#6694,#6695,#6696,#6697,#6698,#6699,#6700));
#1351=EDGE_LOOP('',(#6701,#6702,#6703,#6704,#6705,#6706,#6707,#6708));
#1352=EDGE_LOOP('',(#6709,#6710,#6711,#6712,#6713,#6714,#6715,#6716));
#1353=EDGE_LOOP('',(#6717,#6718,#6719,#6720,#6721,#6722,#6723,#6724));
#1354=EDGE_LOOP('',(#6725,#6726,#6727,#6728,#6729,#6730,#6731,#6732));
#1355=EDGE_LOOP('',(#6733,#6734,#6735,#6736,#6737,#6738,#6739,#6740));
#1356=EDGE_LOOP('',(#6741,#6742,#6743,#6744,#6745,#6746,#6747,#6748));
#1357=EDGE_LOOP('',(#6749,#6750,#6751,#6752,#6753,#6754,#6755,#6756));
#1358=EDGE_LOOP('',(#6757,#6758,#6759,#6760,#6761,#6762,#6763,#6764));
#1359=EDGE_LOOP('',(#6765,#6766,#6767,#6768,#6769,#6770,#6771,#6772));
#1360=EDGE_LOOP('',(#6773,#6774,#6775,#6776,#6777,#6778,#6779,#6780));
#1361=EDGE_LOOP('',(#6781,#6782,#6783,#6784,#6785,#6786,#6787,#6788));
#1362=EDGE_LOOP('',(#6789,#6790,#6791,#6792,#6793,#6794,#6795,#6796));
#1363=EDGE_LOOP('',(#6797,#6798,#6799,#6800,#6801,#6802,#6803,#6804));
#1364=EDGE_LOOP('',(#6805,#6806,#6807,#6808,#6809,#6810,#6811,#6812));
#1365=EDGE_LOOP('',(#6813,#6814,#6815,#6816,#6817,#6818,#6819,#6820));
#1366=EDGE_LOOP('',(#6821,#6822,#6823,#6824,#6825,#6826,#6827,#6828));
#1367=EDGE_LOOP('',(#6829,#6830,#6831,#6832,#6833,#6834,#6835,#6836));
#1368=EDGE_LOOP('',(#6837,#6838,#6839,#6840,#6841,#6842,#6843,#6844));
#1369=EDGE_LOOP('',(#6845,#6846,#6847,#6848,#6849,#6850,#6851,#6852));
#1370=EDGE_LOOP('',(#6853,#6854,#6855,#6856,#6857,#6858,#6859,#6860));
#1371=EDGE_LOOP('',(#6861,#6862,#6863,#6864,#6865,#6866,#6867,#6868));
#1372=EDGE_LOOP('',(#6869,#6870,#6871,#6872,#6873,#6874,#6875,#6876));
#1373=EDGE_LOOP('',(#6877,#6878,#6879,#6880,#6881,#6882,#6883,#6884));
#1374=EDGE_LOOP('',(#6885,#6886,#6887,#6888,#6889,#6890,#6891,#6892));
#1375=EDGE_LOOP('',(#6893,#6894,#6895,#6896,#6897,#6898,#6899,#6900));
#1376=EDGE_LOOP('',(#6901,#6902,#6903,#6904,#6905,#6906,#6907,#6908));
#1377=EDGE_LOOP('',(#6909,#6910,#6911,#6912,#6913,#6914,#6915,#6916));
#1378=EDGE_LOOP('',(#6917,#6918,#6919,#6920,#6921,#6922,#6923,#6924));
#1379=EDGE_LOOP('',(#6925,#6926,#6927,#6928,#6929,#6930,#6931,#6932));
#1380=EDGE_LOOP('',(#6933,#6934,#6935,#6936,#6937,#6938,#6939,#6940));
#1381=EDGE_LOOP('',(#6941,#6942,#6943,#6944,#6945,#6946,#6947,#6948));
#1382=EDGE_LOOP('',(#6949,#6950,#6951,#6952,#6953,#6954,#6955,#6956));
#1383=EDGE_LOOP('',(#6957,#6958,#6959,#6960,#6961,#6962,#6963,#6964));
#1384=EDGE_LOOP('',(#6965,#6966,#6967,#6968,#6969,#6970,#6971,#6972));
#1385=EDGE_LOOP('',(#6973,#6974,#6975,#6976,#6977,#6978,#6979,#6980));
#1386=EDGE_LOOP('',(#6981,#6982,#6983,#6984,#6985,#6986,#6987,#6988));
#1387=EDGE_LOOP('',(#6989,#6990,#6991,#6992,#6993,#6994,#6995,#6996));
#1388=EDGE_LOOP('',(#6997,#6998,#6999,#7000,#7001,#7002,#7003,#7004));
#1389=EDGE_LOOP('',(#7005,#7006,#7007,#7008,#7009,#7010,#7011,#7012));
#1390=EDGE_LOOP('',(#7013,#7014,#7015,#7016,#7017,#7018,#7019,#7020));
#1391=EDGE_LOOP('',(#7021,#7022,#7023,#7024,#7025,#7026,#7027,#7028));
#1392=EDGE_LOOP('',(#7029,#7030,#7031,#7032,#7033,#7034,#7035,#7036));
#1393=EDGE_LOOP('',(#7037,#7038,#7039,#7040,#7041,#7042,#7043,#7044));
#1394=EDGE_LOOP('',(#7045,#7046,#7047,#7048));
#1395=EDGE_LOOP('',(#7049,#7050,#7051,#7052));
#1396=EDGE_LOOP('',(#7053,#7054,#7055,#7056));
#1397=EDGE_LOOP('',(#7057,#7058,#7059,#7060));
#1398=EDGE_LOOP('',(#7061,#7062,#7063,#7064));
#1399=EDGE_LOOP('',(#7065,#7066,#7067,#7068));
#1400=EDGE_LOOP('',(#7069,#7070,#7071,#7072));
#1401=EDGE_LOOP('',(#7073,#7074,#7075,#7076));
#1402=EDGE_LOOP('',(#7077,#7078,#7079,#7080));
#1403=EDGE_LOOP('',(#7081,#7082,#7083,#7084));
#1404=EDGE_LOOP('',(#7085,#7086,#7087,#7088));
#1405=EDGE_LOOP('',(#7089,#7090,#7091,#7092,#7093,#7094,#7095,#7096));
#1406=EDGE_LOOP('',(#7097));
#1407=EDGE_LOOP('',(#7098,#7099,#7100,#7101));
#1408=EDGE_LOOP('',(#7102,#7103,#7104,#7105));
#1409=EDGE_LOOP('',(#7106));
#1410=EDGE_LOOP('',(#7107));
#1411=EDGE_LOOP('',(#7108,#7109,#7110,#7111));
#1412=EDGE_LOOP('',(#7112,#7113,#7114,#7115));
#1413=EDGE_LOOP('',(#7116,#7117,#7118,#7119));
#1414=EDGE_LOOP('',(#7120,#7121,#7122,#7123));
#1415=EDGE_LOOP('',(#7124,#7125,#7126,#7127));
#1416=EDGE_LOOP('',(#7128,#7129,#7130,#7131));
#1417=EDGE_LOOP('',(#7132,#7133,#7134,#7135));
#1418=EDGE_LOOP('',(#7136,#7137,#7138,#7139));
#1419=EDGE_LOOP('',(#7140,#7141,#7142,#7143));
#1420=EDGE_LOOP('',(#7144,#7145,#7146,#7147));
#1421=EDGE_LOOP('',(#7148,#7149,#7150,#7151));
#1422=EDGE_LOOP('',(#7152,#7153,#7154,#7155));
#1423=EDGE_LOOP('',(#7156,#7157,#7158,#7159));
#1424=EDGE_LOOP('',(#7160,#7161,#7162,#7163));
#1425=EDGE_LOOP('',(#7164,#7165,#7166,#7167));
#1426=EDGE_LOOP('',(#7168,#7169,#7170,#7171));
#1427=EDGE_LOOP('',(#7172,#7173,#7174,#7175));
#1428=EDGE_LOOP('',(#7176,#7177,#7178,#7179));
#1429=EDGE_LOOP('',(#7180,#7181,#7182,#7183));
#1430=EDGE_LOOP('',(#7184,#7185,#7186,#7187));
#1431=EDGE_LOOP('',(#7188,#7189,#7190,#7191));
#1432=EDGE_LOOP('',(#7192,#7193,#7194,#7195));
#1433=EDGE_LOOP('',(#7196,#7197,#7198,#7199));
#1434=EDGE_LOOP('',(#7200,#7201,#7202,#7203));
#1435=EDGE_LOOP('',(#7204,#7205,#7206,#7207));
#1436=EDGE_LOOP('',(#7208,#7209,#7210,#7211));
#1437=EDGE_LOOP('',(#7212,#7213,#7214,#7215));
#1438=EDGE_LOOP('',(#7216,#7217,#7218,#7219));
#1439=EDGE_LOOP('',(#7220,#7221,#7222,#7223));
#1440=EDGE_LOOP('',(#7224,#7225,#7226,#7227));
#1441=EDGE_LOOP('',(#7228,#7229,#7230,#7231));
#1442=EDGE_LOOP('',(#7232,#7233,#7234,#7235));
#1443=EDGE_LOOP('',(#7236,#7237,#7238,#7239));
#1444=EDGE_LOOP('',(#7240,#7241,#7242,#7243));
#1445=EDGE_LOOP('',(#7244,#7245,#7246,#7247));
#1446=EDGE_LOOP('',(#7248,#7249,#7250,#7251));
#1447=EDGE_LOOP('',(#7252,#7253,#7254,#7255));
#1448=EDGE_LOOP('',(#7256,#7257,#7258,#7259));
#1449=EDGE_LOOP('',(#7260,#7261,#7262,#7263));
#1450=EDGE_LOOP('',(#7264,#7265,#7266,#7267));
#1451=EDGE_LOOP('',(#7268,#7269,#7270,#7271));
#1452=EDGE_LOOP('',(#7272,#7273,#7274,#7275));
#1453=EDGE_LOOP('',(#7276,#7277,#7278,#7279));
#1454=EDGE_LOOP('',(#7280,#7281,#7282,#7283));
#1455=EDGE_LOOP('',(#7284,#7285,#7286,#7287));
#1456=EDGE_LOOP('',(#7288,#7289,#7290,#7291));
#1457=EDGE_LOOP('',(#7292,#7293,#7294,#7295));
#1458=EDGE_LOOP('',(#7296,#7297,#7298,#7299));
#1459=EDGE_LOOP('',(#7300,#7301,#7302,#7303));
#1460=EDGE_LOOP('',(#7304,#7305,#7306,#7307));
#1461=EDGE_LOOP('',(#7308,#7309,#7310,#7311));
#1462=EDGE_LOOP('',(#7312,#7313,#7314,#7315));
#1463=EDGE_LOOP('',(#7316,#7317,#7318,#7319));
#1464=EDGE_LOOP('',(#7320,#7321,#7322,#7323));
#1465=EDGE_LOOP('',(#7324,#7325,#7326,#7327));
#1466=EDGE_LOOP('',(#7328,#7329,#7330,#7331));
#1467=EDGE_LOOP('',(#7332,#7333,#7334,#7335));
#1468=EDGE_LOOP('',(#7336,#7337,#7338,#7339));
#1469=EDGE_LOOP('',(#7340,#7341,#7342,#7343));
#1470=EDGE_LOOP('',(#7344,#7345,#7346,#7347));
#1471=EDGE_LOOP('',(#7348,#7349,#7350,#7351));
#1472=EDGE_LOOP('',(#7352,#7353,#7354,#7355));
#1473=EDGE_LOOP('',(#7356,#7357,#7358,#7359));
#1474=EDGE_LOOP('',(#7360,#7361,#7362,#7363));
#1475=EDGE_LOOP('',(#7364,#7365,#7366,#7367));
#1476=EDGE_LOOP('',(#7368,#7369,#7370,#7371));
#1477=EDGE_LOOP('',(#7372,#7373,#7374,#7375));
#1478=EDGE_LOOP('',(#7376,#7377,#7378,#7379));
#1479=EDGE_LOOP('',(#7380,#7381,#7382,#7383));
#1480=EDGE_LOOP('',(#7384,#7385,#7386,#7387));
#1481=EDGE_LOOP('',(#7388,#7389,#7390,#7391));
#1482=EDGE_LOOP('',(#7392,#7393,#7394,#7395));
#1483=EDGE_LOOP('',(#7396,#7397,#7398,#7399));
#1484=EDGE_LOOP('',(#7400,#7401,#7402,#7403));
#1485=EDGE_LOOP('',(#7404,#7405,#7406,#7407));
#1486=EDGE_LOOP('',(#7408,#7409,#7410,#7411));
#1487=EDGE_LOOP('',(#7412,#7413,#7414,#7415));
#1488=EDGE_LOOP('',(#7416,#7417,#7418,#7419));
#1489=EDGE_LOOP('',(#7420,#7421,#7422,#7423));
#1490=EDGE_LOOP('',(#7424,#7425,#7426,#7427));
#1491=EDGE_LOOP('',(#7428,#7429,#7430,#7431));
#1492=EDGE_LOOP('',(#7432,#7433,#7434,#7435));
#1493=EDGE_LOOP('',(#7436,#7437,#7438,#7439));
#1494=EDGE_LOOP('',(#7440,#7441,#7442,#7443));
#1495=EDGE_LOOP('',(#7444,#7445,#7446,#7447));
#1496=EDGE_LOOP('',(#7448,#7449,#7450,#7451));
#1497=EDGE_LOOP('',(#7452,#7453,#7454,#7455));
#1498=EDGE_LOOP('',(#7456,#7457,#7458,#7459));
#1499=EDGE_LOOP('',(#7460,#7461,#7462,#7463));
#1500=EDGE_LOOP('',(#7464,#7465,#7466,#7467));
#1501=EDGE_LOOP('',(#7468,#7469,#7470,#7471));
#1502=EDGE_LOOP('',(#7472,#7473,#7474,#7475));
#1503=EDGE_LOOP('',(#7476,#7477,#7478,#7479));
#1504=EDGE_LOOP('',(#7480,#7481,#7482,#7483));
#1505=EDGE_LOOP('',(#7484,#7485,#7486,#7487));
#1506=EDGE_LOOP('',(#7488,#7489,#7490,#7491));
#1507=EDGE_LOOP('',(#7492,#7493,#7494,#7495));
#1508=EDGE_LOOP('',(#7496,#7497,#7498,#7499));
#1509=EDGE_LOOP('',(#7500,#7501,#7502,#7503));
#1510=EDGE_LOOP('',(#7504,#7505,#7506,#7507));
#1511=EDGE_LOOP('',(#7508,#7509,#7510,#7511));
#1512=EDGE_LOOP('',(#7512,#7513,#7514,#7515));
#1513=EDGE_LOOP('',(#7516,#7517,#7518,#7519));
#1514=EDGE_LOOP('',(#7520,#7521,#7522,#7523));
#1515=EDGE_LOOP('',(#7524,#7525,#7526,#7527));
#1516=EDGE_LOOP('',(#7528,#7529,#7530,#7531));
#1517=EDGE_LOOP('',(#7532,#7533,#7534,#7535));
#1518=EDGE_LOOP('',(#7536,#7537,#7538,#7539));
#1519=EDGE_LOOP('',(#7540,#7541,#7542,#7543));
#1520=EDGE_LOOP('',(#7544,#7545,#7546,#7547));
#1521=EDGE_LOOP('',(#7548,#7549,#7550,#7551));
#1522=EDGE_LOOP('',(#7552,#7553,#7554,#7555));
#1523=EDGE_LOOP('',(#7556,#7557,#7558,#7559));
#1524=EDGE_LOOP('',(#7560,#7561,#7562,#7563));
#1525=EDGE_LOOP('',(#7564,#7565,#7566,#7567));
#1526=EDGE_LOOP('',(#7568,#7569,#7570,#7571));
#1527=EDGE_LOOP('',(#7572,#7573,#7574,#7575));
#1528=EDGE_LOOP('',(#7576,#7577,#7578,#7579));
#1529=EDGE_LOOP('',(#7580,#7581,#7582,#7583));
#1530=EDGE_LOOP('',(#7584,#7585,#7586,#7587));
#1531=EDGE_LOOP('',(#7588,#7589,#7590,#7591));
#1532=EDGE_LOOP('',(#7592,#7593,#7594,#7595));
#1533=EDGE_LOOP('',(#7596,#7597,#7598,#7599));
#1534=EDGE_LOOP('',(#7600,#7601,#7602,#7603));
#1535=EDGE_LOOP('',(#7604,#7605,#7606,#7607));
#1536=EDGE_LOOP('',(#7608,#7609,#7610,#7611));
#1537=EDGE_LOOP('',(#7612,#7613,#7614,#7615));
#1538=EDGE_LOOP('',(#7616,#7617,#7618,#7619));
#1539=EDGE_LOOP('',(#7620,#7621,#7622,#7623));
#1540=EDGE_LOOP('',(#7624,#7625,#7626,#7627));
#1541=EDGE_LOOP('',(#7628,#7629,#7630,#7631));
#1542=EDGE_LOOP('',(#7632,#7633,#7634,#7635));
#1543=EDGE_LOOP('',(#7636,#7637,#7638,#7639));
#1544=EDGE_LOOP('',(#7640,#7641,#7642,#7643));
#1545=EDGE_LOOP('',(#7644,#7645,#7646,#7647));
#1546=EDGE_LOOP('',(#7648,#7649,#7650,#7651));
#1547=EDGE_LOOP('',(#7652,#7653,#7654,#7655));
#1548=EDGE_LOOP('',(#7656,#7657,#7658,#7659));
#1549=EDGE_LOOP('',(#7660,#7661,#7662,#7663));
#1550=EDGE_LOOP('',(#7664,#7665,#7666,#7667));
#1551=EDGE_LOOP('',(#7668,#7669,#7670,#7671));
#1552=EDGE_LOOP('',(#7672,#7673,#7674,#7675));
#1553=EDGE_LOOP('',(#7676,#7677,#7678,#7679));
#1554=EDGE_LOOP('',(#7680,#7681,#7682,#7683));
#1555=EDGE_LOOP('',(#7684,#7685,#7686,#7687));
#1556=EDGE_LOOP('',(#7688,#7689,#7690,#7691));
#1557=EDGE_LOOP('',(#7692,#7693,#7694,#7695));
#1558=EDGE_LOOP('',(#7696,#7697,#7698,#7699));
#1559=EDGE_LOOP('',(#7700,#7701,#7702,#7703));
#1560=EDGE_LOOP('',(#7704,#7705,#7706,#7707));
#1561=EDGE_LOOP('',(#7708,#7709,#7710,#7711));
#1562=EDGE_LOOP('',(#7712,#7713,#7714,#7715));
#1563=EDGE_LOOP('',(#7716,#7717,#7718,#7719));
#1564=EDGE_LOOP('',(#7720,#7721,#7722,#7723));
#1565=EDGE_LOOP('',(#7724,#7725,#7726,#7727));
#1566=EDGE_LOOP('',(#7728,#7729,#7730,#7731));
#1567=EDGE_LOOP('',(#7732,#7733,#7734,#7735));
#1568=EDGE_LOOP('',(#7736,#7737,#7738,#7739));
#1569=EDGE_LOOP('',(#7740,#7741,#7742,#7743));
#1570=EDGE_LOOP('',(#7744,#7745,#7746,#7747));
#1571=EDGE_LOOP('',(#7748,#7749,#7750,#7751));
#1572=EDGE_LOOP('',(#7752,#7753,#7754,#7755));
#1573=EDGE_LOOP('',(#7756,#7757,#7758,#7759));
#1574=EDGE_LOOP('',(#7760,#7761,#7762,#7763));
#1575=EDGE_LOOP('',(#7764,#7765,#7766,#7767));
#1576=EDGE_LOOP('',(#7768,#7769,#7770,#7771));
#1577=EDGE_LOOP('',(#7772,#7773,#7774,#7775));
#1578=EDGE_LOOP('',(#7776,#7777,#7778,#7779));
#1579=EDGE_LOOP('',(#7780,#7781,#7782,#7783));
#1580=EDGE_LOOP('',(#7784,#7785,#7786,#7787));
#1581=EDGE_LOOP('',(#7788,#7789,#7790,#7791));
#1582=EDGE_LOOP('',(#7792,#7793,#7794,#7795));
#1583=EDGE_LOOP('',(#7796,#7797,#7798,#7799));
#1584=EDGE_LOOP('',(#7800,#7801,#7802,#7803));
#1585=EDGE_LOOP('',(#7804,#7805,#7806,#7807));
#1586=EDGE_LOOP('',(#7808,#7809,#7810,#7811));
#1587=EDGE_LOOP('',(#7812,#7813,#7814,#7815));
#1588=EDGE_LOOP('',(#7816,#7817,#7818,#7819));
#1589=EDGE_LOOP('',(#7820,#7821,#7822,#7823));
#1590=EDGE_LOOP('',(#7824,#7825,#7826,#7827));
#1591=EDGE_LOOP('',(#7828,#7829,#7830,#7831));
#1592=EDGE_LOOP('',(#7832,#7833,#7834,#7835));
#1593=EDGE_LOOP('',(#7836,#7837,#7838,#7839));
#1594=EDGE_LOOP('',(#7840,#7841,#7842,#7843));
#1595=EDGE_LOOP('',(#7844,#7845,#7846,#7847));
#1596=EDGE_LOOP('',(#7848,#7849,#7850,#7851));
#1597=EDGE_LOOP('',(#7852,#7853,#7854,#7855));
#1598=EDGE_LOOP('',(#7856,#7857,#7858,#7859));
#1599=EDGE_LOOP('',(#7860,#7861,#7862,#7863));
#1600=EDGE_LOOP('',(#7864,#7865,#7866,#7867));
#1601=EDGE_LOOP('',(#7868,#7869,#7870,#7871));
#1602=EDGE_LOOP('',(#7872,#7873,#7874,#7875));
#1603=EDGE_LOOP('',(#7876,#7877,#7878,#7879));
#1604=EDGE_LOOP('',(#7880,#7881,#7882,#7883));
#1605=EDGE_LOOP('',(#7884,#7885,#7886,#7887));
#1606=EDGE_LOOP('',(#7888,#7889,#7890,#7891));
#1607=EDGE_LOOP('',(#7892,#7893,#7894,#7895));
#1608=EDGE_LOOP('',(#7896,#7897,#7898,#7899));
#1609=EDGE_LOOP('',(#7900,#7901,#7902,#7903));
#1610=EDGE_LOOP('',(#7904,#7905,#7906,#7907));
#1611=EDGE_LOOP('',(#7908,#7909,#7910,#7911));
#1612=EDGE_LOOP('',(#7912,#7913,#7914,#7915));
#1613=EDGE_LOOP('',(#7916,#7917,#7918,#7919));
#1614=EDGE_LOOP('',(#7920,#7921,#7922,#7923));
#1615=EDGE_LOOP('',(#7924,#7925,#7926,#7927));
#1616=EDGE_LOOP('',(#7928,#7929,#7930,#7931));
#1617=EDGE_LOOP('',(#7932,#7933,#7934,#7935));
#1618=EDGE_LOOP('',(#7936,#7937,#7938,#7939));
#1619=EDGE_LOOP('',(#7940,#7941,#7942,#7943));
#1620=EDGE_LOOP('',(#7944,#7945,#7946,#7947));
#1621=EDGE_LOOP('',(#7948,#7949,#7950,#7951));
#1622=EDGE_LOOP('',(#7952,#7953,#7954,#7955));
#1623=EDGE_LOOP('',(#7956,#7957,#7958,#7959));
#1624=EDGE_LOOP('',(#7960,#7961,#7962,#7963));
#1625=EDGE_LOOP('',(#7964,#7965,#7966,#7967));
#1626=EDGE_LOOP('',(#7968,#7969,#7970,#7971));
#1627=EDGE_LOOP('',(#7972,#7973,#7974,#7975));
#1628=EDGE_LOOP('',(#7976,#7977,#7978,#7979));
#1629=EDGE_LOOP('',(#7980,#7981,#7982,#7983));
#1630=EDGE_LOOP('',(#7984,#7985,#7986,#7987));
#1631=EDGE_LOOP('',(#7988,#7989,#7990,#7991));
#1632=EDGE_LOOP('',(#7992,#7993,#7994,#7995));
#1633=EDGE_LOOP('',(#7996,#7997,#7998,#7999));
#1634=EDGE_LOOP('',(#8000,#8001,#8002,#8003));
#1635=EDGE_LOOP('',(#8004,#8005,#8006,#8007));
#1636=EDGE_LOOP('',(#8008,#8009,#8010,#8011));
#1637=EDGE_LOOP('',(#8012,#8013,#8014,#8015));
#1638=EDGE_LOOP('',(#8016,#8017,#8018,#8019));
#1639=EDGE_LOOP('',(#8020,#8021,#8022,#8023));
#1640=EDGE_LOOP('',(#8024,#8025,#8026,#8027));
#1641=EDGE_LOOP('',(#8028,#8029,#8030,#8031));
#1642=EDGE_LOOP('',(#8032,#8033,#8034,#8035));
#1643=EDGE_LOOP('',(#8036,#8037,#8038,#8039));
#1644=EDGE_LOOP('',(#8040,#8041,#8042,#8043));
#1645=EDGE_LOOP('',(#8044,#8045,#8046,#8047));
#1646=EDGE_LOOP('',(#8048,#8049,#8050,#8051));
#1647=EDGE_LOOP('',(#8052,#8053,#8054,#8055));
#1648=EDGE_LOOP('',(#8056,#8057,#8058,#8059));
#1649=EDGE_LOOP('',(#8060,#8061,#8062,#8063));
#1650=EDGE_LOOP('',(#8064,#8065,#8066,#8067));
#1651=EDGE_LOOP('',(#8068,#8069,#8070,#8071));
#1652=EDGE_LOOP('',(#8072,#8073,#8074,#8075));
#1653=EDGE_LOOP('',(#8076,#8077,#8078,#8079));
#1654=EDGE_LOOP('',(#8080,#8081,#8082,#8083));
#1655=EDGE_LOOP('',(#8084,#8085,#8086,#8087));
#1656=EDGE_LOOP('',(#8088,#8089,#8090,#8091));
#1657=EDGE_LOOP('',(#8092,#8093,#8094,#8095));
#1658=EDGE_LOOP('',(#8096,#8097,#8098,#8099));
#1659=EDGE_LOOP('',(#8100,#8101,#8102,#8103));
#1660=EDGE_LOOP('',(#8104,#8105,#8106,#8107));
#1661=EDGE_LOOP('',(#8108,#8109,#8110,#8111));
#1662=EDGE_LOOP('',(#8112,#8113,#8114,#8115));
#1663=EDGE_LOOP('',(#8116,#8117,#8118,#8119));
#1664=EDGE_LOOP('',(#8120,#8121,#8122,#8123));
#1665=EDGE_LOOP('',(#8124,#8125,#8126,#8127));
#1666=EDGE_LOOP('',(#8128,#8129,#8130,#8131));
#1667=EDGE_LOOP('',(#8132,#8133,#8134,#8135));
#1668=EDGE_LOOP('',(#8136,#8137,#8138,#8139));
#1669=EDGE_LOOP('',(#8140,#8141,#8142,#8143));
#1670=EDGE_LOOP('',(#8144,#8145,#8146,#8147));
#1671=EDGE_LOOP('',(#8148,#8149,#8150,#8151));
#1672=EDGE_LOOP('',(#8152,#8153,#8154,#8155));
#1673=EDGE_LOOP('',(#8156,#8157,#8158,#8159));
#1674=EDGE_LOOP('',(#8160,#8161,#8162,#8163));
#1675=EDGE_LOOP('',(#8164,#8165,#8166,#8167));
#1676=EDGE_LOOP('',(#8168,#8169,#8170,#8171));
#1677=EDGE_LOOP('',(#8172,#8173,#8174,#8175));
#1678=EDGE_LOOP('',(#8176,#8177,#8178,#8179));
#1679=EDGE_LOOP('',(#8180,#8181,#8182,#8183));
#1680=EDGE_LOOP('',(#8184,#8185,#8186,#8187));
#1681=EDGE_LOOP('',(#8188,#8189,#8190,#8191));
#1682=EDGE_LOOP('',(#8192,#8193,#8194,#8195));
#1683=EDGE_LOOP('',(#8196,#8197,#8198,#8199));
#1684=EDGE_LOOP('',(#8200,#8201,#8202,#8203));
#1685=EDGE_LOOP('',(#8204,#8205,#8206,#8207));
#1686=EDGE_LOOP('',(#8208,#8209,#8210,#8211));
#1687=EDGE_LOOP('',(#8212,#8213,#8214,#8215));
#1688=EDGE_LOOP('',(#8216,#8217,#8218,#8219));
#1689=EDGE_LOOP('',(#8220,#8221,#8222,#8223));
#1690=EDGE_LOOP('',(#8224,#8225,#8226,#8227));
#1691=EDGE_LOOP('',(#8228,#8229,#8230,#8231));
#1692=EDGE_LOOP('',(#8232,#8233,#8234,#8235));
#1693=EDGE_LOOP('',(#8236,#8237,#8238,#8239));
#1694=EDGE_LOOP('',(#8240,#8241,#8242,#8243));
#1695=EDGE_LOOP('',(#8244,#8245,#8246,#8247));
#1696=EDGE_LOOP('',(#8248,#8249,#8250,#8251));
#1697=EDGE_LOOP('',(#8252,#8253,#8254,#8255));
#1698=EDGE_LOOP('',(#8256,#8257,#8258,#8259));
#1699=EDGE_LOOP('',(#8260,#8261,#8262,#8263));
#1700=EDGE_LOOP('',(#8264,#8265,#8266,#8267));
#1701=EDGE_LOOP('',(#8268,#8269,#8270,#8271));
#1702=EDGE_LOOP('',(#8272,#8273,#8274,#8275));
#1703=EDGE_LOOP('',(#8276,#8277,#8278,#8279));
#1704=EDGE_LOOP('',(#8280,#8281,#8282,#8283));
#1705=EDGE_LOOP('',(#8284,#8285,#8286,#8287));
#1706=EDGE_LOOP('',(#8288,#8289,#8290,#8291));
#1707=EDGE_LOOP('',(#8292,#8293,#8294,#8295));
#1708=EDGE_LOOP('',(#8296,#8297,#8298,#8299));
#1709=EDGE_LOOP('',(#8300,#8301,#8302,#8303));
#1710=EDGE_LOOP('',(#8304,#8305,#8306,#8307));
#1711=EDGE_LOOP('',(#8308,#8309,#8310,#8311));
#1712=EDGE_LOOP('',(#8312,#8313,#8314,#8315));
#1713=EDGE_LOOP('',(#8316,#8317,#8318,#8319));
#1714=EDGE_LOOP('',(#8320,#8321,#8322,#8323));
#1715=EDGE_LOOP('',(#8324,#8325,#8326,#8327));
#1716=EDGE_LOOP('',(#8328,#8329,#8330,#8331));
#1717=EDGE_LOOP('',(#8332,#8333,#8334,#8335));
#1718=EDGE_LOOP('',(#8336,#8337,#8338,#8339));
#1719=EDGE_LOOP('',(#8340,#8341,#8342,#8343));
#1720=EDGE_LOOP('',(#8344,#8345,#8346,#8347));
#1721=EDGE_LOOP('',(#8348,#8349,#8350,#8351));
#1722=EDGE_LOOP('',(#8352,#8353,#8354,#8355));
#1723=EDGE_LOOP('',(#8356,#8357,#8358,#8359));
#1724=EDGE_LOOP('',(#8360,#8361,#8362,#8363));
#1725=EDGE_LOOP('',(#8364,#8365,#8366,#8367));
#1726=EDGE_LOOP('',(#8368,#8369,#8370,#8371));
#1727=EDGE_LOOP('',(#8372,#8373,#8374,#8375));
#1728=EDGE_LOOP('',(#8376,#8377,#8378,#8379));
#1729=EDGE_LOOP('',(#8380,#8381,#8382,#8383));
#1730=EDGE_LOOP('',(#8384,#8385,#8386,#8387));
#1731=EDGE_LOOP('',(#8388,#8389,#8390,#8391));
#1732=EDGE_LOOP('',(#8392,#8393,#8394,#8395));
#1733=EDGE_LOOP('',(#8396,#8397,#8398,#8399));
#1734=EDGE_LOOP('',(#8400,#8401,#8402,#8403));
#1735=EDGE_LOOP('',(#8404,#8405,#8406,#8407));
#1736=EDGE_LOOP('',(#8408,#8409,#8410,#8411));
#1737=EDGE_LOOP('',(#8412,#8413,#8414,#8415));
#1738=EDGE_LOOP('',(#8416,#8417,#8418,#8419));
#1739=EDGE_LOOP('',(#8420,#8421,#8422,#8423));
#1740=EDGE_LOOP('',(#8424,#8425,#8426,#8427));
#1741=EDGE_LOOP('',(#8428,#8429,#8430,#8431));
#1742=EDGE_LOOP('',(#8432,#8433,#8434,#8435));
#1743=EDGE_LOOP('',(#8436,#8437,#8438,#8439));
#1744=EDGE_LOOP('',(#8440,#8441,#8442,#8443));
#1745=EDGE_LOOP('',(#8444,#8445,#8446,#8447));
#1746=EDGE_LOOP('',(#8448,#8449,#8450,#8451));
#1747=EDGE_LOOP('',(#8452,#8453,#8454,#8455));
#1748=EDGE_LOOP('',(#8456,#8457,#8458,#8459));
#1749=EDGE_LOOP('',(#8460,#8461,#8462,#8463));
#1750=EDGE_LOOP('',(#8464,#8465,#8466,#8467));
#1751=EDGE_LOOP('',(#8468,#8469,#8470,#8471));
#1752=EDGE_LOOP('',(#8472,#8473,#8474,#8475));
#1753=EDGE_LOOP('',(#8476,#8477,#8478,#8479));
#1754=EDGE_LOOP('',(#8480,#8481,#8482,#8483));
#1755=EDGE_LOOP('',(#8484,#8485,#8486,#8487));
#1756=EDGE_LOOP('',(#8488,#8489,#8490,#8491));
#1757=EDGE_LOOP('',(#8492,#8493,#8494,#8495));
#1758=EDGE_LOOP('',(#8496,#8497,#8498,#8499));
#1759=EDGE_LOOP('',(#8500,#8501,#8502,#8503));
#1760=EDGE_LOOP('',(#8504,#8505,#8506,#8507));
#1761=EDGE_LOOP('',(#8508,#8509,#8510,#8511));
#1762=EDGE_LOOP('',(#8512,#8513,#8514,#8515));
#1763=EDGE_LOOP('',(#8516,#8517,#8518,#8519));
#1764=EDGE_LOOP('',(#8520,#8521,#8522,#8523));
#1765=EDGE_LOOP('',(#8524,#8525,#8526,#8527));
#1766=EDGE_LOOP('',(#8528,#8529,#8530,#8531));
#1767=EDGE_LOOP('',(#8532,#8533,#8534,#8535));
#1768=EDGE_LOOP('',(#8536,#8537,#8538,#8539));
#1769=EDGE_LOOP('',(#8540,#8541,#8542,#8543));
#1770=EDGE_LOOP('',(#8544,#8545,#8546,#8547));
#1771=EDGE_LOOP('',(#8548,#8549,#8550,#8551));
#1772=EDGE_LOOP('',(#8552,#8553,#8554,#8555));
#1773=EDGE_LOOP('',(#8556,#8557,#8558,#8559));
#1774=EDGE_LOOP('',(#8560,#8561,#8562,#8563));
#1775=EDGE_LOOP('',(#8564,#8565,#8566,#8567));
#1776=EDGE_LOOP('',(#8568,#8569,#8570,#8571));
#1777=EDGE_LOOP('',(#8572,#8573,#8574,#8575));
#1778=EDGE_LOOP('',(#8576,#8577,#8578,#8579));
#1779=EDGE_LOOP('',(#8580,#8581,#8582,#8583));
#1780=EDGE_LOOP('',(#8584,#8585,#8586,#8587));
#1781=EDGE_LOOP('',(#8588,#8589,#8590,#8591));
#1782=EDGE_LOOP('',(#8592,#8593,#8594,#8595));
#1783=EDGE_LOOP('',(#8596,#8597,#8598,#8599));
#1784=EDGE_LOOP('',(#8600,#8601,#8602,#8603));
#1785=EDGE_LOOP('',(#8604,#8605,#8606,#8607));
#1786=EDGE_LOOP('',(#8608,#8609,#8610,#8611));
#1787=EDGE_LOOP('',(#8612,#8613,#8614,#8615));
#1788=EDGE_LOOP('',(#8616,#8617,#8618,#8619));
#1789=EDGE_LOOP('',(#8620,#8621,#8622,#8623));
#1790=EDGE_LOOP('',(#8624,#8625,#8626,#8627));
#1791=EDGE_LOOP('',(#8628,#8629,#8630,#8631));
#1792=EDGE_LOOP('',(#8632,#8633,#8634,#8635));
#1793=EDGE_LOOP('',(#8636,#8637,#8638,#8639));
#1794=EDGE_LOOP('',(#8640,#8641,#8642,#8643));
#1795=EDGE_LOOP('',(#8644,#8645,#8646,#8647));
#1796=EDGE_LOOP('',(#8648,#8649,#8650,#8651));
#1797=EDGE_LOOP('',(#8652,#8653,#8654,#8655));
#1798=EDGE_LOOP('',(#8656,#8657,#8658,#8659));
#1799=EDGE_LOOP('',(#8660,#8661,#8662,#8663));
#1800=EDGE_LOOP('',(#8664,#8665,#8666,#8667));
#1801=EDGE_LOOP('',(#8668,#8669,#8670,#8671));
#1802=EDGE_LOOP('',(#8672,#8673,#8674,#8675));
#1803=EDGE_LOOP('',(#8676,#8677,#8678,#8679));
#1804=EDGE_LOOP('',(#8680,#8681,#8682,#8683));
#1805=EDGE_LOOP('',(#8684,#8685,#8686,#8687));
#1806=EDGE_LOOP('',(#8688,#8689,#8690,#8691));
#1807=EDGE_LOOP('',(#8692,#8693,#8694,#8695));
#1808=EDGE_LOOP('',(#8696,#8697,#8698,#8699));
#1809=EDGE_LOOP('',(#8700,#8701,#8702,#8703));
#1810=EDGE_LOOP('',(#8704,#8705,#8706,#8707));
#1811=EDGE_LOOP('',(#8708,#8709,#8710,#8711));
#1812=EDGE_LOOP('',(#8712,#8713,#8714,#8715));
#1813=EDGE_LOOP('',(#8716,#8717,#8718,#8719));
#1814=EDGE_LOOP('',(#8720,#8721,#8722,#8723));
#1815=EDGE_LOOP('',(#8724,#8725,#8726,#8727));
#1816=EDGE_LOOP('',(#8728,#8729,#8730,#8731));
#1817=EDGE_LOOP('',(#8732,#8733,#8734,#8735));
#1818=EDGE_LOOP('',(#8736,#8737,#8738,#8739));
#1819=EDGE_LOOP('',(#8740,#8741,#8742,#8743));
#1820=EDGE_LOOP('',(#8744,#8745,#8746,#8747));
#1821=EDGE_LOOP('',(#8748,#8749,#8750,#8751));
#1822=EDGE_LOOP('',(#8752,#8753,#8754,#8755));
#1823=EDGE_LOOP('',(#8756,#8757,#8758,#8759));
#1824=EDGE_LOOP('',(#8760,#8761,#8762,#8763));
#1825=EDGE_LOOP('',(#8764,#8765,#8766,#8767));
#1826=EDGE_LOOP('',(#8768,#8769,#8770,#8771));
#1827=EDGE_LOOP('',(#8772,#8773,#8774,#8775));
#1828=EDGE_LOOP('',(#8776,#8777,#8778,#8779));
#1829=EDGE_LOOP('',(#8780,#8781,#8782,#8783));
#1830=EDGE_LOOP('',(#8784,#8785,#8786,#8787));
#1831=EDGE_LOOP('',(#8788,#8789,#8790,#8791));
#1832=EDGE_LOOP('',(#8792,#8793,#8794,#8795));
#1833=EDGE_LOOP('',(#8796,#8797,#8798,#8799));
#1834=EDGE_LOOP('',(#8800,#8801,#8802,#8803));
#1835=EDGE_LOOP('',(#8804,#8805,#8806,#8807));
#1836=EDGE_LOOP('',(#8808,#8809,#8810,#8811));
#1837=EDGE_LOOP('',(#8812,#8813,#8814,#8815));
#1838=EDGE_LOOP('',(#8816,#8817,#8818,#8819));
#1839=EDGE_LOOP('',(#8820,#8821,#8822,#8823));
#1840=EDGE_LOOP('',(#8824,#8825,#8826,#8827));
#1841=EDGE_LOOP('',(#8828,#8829,#8830,#8831));
#1842=EDGE_LOOP('',(#8832,#8833,#8834,#8835));
#1843=EDGE_LOOP('',(#8836,#8837,#8838,#8839));
#1844=EDGE_LOOP('',(#8840,#8841,#8842,#8843));
#1845=LINE('',#13281,#2791);
#1846=LINE('',#13283,#2792);
#1847=LINE('',#13285,#2793);
#1848=LINE('',#13287,#2794);
#1849=LINE('',#13289,#2795);
#1850=LINE('',#13290,#2796);
#1851=LINE('',#13294,#2797);
#1852=LINE('',#13296,#2798);
#1853=LINE('',#13298,#2799);
#1854=LINE('',#13299,#2800);
#1855=LINE('',#13303,#2801);
#1856=LINE('',#13305,#2802);
#1857=LINE('',#13307,#2803);
#1858=LINE('',#13308,#2804);
#1859=LINE('',#13312,#2805);
#1860=LINE('',#13314,#2806);
#1861=LINE('',#13316,#2807);
#1862=LINE('',#13317,#2808);
#1863=LINE('',#13321,#2809);
#1864=LINE('',#13323,#2810);
#1865=LINE('',#13325,#2811);
#1866=LINE('',#13327,#2812);
#1867=LINE('',#13329,#2813);
#1868=LINE('',#13330,#2814);
#1869=LINE('',#13333,#2815);
#1870=LINE('',#13335,#2816);
#1871=LINE('',#13336,#2817);
#1872=LINE('',#13339,#2818);
#1873=LINE('',#13341,#2819);
#1874=LINE('',#13342,#2820);
#1875=LINE('',#13345,#2821);
#1876=LINE('',#13347,#2822);
#1877=LINE('',#13348,#2823);
#1878=LINE('',#13351,#2824);
#1879=LINE('',#13353,#2825);
#1880=LINE('',#13354,#2826);
#1881=LINE('',#13357,#2827);
#1882=LINE('',#13359,#2828);
#1883=LINE('',#13360,#2829);
#1884=LINE('',#13363,#2830);
#1885=LINE('',#13365,#2831);
#1886=LINE('',#13366,#2832);
#1887=LINE('',#13371,#2833);
#1888=LINE('',#13374,#2834);
#1889=LINE('',#13378,#2835);
#1890=LINE('',#13382,#2836);
#1891=LINE('',#13384,#2837);
#1892=LINE('',#13385,#2838);
#1893=LINE('',#13391,#2839);
#1894=LINE('',#13394,#2840);
#1895=LINE('',#13401,#2841);
#1896=LINE('',#13403,#2842);
#1897=LINE('',#13404,#2843);
#1898=LINE('',#13408,#2844);
#1899=LINE('',#13412,#2845);
#1900=LINE('',#13415,#2846);
#1901=LINE('',#13417,#2847);
#1902=LINE('',#13418,#2848);
#1903=LINE('',#13420,#2849);
#1904=LINE('',#13422,#2850);
#1905=LINE('',#13426,#2851);
#1906=LINE('',#13428,#2852);
#1907=LINE('',#13430,#2853);
#1908=LINE('',#13431,#2854);
#1909=LINE('',#13437,#2855);
#1910=LINE('',#13440,#2856);
#1911=LINE('',#13444,#2857);
#1912=LINE('',#13447,#2858);
#1913=LINE('',#13451,#2859);
#1914=LINE('',#13454,#2860);
#1915=LINE('',#13458,#2861);
#1916=LINE('',#13461,#2862);
#1917=LINE('',#13468,#2863);
#1918=LINE('',#13472,#2864);
#1919=LINE('',#13476,#2865);
#1920=LINE('',#13479,#2866);
#1921=LINE('',#13484,#2867);
#1922=LINE('',#13488,#2868);
#1923=LINE('',#13492,#2869);
#1924=LINE('',#13495,#2870);
#1925=LINE('',#13500,#2871);
#1926=LINE('',#13504,#2872);
#1927=LINE('',#13508,#2873);
#1928=LINE('',#13511,#2874);
#1929=LINE('',#13516,#2875);
#1930=LINE('',#13520,#2876);
#1931=LINE('',#13524,#2877);
#1932=LINE('',#13527,#2878);
#1933=LINE('',#13532,#2879);
#1934=LINE('',#13536,#2880);
#1935=LINE('',#13540,#2881);
#1936=LINE('',#13543,#2882);
#1937=LINE('',#13548,#2883);
#1938=LINE('',#13552,#2884);
#1939=LINE('',#13556,#2885);
#1940=LINE('',#13559,#2886);
#1941=LINE('',#13564,#2887);
#1942=LINE('',#13568,#2888);
#1943=LINE('',#13572,#2889);
#1944=LINE('',#13575,#2890);
#1945=LINE('',#13580,#2891);
#1946=LINE('',#13584,#2892);
#1947=LINE('',#13588,#2893);
#1948=LINE('',#13591,#2894);
#1949=LINE('',#13596,#2895);
#1950=LINE('',#13600,#2896);
#1951=LINE('',#13604,#2897);
#1952=LINE('',#13607,#2898);
#1953=LINE('',#13612,#2899);
#1954=LINE('',#13616,#2900);
#1955=LINE('',#13620,#2901);
#1956=LINE('',#13623,#2902);
#1957=LINE('',#13628,#2903);
#1958=LINE('',#13632,#2904);
#1959=LINE('',#13636,#2905);
#1960=LINE('',#13639,#2906);
#1961=LINE('',#13644,#2907);
#1962=LINE('',#13648,#2908);
#1963=LINE('',#13652,#2909);
#1964=LINE('',#13655,#2910);
#1965=LINE('',#13660,#2911);
#1966=LINE('',#13664,#2912);
#1967=LINE('',#13668,#2913);
#1968=LINE('',#13671,#2914);
#1969=LINE('',#13676,#2915);
#1970=LINE('',#13680,#2916);
#1971=LINE('',#13684,#2917);
#1972=LINE('',#13687,#2918);
#1973=LINE('',#13692,#2919);
#1974=LINE('',#13696,#2920);
#1975=LINE('',#13700,#2921);
#1976=LINE('',#13703,#2922);
#1977=LINE('',#13708,#2923);
#1978=LINE('',#13712,#2924);
#1979=LINE('',#13716,#2925);
#1980=LINE('',#13719,#2926);
#1981=LINE('',#13724,#2927);
#1982=LINE('',#13728,#2928);
#1983=LINE('',#13732,#2929);
#1984=LINE('',#13735,#2930);
#1985=LINE('',#13740,#2931);
#1986=LINE('',#13744,#2932);
#1987=LINE('',#13748,#2933);
#1988=LINE('',#13751,#2934);
#1989=LINE('',#13756,#2935);
#1990=LINE('',#13760,#2936);
#1991=LINE('',#13764,#2937);
#1992=LINE('',#13767,#2938);
#1993=LINE('',#13772,#2939);
#1994=LINE('',#13776,#2940);
#1995=LINE('',#13780,#2941);
#1996=LINE('',#13783,#2942);
#1997=LINE('',#13788,#2943);
#1998=LINE('',#13792,#2944);
#1999=LINE('',#13796,#2945);
#2000=LINE('',#13799,#2946);
#2001=LINE('',#13804,#2947);
#2002=LINE('',#13808,#2948);
#2003=LINE('',#13812,#2949);
#2004=LINE('',#13815,#2950);
#2005=LINE('',#13820,#2951);
#2006=LINE('',#13824,#2952);
#2007=LINE('',#13828,#2953);
#2008=LINE('',#13831,#2954);
#2009=LINE('',#13836,#2955);
#2010=LINE('',#13840,#2956);
#2011=LINE('',#13844,#2957);
#2012=LINE('',#13847,#2958);
#2013=LINE('',#13852,#2959);
#2014=LINE('',#13856,#2960);
#2015=LINE('',#13860,#2961);
#2016=LINE('',#13863,#2962);
#2017=LINE('',#13868,#2963);
#2018=LINE('',#13872,#2964);
#2019=LINE('',#13876,#2965);
#2020=LINE('',#13879,#2966);
#2021=LINE('',#13884,#2967);
#2022=LINE('',#13888,#2968);
#2023=LINE('',#13892,#2969);
#2024=LINE('',#13895,#2970);
#2025=LINE('',#13900,#2971);
#2026=LINE('',#13904,#2972);
#2027=LINE('',#13908,#2973);
#2028=LINE('',#13911,#2974);
#2029=LINE('',#13916,#2975);
#2030=LINE('',#13920,#2976);
#2031=LINE('',#13924,#2977);
#2032=LINE('',#13927,#2978);
#2033=LINE('',#13932,#2979);
#2034=LINE('',#13936,#2980);
#2035=LINE('',#13940,#2981);
#2036=LINE('',#13943,#2982);
#2037=LINE('',#13948,#2983);
#2038=LINE('',#13952,#2984);
#2039=LINE('',#13956,#2985);
#2040=LINE('',#13959,#2986);
#2041=LINE('',#13964,#2987);
#2042=LINE('',#13968,#2988);
#2043=LINE('',#13972,#2989);
#2044=LINE('',#13975,#2990);
#2045=LINE('',#13980,#2991);
#2046=LINE('',#13984,#2992);
#2047=LINE('',#13988,#2993);
#2048=LINE('',#13991,#2994);
#2049=LINE('',#13996,#2995);
#2050=LINE('',#14000,#2996);
#2051=LINE('',#14004,#2997);
#2052=LINE('',#14007,#2998);
#2053=LINE('',#14012,#2999);
#2054=LINE('',#14016,#3000);
#2055=LINE('',#14020,#3001);
#2056=LINE('',#14023,#3002);
#2057=LINE('',#14028,#3003);
#2058=LINE('',#14032,#3004);
#2059=LINE('',#14036,#3005);
#2060=LINE('',#14039,#3006);
#2061=LINE('',#14044,#3007);
#2062=LINE('',#14048,#3008);
#2063=LINE('',#14052,#3009);
#2064=LINE('',#14055,#3010);
#2065=LINE('',#14060,#3011);
#2066=LINE('',#14064,#3012);
#2067=LINE('',#14068,#3013);
#2068=LINE('',#14071,#3014);
#2069=LINE('',#14076,#3015);
#2070=LINE('',#14080,#3016);
#2071=LINE('',#14084,#3017);
#2072=LINE('',#14087,#3018);
#2073=LINE('',#14092,#3019);
#2074=LINE('',#14096,#3020);
#2075=LINE('',#14100,#3021);
#2076=LINE('',#14103,#3022);
#2077=LINE('',#14108,#3023);
#2078=LINE('',#14112,#3024);
#2079=LINE('',#14116,#3025);
#2080=LINE('',#14119,#3026);
#2081=LINE('',#14124,#3027);
#2082=LINE('',#14128,#3028);
#2083=LINE('',#14132,#3029);
#2084=LINE('',#14135,#3030);
#2085=LINE('',#14140,#3031);
#2086=LINE('',#14144,#3032);
#2087=LINE('',#14148,#3033);
#2088=LINE('',#14151,#3034);
#2089=LINE('',#14156,#3035);
#2090=LINE('',#14160,#3036);
#2091=LINE('',#14164,#3037);
#2092=LINE('',#14167,#3038);
#2093=LINE('',#14172,#3039);
#2094=LINE('',#14176,#3040);
#2095=LINE('',#14180,#3041);
#2096=LINE('',#14183,#3042);
#2097=LINE('',#14188,#3043);
#2098=LINE('',#14192,#3044);
#2099=LINE('',#14196,#3045);
#2100=LINE('',#14199,#3046);
#2101=LINE('',#14204,#3047);
#2102=LINE('',#14208,#3048);
#2103=LINE('',#14212,#3049);
#2104=LINE('',#14215,#3050);
#2105=LINE('',#14220,#3051);
#2106=LINE('',#14224,#3052);
#2107=LINE('',#14228,#3053);
#2108=LINE('',#14231,#3054);
#2109=LINE('',#14236,#3055);
#2110=LINE('',#14240,#3056);
#2111=LINE('',#14244,#3057);
#2112=LINE('',#14247,#3058);
#2113=LINE('',#14252,#3059);
#2114=LINE('',#14256,#3060);
#2115=LINE('',#14260,#3061);
#2116=LINE('',#14263,#3062);
#2117=LINE('',#14266,#3063);
#2118=LINE('',#14268,#3064);
#2119=LINE('',#14270,#3065);
#2120=LINE('',#14271,#3066);
#2121=LINE('',#14275,#3067);
#2122=LINE('',#14279,#3068);
#2123=LINE('',#14282,#3069);
#2124=LINE('',#14286,#3070);
#2125=LINE('',#14289,#3071);
#2126=LINE('',#14293,#3072);
#2127=LINE('',#14296,#3073);
#2128=LINE('',#14300,#3074);
#2129=LINE('',#14303,#3075);
#2130=LINE('',#14307,#3076);
#2131=LINE('',#14313,#3077);
#2132=LINE('',#14317,#3078);
#2133=LINE('',#14321,#3079);
#2134=LINE('',#14324,#3080);
#2135=LINE('',#14329,#3081);
#2136=LINE('',#14333,#3082);
#2137=LINE('',#14337,#3083);
#2138=LINE('',#14340,#3084);
#2139=LINE('',#14345,#3085);
#2140=LINE('',#14349,#3086);
#2141=LINE('',#14353,#3087);
#2142=LINE('',#14356,#3088);
#2143=LINE('',#14361,#3089);
#2144=LINE('',#14365,#3090);
#2145=LINE('',#14369,#3091);
#2146=LINE('',#14372,#3092);
#2147=LINE('',#14377,#3093);
#2148=LINE('',#14381,#3094);
#2149=LINE('',#14385,#3095);
#2150=LINE('',#14388,#3096);
#2151=LINE('',#14393,#3097);
#2152=LINE('',#14397,#3098);
#2153=LINE('',#14401,#3099);
#2154=LINE('',#14404,#3100);
#2155=LINE('',#14409,#3101);
#2156=LINE('',#14413,#3102);
#2157=LINE('',#14417,#3103);
#2158=LINE('',#14420,#3104);
#2159=LINE('',#14425,#3105);
#2160=LINE('',#14429,#3106);
#2161=LINE('',#14433,#3107);
#2162=LINE('',#14436,#3108);
#2163=LINE('',#14441,#3109);
#2164=LINE('',#14445,#3110);
#2165=LINE('',#14449,#3111);
#2166=LINE('',#14452,#3112);
#2167=LINE('',#14457,#3113);
#2168=LINE('',#14461,#3114);
#2169=LINE('',#14465,#3115);
#2170=LINE('',#14468,#3116);
#2171=LINE('',#14473,#3117);
#2172=LINE('',#14477,#3118);
#2173=LINE('',#14481,#3119);
#2174=LINE('',#14484,#3120);
#2175=LINE('',#14489,#3121);
#2176=LINE('',#14493,#3122);
#2177=LINE('',#14497,#3123);
#2178=LINE('',#14500,#3124);
#2179=LINE('',#14505,#3125);
#2180=LINE('',#14509,#3126);
#2181=LINE('',#14513,#3127);
#2182=LINE('',#14516,#3128);
#2183=LINE('',#14521,#3129);
#2184=LINE('',#14525,#3130);
#2185=LINE('',#14529,#3131);
#2186=LINE('',#14532,#3132);
#2187=LINE('',#14537,#3133);
#2188=LINE('',#14541,#3134);
#2189=LINE('',#14545,#3135);
#2190=LINE('',#14548,#3136);
#2191=LINE('',#14553,#3137);
#2192=LINE('',#14557,#3138);
#2193=LINE('',#14561,#3139);
#2194=LINE('',#14564,#3140);
#2195=LINE('',#14569,#3141);
#2196=LINE('',#14573,#3142);
#2197=LINE('',#14577,#3143);
#2198=LINE('',#14580,#3144);
#2199=LINE('',#14585,#3145);
#2200=LINE('',#14589,#3146);
#2201=LINE('',#14593,#3147);
#2202=LINE('',#14596,#3148);
#2203=LINE('',#14601,#3149);
#2204=LINE('',#14605,#3150);
#2205=LINE('',#14609,#3151);
#2206=LINE('',#14612,#3152);
#2207=LINE('',#14617,#3153);
#2208=LINE('',#14621,#3154);
#2209=LINE('',#14625,#3155);
#2210=LINE('',#14628,#3156);
#2211=LINE('',#14633,#3157);
#2212=LINE('',#14637,#3158);
#2213=LINE('',#14641,#3159);
#2214=LINE('',#14644,#3160);
#2215=LINE('',#14649,#3161);
#2216=LINE('',#14653,#3162);
#2217=LINE('',#14657,#3163);
#2218=LINE('',#14660,#3164);
#2219=LINE('',#14665,#3165);
#2220=LINE('',#14669,#3166);
#2221=LINE('',#14673,#3167);
#2222=LINE('',#14676,#3168);
#2223=LINE('',#14681,#3169);
#2224=LINE('',#14685,#3170);
#2225=LINE('',#14689,#3171);
#2226=LINE('',#14692,#3172);
#2227=LINE('',#14697,#3173);
#2228=LINE('',#14701,#3174);
#2229=LINE('',#14705,#3175);
#2230=LINE('',#14708,#3176);
#2231=LINE('',#14713,#3177);
#2232=LINE('',#14717,#3178);
#2233=LINE('',#14721,#3179);
#2234=LINE('',#14724,#3180);
#2235=LINE('',#14729,#3181);
#2236=LINE('',#14733,#3182);
#2237=LINE('',#14737,#3183);
#2238=LINE('',#14740,#3184);
#2239=LINE('',#14745,#3185);
#2240=LINE('',#14749,#3186);
#2241=LINE('',#14753,#3187);
#2242=LINE('',#14756,#3188);
#2243=LINE('',#14761,#3189);
#2244=LINE('',#14765,#3190);
#2245=LINE('',#14769,#3191);
#2246=LINE('',#14772,#3192);
#2247=LINE('',#14777,#3193);
#2248=LINE('',#14781,#3194);
#2249=LINE('',#14785,#3195);
#2250=LINE('',#14788,#3196);
#2251=LINE('',#14793,#3197);
#2252=LINE('',#14797,#3198);
#2253=LINE('',#14801,#3199);
#2254=LINE('',#14804,#3200);
#2255=LINE('',#14809,#3201);
#2256=LINE('',#14813,#3202);
#2257=LINE('',#14817,#3203);
#2258=LINE('',#14820,#3204);
#2259=LINE('',#14825,#3205);
#2260=LINE('',#14829,#3206);
#2261=LINE('',#14833,#3207);
#2262=LINE('',#14836,#3208);
#2263=LINE('',#14841,#3209);
#2264=LINE('',#14845,#3210);
#2265=LINE('',#14849,#3211);
#2266=LINE('',#14852,#3212);
#2267=LINE('',#14857,#3213);
#2268=LINE('',#14861,#3214);
#2269=LINE('',#14865,#3215);
#2270=LINE('',#14868,#3216);
#2271=LINE('',#14873,#3217);
#2272=LINE('',#14877,#3218);
#2273=LINE('',#14881,#3219);
#2274=LINE('',#14884,#3220);
#2275=LINE('',#14889,#3221);
#2276=LINE('',#14893,#3222);
#2277=LINE('',#14897,#3223);
#2278=LINE('',#14900,#3224);
#2279=LINE('',#14905,#3225);
#2280=LINE('',#14909,#3226);
#2281=LINE('',#14913,#3227);
#2282=LINE('',#14916,#3228);
#2283=LINE('',#14921,#3229);
#2284=LINE('',#14925,#3230);
#2285=LINE('',#14929,#3231);
#2286=LINE('',#14932,#3232);
#2287=LINE('',#14937,#3233);
#2288=LINE('',#14941,#3234);
#2289=LINE('',#14945,#3235);
#2290=LINE('',#14948,#3236);
#2291=LINE('',#14953,#3237);
#2292=LINE('',#14957,#3238);
#2293=LINE('',#14961,#3239);
#2294=LINE('',#14964,#3240);
#2295=LINE('',#14969,#3241);
#2296=LINE('',#14973,#3242);
#2297=LINE('',#14977,#3243);
#2298=LINE('',#14980,#3244);
#2299=LINE('',#14985,#3245);
#2300=LINE('',#14989,#3246);
#2301=LINE('',#14993,#3247);
#2302=LINE('',#14996,#3248);
#2303=LINE('',#15001,#3249);
#2304=LINE('',#15005,#3250);
#2305=LINE('',#15009,#3251);
#2306=LINE('',#15012,#3252);
#2307=LINE('',#15017,#3253);
#2308=LINE('',#15021,#3254);
#2309=LINE('',#15025,#3255);
#2310=LINE('',#15028,#3256);
#2311=LINE('',#15033,#3257);
#2312=LINE('',#15037,#3258);
#2313=LINE('',#15041,#3259);
#2314=LINE('',#15044,#3260);
#2315=LINE('',#15049,#3261);
#2316=LINE('',#15053,#3262);
#2317=LINE('',#15057,#3263);
#2318=LINE('',#15060,#3264);
#2319=LINE('',#15065,#3265);
#2320=LINE('',#15069,#3266);
#2321=LINE('',#15073,#3267);
#2322=LINE('',#15076,#3268);
#2323=LINE('',#15081,#3269);
#2324=LINE('',#15085,#3270);
#2325=LINE('',#15089,#3271);
#2326=LINE('',#15092,#3272);
#2327=LINE('',#15097,#3273);
#2328=LINE('',#15101,#3274);
#2329=LINE('',#15105,#3275);
#2330=LINE('',#15108,#3276);
#2331=LINE('',#15113,#3277);
#2332=LINE('',#15117,#3278);
#2333=LINE('',#15121,#3279);
#2334=LINE('',#15124,#3280);
#2335=LINE('',#15127,#3281);
#2336=LINE('',#15129,#3282);
#2337=LINE('',#15131,#3283);
#2338=LINE('',#15132,#3284);
#2339=LINE('',#15134,#3285);
#2340=LINE('',#15135,#3286);
#2341=LINE('',#15137,#3287);
#2342=LINE('',#15144,#3288);
#2343=LINE('',#15148,#3289);
#2344=LINE('',#15152,#3290);
#2345=LINE('',#15155,#3291);
#2346=LINE('',#15159,#3292);
#2347=LINE('',#15161,#3293);
#2348=LINE('',#15163,#3294);
#2349=LINE('',#15164,#3295);
#2350=LINE('',#15168,#3296);
#2351=LINE('',#15172,#3297);
#2352=LINE('',#15176,#3298);
#2353=LINE('',#15180,#3299);
#2354=LINE('',#15191,#3300);
#2355=LINE('',#15195,#3301);
#2356=LINE('',#15197,#3302);
#2357=LINE('',#15198,#3303);
#2358=LINE('',#15201,#3304);
#2359=LINE('',#15202,#3305);
#2360=LINE('',#15206,#3306);
#2361=LINE('',#15207,#3307);
#2362=LINE('',#15208,#3308);
#2363=LINE('',#15211,#3309);
#2364=LINE('',#15212,#3310);
#2365=LINE('',#15215,#3311);
#2366=LINE('',#15216,#3312);
#2367=LINE('',#15218,#3313);
#2368=LINE('',#15220,#3314);
#2369=LINE('',#15221,#3315);
#2370=LINE('',#15223,#3316);
#2371=LINE('',#15225,#3317);
#2372=LINE('',#15227,#3318);
#2373=LINE('',#15229,#3319);
#2374=LINE('',#15231,#3320);
#2375=LINE('',#15233,#3321);
#2376=LINE('',#15236,#3322);
#2377=LINE('',#15237,#3323);
#2378=LINE('',#15239,#3324);
#2379=LINE('',#15241,#3325);
#2380=LINE('',#15243,#3326);
#2381=LINE('',#15245,#3327);
#2382=LINE('',#15247,#3328);
#2383=LINE('',#15249,#3329);
#2384=LINE('',#15252,#3330);
#2385=LINE('',#15253,#3331);
#2386=LINE('',#15255,#3332);
#2387=LINE('',#15257,#3333);
#2388=LINE('',#15259,#3334);
#2389=LINE('',#15261,#3335);
#2390=LINE('',#15263,#3336);
#2391=LINE('',#15265,#3337);
#2392=LINE('',#15268,#3338);
#2393=LINE('',#15269,#3339);
#2394=LINE('',#15271,#3340);
#2395=LINE('',#15273,#3341);
#2396=LINE('',#15275,#3342);
#2397=LINE('',#15277,#3343);
#2398=LINE('',#15279,#3344);
#2399=LINE('',#15281,#3345);
#2400=LINE('',#15284,#3346);
#2401=LINE('',#15285,#3347);
#2402=LINE('',#15287,#3348);
#2403=LINE('',#15289,#3349);
#2404=LINE('',#15291,#3350);
#2405=LINE('',#15293,#3351);
#2406=LINE('',#15295,#3352);
#2407=LINE('',#15297,#3353);
#2408=LINE('',#15300,#3354);
#2409=LINE('',#15301,#3355);
#2410=LINE('',#15303,#3356);
#2411=LINE('',#15305,#3357);
#2412=LINE('',#15307,#3358);
#2413=LINE('',#15309,#3359);
#2414=LINE('',#15311,#3360);
#2415=LINE('',#15313,#3361);
#2416=LINE('',#15316,#3362);
#2417=LINE('',#15317,#3363);
#2418=LINE('',#15319,#3364);
#2419=LINE('',#15321,#3365);
#2420=LINE('',#15323,#3366);
#2421=LINE('',#15325,#3367);
#2422=LINE('',#15327,#3368);
#2423=LINE('',#15329,#3369);
#2424=LINE('',#15332,#3370);
#2425=LINE('',#15333,#3371);
#2426=LINE('',#15335,#3372);
#2427=LINE('',#15337,#3373);
#2428=LINE('',#15339,#3374);
#2429=LINE('',#15341,#3375);
#2430=LINE('',#15343,#3376);
#2431=LINE('',#15345,#3377);
#2432=LINE('',#15348,#3378);
#2433=LINE('',#15349,#3379);
#2434=LINE('',#15351,#3380);
#2435=LINE('',#15353,#3381);
#2436=LINE('',#15355,#3382);
#2437=LINE('',#15357,#3383);
#2438=LINE('',#15359,#3384);
#2439=LINE('',#15361,#3385);
#2440=LINE('',#15364,#3386);
#2441=LINE('',#15365,#3387);
#2442=LINE('',#15367,#3388);
#2443=LINE('',#15369,#3389);
#2444=LINE('',#15371,#3390);
#2445=LINE('',#15373,#3391);
#2446=LINE('',#15375,#3392);
#2447=LINE('',#15377,#3393);
#2448=LINE('',#15380,#3394);
#2449=LINE('',#15381,#3395);
#2450=LINE('',#15383,#3396);
#2451=LINE('',#15385,#3397);
#2452=LINE('',#15387,#3398);
#2453=LINE('',#15389,#3399);
#2454=LINE('',#15391,#3400);
#2455=LINE('',#15393,#3401);
#2456=LINE('',#15396,#3402);
#2457=LINE('',#15397,#3403);
#2458=LINE('',#15399,#3404);
#2459=LINE('',#15401,#3405);
#2460=LINE('',#15403,#3406);
#2461=LINE('',#15405,#3407);
#2462=LINE('',#15407,#3408);
#2463=LINE('',#15409,#3409);
#2464=LINE('',#15412,#3410);
#2465=LINE('',#15413,#3411);
#2466=LINE('',#15415,#3412);
#2467=LINE('',#15417,#3413);
#2468=LINE('',#15419,#3414);
#2469=LINE('',#15421,#3415);
#2470=LINE('',#15423,#3416);
#2471=LINE('',#15425,#3417);
#2472=LINE('',#15428,#3418);
#2473=LINE('',#15429,#3419);
#2474=LINE('',#15431,#3420);
#2475=LINE('',#15433,#3421);
#2476=LINE('',#15435,#3422);
#2477=LINE('',#15437,#3423);
#2478=LINE('',#15439,#3424);
#2479=LINE('',#15441,#3425);
#2480=LINE('',#15444,#3426);
#2481=LINE('',#15445,#3427);
#2482=LINE('',#15447,#3428);
#2483=LINE('',#15449,#3429);
#2484=LINE('',#15451,#3430);
#2485=LINE('',#15453,#3431);
#2486=LINE('',#15455,#3432);
#2487=LINE('',#15457,#3433);
#2488=LINE('',#15460,#3434);
#2489=LINE('',#15461,#3435);
#2490=LINE('',#15463,#3436);
#2491=LINE('',#15465,#3437);
#2492=LINE('',#15467,#3438);
#2493=LINE('',#15469,#3439);
#2494=LINE('',#15471,#3440);
#2495=LINE('',#15473,#3441);
#2496=LINE('',#15476,#3442);
#2497=LINE('',#15477,#3443);
#2498=LINE('',#15479,#3444);
#2499=LINE('',#15481,#3445);
#2500=LINE('',#15483,#3446);
#2501=LINE('',#15485,#3447);
#2502=LINE('',#15487,#3448);
#2503=LINE('',#15489,#3449);
#2504=LINE('',#15492,#3450);
#2505=LINE('',#15493,#3451);
#2506=LINE('',#15495,#3452);
#2507=LINE('',#15497,#3453);
#2508=LINE('',#15499,#3454);
#2509=LINE('',#15501,#3455);
#2510=LINE('',#15503,#3456);
#2511=LINE('',#15505,#3457);
#2512=LINE('',#15508,#3458);
#2513=LINE('',#15509,#3459);
#2514=LINE('',#15511,#3460);
#2515=LINE('',#15513,#3461);
#2516=LINE('',#15515,#3462);
#2517=LINE('',#15517,#3463);
#2518=LINE('',#15519,#3464);
#2519=LINE('',#15521,#3465);
#2520=LINE('',#15524,#3466);
#2521=LINE('',#15526,#3467);
#2522=LINE('',#15528,#3468);
#2523=LINE('',#15531,#3469);
#2524=LINE('',#15532,#3470);
#2525=LINE('',#15534,#3471);
#2526=LINE('',#15536,#3472);
#2527=LINE('',#15538,#3473);
#2528=LINE('',#15540,#3474);
#2529=LINE('',#15542,#3475);
#2530=LINE('',#15544,#3476);
#2531=LINE('',#15547,#3477);
#2532=LINE('',#15548,#3478);
#2533=LINE('',#15550,#3479);
#2534=LINE('',#15552,#3480);
#2535=LINE('',#15554,#3481);
#2536=LINE('',#15556,#3482);
#2537=LINE('',#15558,#3483);
#2538=LINE('',#15560,#3484);
#2539=LINE('',#15563,#3485);
#2540=LINE('',#15564,#3486);
#2541=LINE('',#15566,#3487);
#2542=LINE('',#15568,#3488);
#2543=LINE('',#15570,#3489);
#2544=LINE('',#15572,#3490);
#2545=LINE('',#15574,#3491);
#2546=LINE('',#15576,#3492);
#2547=LINE('',#15579,#3493);
#2548=LINE('',#15580,#3494);
#2549=LINE('',#15582,#3495);
#2550=LINE('',#15584,#3496);
#2551=LINE('',#15586,#3497);
#2552=LINE('',#15588,#3498);
#2553=LINE('',#15590,#3499);
#2554=LINE('',#15592,#3500);
#2555=LINE('',#15595,#3501);
#2556=LINE('',#15596,#3502);
#2557=LINE('',#15598,#3503);
#2558=LINE('',#15600,#3504);
#2559=LINE('',#15602,#3505);
#2560=LINE('',#15604,#3506);
#2561=LINE('',#15606,#3507);
#2562=LINE('',#15608,#3508);
#2563=LINE('',#15611,#3509);
#2564=LINE('',#15612,#3510);
#2565=LINE('',#15614,#3511);
#2566=LINE('',#15616,#3512);
#2567=LINE('',#15618,#3513);
#2568=LINE('',#15620,#3514);
#2569=LINE('',#15622,#3515);
#2570=LINE('',#15624,#3516);
#2571=LINE('',#15627,#3517);
#2572=LINE('',#15628,#3518);
#2573=LINE('',#15630,#3519);
#2574=LINE('',#15632,#3520);
#2575=LINE('',#15634,#3521);
#2576=LINE('',#15636,#3522);
#2577=LINE('',#15638,#3523);
#2578=LINE('',#15640,#3524);
#2579=LINE('',#15643,#3525);
#2580=LINE('',#15644,#3526);
#2581=LINE('',#15646,#3527);
#2582=LINE('',#15648,#3528);
#2583=LINE('',#15650,#3529);
#2584=LINE('',#15652,#3530);
#2585=LINE('',#15654,#3531);
#2586=LINE('',#15656,#3532);
#2587=LINE('',#15659,#3533);
#2588=LINE('',#15661,#3534);
#2589=LINE('',#15663,#3535);
#2590=LINE('',#15666,#3536);
#2591=LINE('',#15667,#3537);
#2592=LINE('',#15669,#3538);
#2593=LINE('',#15671,#3539);
#2594=LINE('',#15673,#3540);
#2595=LINE('',#15675,#3541);
#2596=LINE('',#15677,#3542);
#2597=LINE('',#15679,#3543);
#2598=LINE('',#15682,#3544);
#2599=LINE('',#15683,#3545);
#2600=LINE('',#15685,#3546);
#2601=LINE('',#15687,#3547);
#2602=LINE('',#15689,#3548);
#2603=LINE('',#15691,#3549);
#2604=LINE('',#15693,#3550);
#2605=LINE('',#15695,#3551);
#2606=LINE('',#15698,#3552);
#2607=LINE('',#15699,#3553);
#2608=LINE('',#15701,#3554);
#2609=LINE('',#15703,#3555);
#2610=LINE('',#15705,#3556);
#2611=LINE('',#15707,#3557);
#2612=LINE('',#15709,#3558);
#2613=LINE('',#15711,#3559);
#2614=LINE('',#15714,#3560);
#2615=LINE('',#15716,#3561);
#2616=LINE('',#15718,#3562);
#2617=LINE('',#15721,#3563);
#2618=LINE('',#15722,#3564);
#2619=LINE('',#15724,#3565);
#2620=LINE('',#15726,#3566);
#2621=LINE('',#15728,#3567);
#2622=LINE('',#15730,#3568);
#2623=LINE('',#15732,#3569);
#2624=LINE('',#15734,#3570);
#2625=LINE('',#15737,#3571);
#2626=LINE('',#15738,#3572);
#2627=LINE('',#15740,#3573);
#2628=LINE('',#15742,#3574);
#2629=LINE('',#15744,#3575);
#2630=LINE('',#15746,#3576);
#2631=LINE('',#15748,#3577);
#2632=LINE('',#15750,#3578);
#2633=LINE('',#15753,#3579);
#2634=LINE('',#15754,#3580);
#2635=LINE('',#15756,#3581);
#2636=LINE('',#15758,#3582);
#2637=LINE('',#15760,#3583);
#2638=LINE('',#15762,#3584);
#2639=LINE('',#15764,#3585);
#2640=LINE('',#15766,#3586);
#2641=LINE('',#15769,#3587);
#2642=LINE('',#15771,#3588);
#2643=LINE('',#15773,#3589);
#2644=LINE('',#15776,#3590);
#2645=LINE('',#15777,#3591);
#2646=LINE('',#15779,#3592);
#2647=LINE('',#15781,#3593);
#2648=LINE('',#15783,#3594);
#2649=LINE('',#15785,#3595);
#2650=LINE('',#15787,#3596);
#2651=LINE('',#15789,#3597);
#2652=LINE('',#15792,#3598);
#2653=LINE('',#15793,#3599);
#2654=LINE('',#15795,#3600);
#2655=LINE('',#15797,#3601);
#2656=LINE('',#15799,#3602);
#2657=LINE('',#15801,#3603);
#2658=LINE('',#15803,#3604);
#2659=LINE('',#15805,#3605);
#2660=LINE('',#15808,#3606);
#2661=LINE('',#15809,#3607);
#2662=LINE('',#15811,#3608);
#2663=LINE('',#15813,#3609);
#2664=LINE('',#15815,#3610);
#2665=LINE('',#15817,#3611);
#2666=LINE('',#15819,#3612);
#2667=LINE('',#15821,#3613);
#2668=LINE('',#15824,#3614);
#2669=LINE('',#15825,#3615);
#2670=LINE('',#15827,#3616);
#2671=LINE('',#15829,#3617);
#2672=LINE('',#15831,#3618);
#2673=LINE('',#15833,#3619);
#2674=LINE('',#15835,#3620);
#2675=LINE('',#15837,#3621);
#2676=LINE('',#15840,#3622);
#2677=LINE('',#15841,#3623);
#2678=LINE('',#15843,#3624);
#2679=LINE('',#15845,#3625);
#2680=LINE('',#15847,#3626);
#2681=LINE('',#15849,#3627);
#2682=LINE('',#15851,#3628);
#2683=LINE('',#15853,#3629);
#2684=LINE('',#15856,#3630);
#2685=LINE('',#15857,#3631);
#2686=LINE('',#15859,#3632);
#2687=LINE('',#15861,#3633);
#2688=LINE('',#15863,#3634);
#2689=LINE('',#15865,#3635);
#2690=LINE('',#15867,#3636);
#2691=LINE('',#15869,#3637);
#2692=LINE('',#15872,#3638);
#2693=LINE('',#15873,#3639);
#2694=LINE('',#15875,#3640);
#2695=LINE('',#15877,#3641);
#2696=LINE('',#15879,#3642);
#2697=LINE('',#15881,#3643);
#2698=LINE('',#15883,#3644);
#2699=LINE('',#15885,#3645);
#2700=LINE('',#15888,#3646);
#2701=LINE('',#15889,#3647);
#2702=LINE('',#15891,#3648);
#2703=LINE('',#15893,#3649);
#2704=LINE('',#15895,#3650);
#2705=LINE('',#15897,#3651);
#2706=LINE('',#15899,#3652);
#2707=LINE('',#15901,#3653);
#2708=LINE('',#15904,#3654);
#2709=LINE('',#15905,#3655);
#2710=LINE('',#15907,#3656);
#2711=LINE('',#15909,#3657);
#2712=LINE('',#15911,#3658);
#2713=LINE('',#15913,#3659);
#2714=LINE('',#15915,#3660);
#2715=LINE('',#15917,#3661);
#2716=LINE('',#15920,#3662);
#2717=LINE('',#15921,#3663);
#2718=LINE('',#15923,#3664);
#2719=LINE('',#15925,#3665);
#2720=LINE('',#15927,#3666);
#2721=LINE('',#15929,#3667);
#2722=LINE('',#15931,#3668);
#2723=LINE('',#15933,#3669);
#2724=LINE('',#15936,#3670);
#2725=LINE('',#15937,#3671);
#2726=LINE('',#15939,#3672);
#2727=LINE('',#15941,#3673);
#2728=LINE('',#15943,#3674);
#2729=LINE('',#15945,#3675);
#2730=LINE('',#15947,#3676);
#2731=LINE('',#15949,#3677);
#2732=LINE('',#15952,#3678);
#2733=LINE('',#15953,#3679);
#2734=LINE('',#15955,#3680);
#2735=LINE('',#15957,#3681);
#2736=LINE('',#15959,#3682);
#2737=LINE('',#15961,#3683);
#2738=LINE('',#15963,#3684);
#2739=LINE('',#15965,#3685);
#2740=LINE('',#15968,#3686);
#2741=LINE('',#15969,#3687);
#2742=LINE('',#15971,#3688);
#2743=LINE('',#15973,#3689);
#2744=LINE('',#15975,#3690);
#2745=LINE('',#15977,#3691);
#2746=LINE('',#15979,#3692);
#2747=LINE('',#15981,#3693);
#2748=LINE('',#15984,#3694);
#2749=LINE('',#15985,#3695);
#2750=LINE('',#15987,#3696);
#2751=LINE('',#15989,#3697);
#2752=LINE('',#15991,#3698);
#2753=LINE('',#15993,#3699);
#2754=LINE('',#15995,#3700);
#2755=LINE('',#15997,#3701);
#2756=LINE('',#16000,#3702);
#2757=LINE('',#16001,#3703);
#2758=LINE('',#16003,#3704);
#2759=LINE('',#16005,#3705);
#2760=LINE('',#16007,#3706);
#2761=LINE('',#16009,#3707);
#2762=LINE('',#16011,#3708);
#2763=LINE('',#16013,#3709);
#2764=LINE('',#16016,#3710);
#2765=LINE('',#16017,#3711);
#2766=LINE('',#16019,#3712);
#2767=LINE('',#16021,#3713);
#2768=LINE('',#16023,#3714);
#2769=LINE('',#16025,#3715);
#2770=LINE('',#16027,#3716);
#2771=LINE('',#16029,#3717);
#2772=LINE('',#16032,#3718);
#2773=LINE('',#16033,#3719);
#2774=LINE('',#16035,#3720);
#2775=LINE('',#16037,#3721);
#2776=LINE('',#16039,#3722);
#2777=LINE('',#16041,#3723);
#2778=LINE('',#16043,#3724);
#2779=LINE('',#16045,#3725);
#2780=LINE('',#16048,#3726);
#2781=LINE('',#16049,#3727);
#2782=LINE('',#16051,#3728);
#2783=LINE('',#16053,#3729);
#2784=LINE('',#16055,#3730);
#2785=LINE('',#16057,#3731);
#2786=LINE('',#16059,#3732);
#2787=LINE('',#16061,#3733);
#2788=LINE('',#16065,#3734);
#2789=LINE('',#16066,#3735);
#2790=LINE('',#16068,#3736);
#2791=VECTOR('',#10497,10.);
#2792=VECTOR('',#10498,10.);
#2793=VECTOR('',#10499,10.);
#2794=VECTOR('',#10500,10.);
#2795=VECTOR('',#10501,10.);
#2796=VECTOR('',#10502,10.);
#2797=VECTOR('',#10505,10.);
#2798=VECTOR('',#10506,10.);
#2799=VECTOR('',#10507,10.);
#2800=VECTOR('',#10508,10.);
#2801=VECTOR('',#10511,10.);
#2802=VECTOR('',#10512,10.);
#2803=VECTOR('',#10513,10.);
#2804=VECTOR('',#10514,10.);
#2805=VECTOR('',#10517,10.);
#2806=VECTOR('',#10518,10.);
#2807=VECTOR('',#10519,10.);
#2808=VECTOR('',#10520,10.);
#2809=VECTOR('',#10523,10.);
#2810=VECTOR('',#10524,10.);
#2811=VECTOR('',#10525,10.);
#2812=VECTOR('',#10526,10.);
#2813=VECTOR('',#10527,10.);
#2814=VECTOR('',#10528,10.);
#2815=VECTOR('',#10531,10.);
#2816=VECTOR('',#10532,10.);
#2817=VECTOR('',#10533,10.);
#2818=VECTOR('',#10536,10.);
#2819=VECTOR('',#10537,10.);
#2820=VECTOR('',#10538,10.);
#2821=VECTOR('',#10541,10.);
#2822=VECTOR('',#10542,10.);
#2823=VECTOR('',#10543,10.);
#2824=VECTOR('',#10546,10.);
#2825=VECTOR('',#10547,10.);
#2826=VECTOR('',#10548,10.);
#2827=VECTOR('',#10551,10.);
#2828=VECTOR('',#10552,10.);
#2829=VECTOR('',#10553,10.);
#2830=VECTOR('',#10556,10.);
#2831=VECTOR('',#10557,10.);
#2832=VECTOR('',#10558,10.);
#2833=VECTOR('',#10563,10.);
#2834=VECTOR('',#10566,10.);
#2835=VECTOR('',#10569,10.);
#2836=VECTOR('',#10574,10.);
#2837=VECTOR('',#10575,10.);
#2838=VECTOR('',#10576,10.);
#2839=VECTOR('',#10581,1.);
#2840=VECTOR('',#10584,10.);
#2841=VECTOR('',#10591,10.);
#2842=VECTOR('',#10592,10.);
#2843=VECTOR('',#10593,10.);
#2844=VECTOR('',#10598,10.);
#2845=VECTOR('',#10603,5.);
#2846=VECTOR('',#10606,10.);
#2847=VECTOR('',#10607,10.);
#2848=VECTOR('',#10608,10.);
#2849=VECTOR('',#10611,10.);
#2850=VECTOR('',#10614,10.);
#2851=VECTOR('',#10619,10.);
#2852=VECTOR('',#10622,10.);
#2853=VECTOR('',#10623,10.);
#2854=VECTOR('',#10624,10.);
#2855=VECTOR('',#10631,10.);
#2856=VECTOR('',#10634,10.);
#2857=VECTOR('',#10637,10.);
#2858=VECTOR('',#10640,10.);
#2859=VECTOR('',#10643,10.);
#2860=VECTOR('',#10646,10.);
#2861=VECTOR('',#10649,10.);
#2862=VECTOR('',#10652,10.);
#2863=VECTOR('',#10657,10.);
#2864=VECTOR('',#10660,10.);
#2865=VECTOR('',#10663,10.);
#2866=VECTOR('',#10666,10.);
#2867=VECTOR('',#10669,10.);
#2868=VECTOR('',#10672,10.);
#2869=VECTOR('',#10675,10.);
#2870=VECTOR('',#10678,10.);
#2871=VECTOR('',#10681,10.);
#2872=VECTOR('',#10684,10.);
#2873=VECTOR('',#10687,10.);
#2874=VECTOR('',#10690,10.);
#2875=VECTOR('',#10693,10.);
#2876=VECTOR('',#10696,10.);
#2877=VECTOR('',#10699,10.);
#2878=VECTOR('',#10702,10.);
#2879=VECTOR('',#10705,10.);
#2880=VECTOR('',#10708,10.);
#2881=VECTOR('',#10711,10.);
#2882=VECTOR('',#10714,10.);
#2883=VECTOR('',#10717,10.);
#2884=VECTOR('',#10720,10.);
#2885=VECTOR('',#10723,10.);
#2886=VECTOR('',#10726,10.);
#2887=VECTOR('',#10729,10.);
#2888=VECTOR('',#10732,10.);
#2889=VECTOR('',#10735,10.);
#2890=VECTOR('',#10738,10.);
#2891=VECTOR('',#10741,10.);
#2892=VECTOR('',#10744,10.);
#2893=VECTOR('',#10747,10.);
#2894=VECTOR('',#10750,10.);
#2895=VECTOR('',#10753,10.);
#2896=VECTOR('',#10756,10.);
#2897=VECTOR('',#10759,10.);
#2898=VECTOR('',#10762,10.);
#2899=VECTOR('',#10765,10.);
#2900=VECTOR('',#10768,10.);
#2901=VECTOR('',#10771,10.);
#2902=VECTOR('',#10774,10.);
#2903=VECTOR('',#10777,10.);
#2904=VECTOR('',#10780,10.);
#2905=VECTOR('',#10783,10.);
#2906=VECTOR('',#10786,10.);
#2907=VECTOR('',#10789,10.);
#2908=VECTOR('',#10792,10.);
#2909=VECTOR('',#10795,10.);
#2910=VECTOR('',#10798,10.);
#2911=VECTOR('',#10801,10.);
#2912=VECTOR('',#10804,10.);
#2913=VECTOR('',#10807,10.);
#2914=VECTOR('',#10810,10.);
#2915=VECTOR('',#10813,10.);
#2916=VECTOR('',#10816,10.);
#2917=VECTOR('',#10819,10.);
#2918=VECTOR('',#10822,10.);
#2919=VECTOR('',#10825,10.);
#2920=VECTOR('',#10828,10.);
#2921=VECTOR('',#10831,10.);
#2922=VECTOR('',#10834,10.);
#2923=VECTOR('',#10837,10.);
#2924=VECTOR('',#10840,10.);
#2925=VECTOR('',#10843,10.);
#2926=VECTOR('',#10846,10.);
#2927=VECTOR('',#10849,10.);
#2928=VECTOR('',#10852,10.);
#2929=VECTOR('',#10855,10.);
#2930=VECTOR('',#10858,10.);
#2931=VECTOR('',#10861,10.);
#2932=VECTOR('',#10864,10.);
#2933=VECTOR('',#10867,10.);
#2934=VECTOR('',#10870,10.);
#2935=VECTOR('',#10873,10.);
#2936=VECTOR('',#10876,10.);
#2937=VECTOR('',#10879,10.);
#2938=VECTOR('',#10882,10.);
#2939=VECTOR('',#10885,10.);
#2940=VECTOR('',#10888,10.);
#2941=VECTOR('',#10891,10.);
#2942=VECTOR('',#10894,10.);
#2943=VECTOR('',#10897,10.);
#2944=VECTOR('',#10900,10.);
#2945=VECTOR('',#10903,10.);
#2946=VECTOR('',#10906,10.);
#2947=VECTOR('',#10909,10.);
#2948=VECTOR('',#10912,10.);
#2949=VECTOR('',#10915,10.);
#2950=VECTOR('',#10918,10.);
#2951=VECTOR('',#10921,10.);
#2952=VECTOR('',#10924,10.);
#2953=VECTOR('',#10927,10.);
#2954=VECTOR('',#10930,10.);
#2955=VECTOR('',#10933,10.);
#2956=VECTOR('',#10936,10.);
#2957=VECTOR('',#10939,10.);
#2958=VECTOR('',#10942,10.);
#2959=VECTOR('',#10945,10.);
#2960=VECTOR('',#10948,10.);
#2961=VECTOR('',#10951,10.);
#2962=VECTOR('',#10954,10.);
#2963=VECTOR('',#10957,10.);
#2964=VECTOR('',#10960,10.);
#2965=VECTOR('',#10963,10.);
#2966=VECTOR('',#10966,10.);
#2967=VECTOR('',#10969,10.);
#2968=VECTOR('',#10972,10.);
#2969=VECTOR('',#10975,10.);
#2970=VECTOR('',#10978,10.);
#2971=VECTOR('',#10981,10.);
#2972=VECTOR('',#10984,10.);
#2973=VECTOR('',#10987,10.);
#2974=VECTOR('',#10990,10.);
#2975=VECTOR('',#10993,10.);
#2976=VECTOR('',#10996,10.);
#2977=VECTOR('',#10999,10.);
#2978=VECTOR('',#11002,10.);
#2979=VECTOR('',#11005,10.);
#2980=VECTOR('',#11008,10.);
#2981=VECTOR('',#11011,10.);
#2982=VECTOR('',#11014,10.);
#2983=VECTOR('',#11017,10.);
#2984=VECTOR('',#11020,10.);
#2985=VECTOR('',#11023,10.);
#2986=VECTOR('',#11026,10.);
#2987=VECTOR('',#11029,10.);
#2988=VECTOR('',#11032,10.);
#2989=VECTOR('',#11035,10.);
#2990=VECTOR('',#11038,10.);
#2991=VECTOR('',#11041,10.);
#2992=VECTOR('',#11044,10.);
#2993=VECTOR('',#11047,10.);
#2994=VECTOR('',#11050,10.);
#2995=VECTOR('',#11053,10.);
#2996=VECTOR('',#11056,10.);
#2997=VECTOR('',#11059,10.);
#2998=VECTOR('',#11062,10.);
#2999=VECTOR('',#11065,10.);
#3000=VECTOR('',#11068,10.);
#3001=VECTOR('',#11071,10.);
#3002=VECTOR('',#11074,10.);
#3003=VECTOR('',#11077,10.);
#3004=VECTOR('',#11080,10.);
#3005=VECTOR('',#11083,10.);
#3006=VECTOR('',#11086,10.);
#3007=VECTOR('',#11089,10.);
#3008=VECTOR('',#11092,10.);
#3009=VECTOR('',#11095,10.);
#3010=VECTOR('',#11098,10.);
#3011=VECTOR('',#11101,10.);
#3012=VECTOR('',#11104,10.);
#3013=VECTOR('',#11107,10.);
#3014=VECTOR('',#11110,10.);
#3015=VECTOR('',#11113,10.);
#3016=VECTOR('',#11116,10.);
#3017=VECTOR('',#11119,10.);
#3018=VECTOR('',#11122,10.);
#3019=VECTOR('',#11125,10.);
#3020=VECTOR('',#11128,10.);
#3021=VECTOR('',#11131,10.);
#3022=VECTOR('',#11134,10.);
#3023=VECTOR('',#11137,10.);
#3024=VECTOR('',#11140,10.);
#3025=VECTOR('',#11143,10.);
#3026=VECTOR('',#11146,10.);
#3027=VECTOR('',#11149,10.);
#3028=VECTOR('',#11152,10.);
#3029=VECTOR('',#11155,10.);
#3030=VECTOR('',#11158,10.);
#3031=VECTOR('',#11161,10.);
#3032=VECTOR('',#11164,10.);
#3033=VECTOR('',#11167,10.);
#3034=VECTOR('',#11170,10.);
#3035=VECTOR('',#11173,10.);
#3036=VECTOR('',#11176,10.);
#3037=VECTOR('',#11179,10.);
#3038=VECTOR('',#11182,10.);
#3039=VECTOR('',#11185,10.);
#3040=VECTOR('',#11188,10.);
#3041=VECTOR('',#11191,10.);
#3042=VECTOR('',#11194,10.);
#3043=VECTOR('',#11197,10.);
#3044=VECTOR('',#11200,10.);
#3045=VECTOR('',#11203,10.);
#3046=VECTOR('',#11206,10.);
#3047=VECTOR('',#11209,10.);
#3048=VECTOR('',#11212,10.);
#3049=VECTOR('',#11215,10.);
#3050=VECTOR('',#11218,10.);
#3051=VECTOR('',#11221,10.);
#3052=VECTOR('',#11224,10.);
#3053=VECTOR('',#11227,10.);
#3054=VECTOR('',#11230,10.);
#3055=VECTOR('',#11233,10.);
#3056=VECTOR('',#11236,10.);
#3057=VECTOR('',#11239,10.);
#3058=VECTOR('',#11242,10.);
#3059=VECTOR('',#11245,10.);
#3060=VECTOR('',#11248,10.);
#3061=VECTOR('',#11251,10.);
#3062=VECTOR('',#11254,10.);
#3063=VECTOR('',#11255,10.);
#3064=VECTOR('',#11256,10.);
#3065=VECTOR('',#11257,10.);
#3066=VECTOR('',#11258,10.);
#3067=VECTOR('',#11263,10.);
#3068=VECTOR('',#11266,10.);
#3069=VECTOR('',#11269,10.);
#3070=VECTOR('',#11272,10.);
#3071=VECTOR('',#11275,10.);
#3072=VECTOR('',#11278,10.);
#3073=VECTOR('',#11281,10.);
#3074=VECTOR('',#11284,10.);
#3075=VECTOR('',#11287,10.);
#3076=VECTOR('',#11290,10.);
#3077=VECTOR('',#11295,10.);
#3078=VECTOR('',#11298,10.);
#3079=VECTOR('',#11301,10.);
#3080=VECTOR('',#11304,10.);
#3081=VECTOR('',#11307,10.);
#3082=VECTOR('',#11310,10.);
#3083=VECTOR('',#11313,10.);
#3084=VECTOR('',#11316,10.);
#3085=VECTOR('',#11319,10.);
#3086=VECTOR('',#11322,10.);
#3087=VECTOR('',#11325,10.);
#3088=VECTOR('',#11328,10.);
#3089=VECTOR('',#11331,10.);
#3090=VECTOR('',#11334,10.);
#3091=VECTOR('',#11337,10.);
#3092=VECTOR('',#11340,10.);
#3093=VECTOR('',#11343,10.);
#3094=VECTOR('',#11346,10.);
#3095=VECTOR('',#11349,10.);
#3096=VECTOR('',#11352,10.);
#3097=VECTOR('',#11355,10.);
#3098=VECTOR('',#11358,10.);
#3099=VECTOR('',#11361,10.);
#3100=VECTOR('',#11364,10.);
#3101=VECTOR('',#11367,10.);
#3102=VECTOR('',#11370,10.);
#3103=VECTOR('',#11373,10.);
#3104=VECTOR('',#11376,10.);
#3105=VECTOR('',#11379,10.);
#3106=VECTOR('',#11382,10.);
#3107=VECTOR('',#11385,10.);
#3108=VECTOR('',#11388,10.);
#3109=VECTOR('',#11391,10.);
#3110=VECTOR('',#11394,10.);
#3111=VECTOR('',#11397,10.);
#3112=VECTOR('',#11400,10.);
#3113=VECTOR('',#11403,10.);
#3114=VECTOR('',#11406,10.);
#3115=VECTOR('',#11409,10.);
#3116=VECTOR('',#11412,10.);
#3117=VECTOR('',#11415,10.);
#3118=VECTOR('',#11418,10.);
#3119=VECTOR('',#11421,10.);
#3120=VECTOR('',#11424,10.);
#3121=VECTOR('',#11427,10.);
#3122=VECTOR('',#11430,10.);
#3123=VECTOR('',#11433,10.);
#3124=VECTOR('',#11436,10.);
#3125=VECTOR('',#11439,10.);
#3126=VECTOR('',#11442,10.);
#3127=VECTOR('',#11445,10.);
#3128=VECTOR('',#11448,10.);
#3129=VECTOR('',#11451,10.);
#3130=VECTOR('',#11454,10.);
#3131=VECTOR('',#11457,10.);
#3132=VECTOR('',#11460,10.);
#3133=VECTOR('',#11463,10.);
#3134=VECTOR('',#11466,10.);
#3135=VECTOR('',#11469,10.);
#3136=VECTOR('',#11472,10.);
#3137=VECTOR('',#11475,10.);
#3138=VECTOR('',#11478,10.);
#3139=VECTOR('',#11481,10.);
#3140=VECTOR('',#11484,10.);
#3141=VECTOR('',#11487,10.);
#3142=VECTOR('',#11490,10.);
#3143=VECTOR('',#11493,10.);
#3144=VECTOR('',#11496,10.);
#3145=VECTOR('',#11499,10.);
#3146=VECTOR('',#11502,10.);
#3147=VECTOR('',#11505,10.);
#3148=VECTOR('',#11508,10.);
#3149=VECTOR('',#11511,10.);
#3150=VECTOR('',#11514,10.);
#3151=VECTOR('',#11517,10.);
#3152=VECTOR('',#11520,10.);
#3153=VECTOR('',#11523,10.);
#3154=VECTOR('',#11526,10.);
#3155=VECTOR('',#11529,10.);
#3156=VECTOR('',#11532,10.);
#3157=VECTOR('',#11535,10.);
#3158=VECTOR('',#11538,10.);
#3159=VECTOR('',#11541,10.);
#3160=VECTOR('',#11544,10.);
#3161=VECTOR('',#11547,10.);
#3162=VECTOR('',#11550,10.);
#3163=VECTOR('',#11553,10.);
#3164=VECTOR('',#11556,10.);
#3165=VECTOR('',#11559,10.);
#3166=VECTOR('',#11562,10.);
#3167=VECTOR('',#11565,10.);
#3168=VECTOR('',#11568,10.);
#3169=VECTOR('',#11571,10.);
#3170=VECTOR('',#11574,10.);
#3171=VECTOR('',#11577,10.);
#3172=VECTOR('',#11580,10.);
#3173=VECTOR('',#11583,10.);
#3174=VECTOR('',#11586,10.);
#3175=VECTOR('',#11589,10.);
#3176=VECTOR('',#11592,10.);
#3177=VECTOR('',#11595,10.);
#3178=VECTOR('',#11598,10.);
#3179=VECTOR('',#11601,10.);
#3180=VECTOR('',#11604,10.);
#3181=VECTOR('',#11607,10.);
#3182=VECTOR('',#11610,10.);
#3183=VECTOR('',#11613,10.);
#3184=VECTOR('',#11616,10.);
#3185=VECTOR('',#11619,10.);
#3186=VECTOR('',#11622,10.);
#3187=VECTOR('',#11625,10.);
#3188=VECTOR('',#11628,10.);
#3189=VECTOR('',#11631,10.);
#3190=VECTOR('',#11634,10.);
#3191=VECTOR('',#11637,10.);
#3192=VECTOR('',#11640,10.);
#3193=VECTOR('',#11643,10.);
#3194=VECTOR('',#11646,10.);
#3195=VECTOR('',#11649,10.);
#3196=VECTOR('',#11652,10.);
#3197=VECTOR('',#11655,10.);
#3198=VECTOR('',#11658,10.);
#3199=VECTOR('',#11661,10.);
#3200=VECTOR('',#11664,10.);
#3201=VECTOR('',#11667,10.);
#3202=VECTOR('',#11670,10.);
#3203=VECTOR('',#11673,10.);
#3204=VECTOR('',#11676,10.);
#3205=VECTOR('',#11679,10.);
#3206=VECTOR('',#11682,10.);
#3207=VECTOR('',#11685,10.);
#3208=VECTOR('',#11688,10.);
#3209=VECTOR('',#11691,10.);
#3210=VECTOR('',#11694,10.);
#3211=VECTOR('',#11697,10.);
#3212=VECTOR('',#11700,10.);
#3213=VECTOR('',#11703,10.);
#3214=VECTOR('',#11706,10.);
#3215=VECTOR('',#11709,10.);
#3216=VECTOR('',#11712,10.);
#3217=VECTOR('',#11715,10.);
#3218=VECTOR('',#11718,10.);
#3219=VECTOR('',#11721,10.);
#3220=VECTOR('',#11724,10.);
#3221=VECTOR('',#11727,10.);
#3222=VECTOR('',#11730,10.);
#3223=VECTOR('',#11733,10.);
#3224=VECTOR('',#11736,10.);
#3225=VECTOR('',#11739,10.);
#3226=VECTOR('',#11742,10.);
#3227=VECTOR('',#11745,10.);
#3228=VECTOR('',#11748,10.);
#3229=VECTOR('',#11751,10.);
#3230=VECTOR('',#11754,10.);
#3231=VECTOR('',#11757,10.);
#3232=VECTOR('',#11760,10.);
#3233=VECTOR('',#11763,10.);
#3234=VECTOR('',#11766,10.);
#3235=VECTOR('',#11769,10.);
#3236=VECTOR('',#11772,10.);
#3237=VECTOR('',#11775,10.);
#3238=VECTOR('',#11778,10.);
#3239=VECTOR('',#11781,10.);
#3240=VECTOR('',#11784,10.);
#3241=VECTOR('',#11787,10.);
#3242=VECTOR('',#11790,10.);
#3243=VECTOR('',#11793,10.);
#3244=VECTOR('',#11796,10.);
#3245=VECTOR('',#11799,10.);
#3246=VECTOR('',#11802,10.);
#3247=VECTOR('',#11805,10.);
#3248=VECTOR('',#11808,10.);
#3249=VECTOR('',#11811,10.);
#3250=VECTOR('',#11814,10.);
#3251=VECTOR('',#11817,10.);
#3252=VECTOR('',#11820,10.);
#3253=VECTOR('',#11823,10.);
#3254=VECTOR('',#11826,10.);
#3255=VECTOR('',#11829,10.);
#3256=VECTOR('',#11832,10.);
#3257=VECTOR('',#11835,10.);
#3258=VECTOR('',#11838,10.);
#3259=VECTOR('',#11841,10.);
#3260=VECTOR('',#11844,10.);
#3261=VECTOR('',#11847,10.);
#3262=VECTOR('',#11850,10.);
#3263=VECTOR('',#11853,10.);
#3264=VECTOR('',#11856,10.);
#3265=VECTOR('',#11859,10.);
#3266=VECTOR('',#11862,10.);
#3267=VECTOR('',#11865,10.);
#3268=VECTOR('',#11868,10.);
#3269=VECTOR('',#11871,10.);
#3270=VECTOR('',#11874,10.);
#3271=VECTOR('',#11877,10.);
#3272=VECTOR('',#11880,10.);
#3273=VECTOR('',#11883,10.);
#3274=VECTOR('',#11886,10.);
#3275=VECTOR('',#11889,10.);
#3276=VECTOR('',#11892,10.);
#3277=VECTOR('',#11895,10.);
#3278=VECTOR('',#11898,10.);
#3279=VECTOR('',#11901,10.);
#3280=VECTOR('',#11904,10.);
#3281=VECTOR('',#11905,10.);
#3282=VECTOR('',#11906,10.);
#3283=VECTOR('',#11907,10.);
#3284=VECTOR('',#11908,10.);
#3285=VECTOR('',#11911,10.);
#3286=VECTOR('',#11912,10.);
#3287=VECTOR('',#11915,10.);
#3288=VECTOR('',#11924,10.);
#3289=VECTOR('',#11929,10.);
#3290=VECTOR('',#11934,10.);
#3291=VECTOR('',#11939,10.);
#3292=VECTOR('',#11942,10.);
#3293=VECTOR('',#11943,10.);
#3294=VECTOR('',#11944,10.);
#3295=VECTOR('',#11945,10.);
#3296=VECTOR('',#11948,10.);
#3297=VECTOR('',#11951,10.);
#3298=VECTOR('',#11954,10.);
#3299=VECTOR('',#11957,10.);
#3300=VECTOR('',#11972,5.);
#3301=VECTOR('',#11977,10.);
#3302=VECTOR('',#11978,10.);
#3303=VECTOR('',#11979,10.);
#3304=VECTOR('',#11982,10.);
#3305=VECTOR('',#11983,10.);
#3306=VECTOR('',#11986,10.);
#3307=VECTOR('',#11987,10.);
#3308=VECTOR('',#11988,10.);
#3309=VECTOR('',#11991,10.);
#3310=VECTOR('',#11992,10.);
#3311=VECTOR('',#11995,10.);
#3312=VECTOR('',#11996,10.);
#3313=VECTOR('',#11999,10.);
#3314=VECTOR('',#12002,10.);
#3315=VECTOR('',#12003,10.);
#3316=VECTOR('',#12006,10.);
#3317=VECTOR('',#12009,10.);
#3318=VECTOR('',#12012,10.);
#3319=VECTOR('',#12015,10.);
#3320=VECTOR('',#12018,10.);
#3321=VECTOR('',#12021,10.);
#3322=VECTOR('',#12026,10.);
#3323=VECTOR('',#12027,10.);
#3324=VECTOR('',#12030,10.);
#3325=VECTOR('',#12033,10.);
#3326=VECTOR('',#12036,10.);
#3327=VECTOR('',#12039,10.);
#3328=VECTOR('',#12042,10.);
#3329=VECTOR('',#12045,10.);
#3330=VECTOR('',#12050,10.);
#3331=VECTOR('',#12051,10.);
#3332=VECTOR('',#12054,10.);
#3333=VECTOR('',#12057,10.);
#3334=VECTOR('',#12060,10.);
#3335=VECTOR('',#12063,10.);
#3336=VECTOR('',#12066,10.);
#3337=VECTOR('',#12069,10.);
#3338=VECTOR('',#12074,10.);
#3339=VECTOR('',#12075,10.);
#3340=VECTOR('',#12078,10.);
#3341=VECTOR('',#12081,10.);
#3342=VECTOR('',#12084,10.);
#3343=VECTOR('',#12087,10.);
#3344=VECTOR('',#12090,10.);
#3345=VECTOR('',#12093,10.);
#3346=VECTOR('',#12098,10.);
#3347=VECTOR('',#12099,10.);
#3348=VECTOR('',#12102,10.);
#3349=VECTOR('',#12105,10.);
#3350=VECTOR('',#12108,10.);
#3351=VECTOR('',#12111,10.);
#3352=VECTOR('',#12114,10.);
#3353=VECTOR('',#12117,10.);
#3354=VECTOR('',#12122,10.);
#3355=VECTOR('',#12123,10.);
#3356=VECTOR('',#12126,10.);
#3357=VECTOR('',#12129,10.);
#3358=VECTOR('',#12132,10.);
#3359=VECTOR('',#12135,10.);
#3360=VECTOR('',#12138,10.);
#3361=VECTOR('',#12141,10.);
#3362=VECTOR('',#12146,10.);
#3363=VECTOR('',#12147,10.);
#3364=VECTOR('',#12150,10.);
#3365=VECTOR('',#12153,10.);
#3366=VECTOR('',#12156,10.);
#3367=VECTOR('',#12159,10.);
#3368=VECTOR('',#12162,10.);
#3369=VECTOR('',#12165,10.);
#3370=VECTOR('',#12170,10.);
#3371=VECTOR('',#12171,10.);
#3372=VECTOR('',#12174,10.);
#3373=VECTOR('',#12177,10.);
#3374=VECTOR('',#12180,10.);
#3375=VECTOR('',#12183,10.);
#3376=VECTOR('',#12186,10.);
#3377=VECTOR('',#12189,10.);
#3378=VECTOR('',#12194,10.);
#3379=VECTOR('',#12195,10.);
#3380=VECTOR('',#12198,10.);
#3381=VECTOR('',#12201,10.);
#3382=VECTOR('',#12204,10.);
#3383=VECTOR('',#12207,10.);
#3384=VECTOR('',#12210,10.);
#3385=VECTOR('',#12213,10.);
#3386=VECTOR('',#12218,10.);
#3387=VECTOR('',#12219,10.);
#3388=VECTOR('',#12222,10.);
#3389=VECTOR('',#12225,10.);
#3390=VECTOR('',#12228,10.);
#3391=VECTOR('',#12231,10.);
#3392=VECTOR('',#12234,10.);
#3393=VECTOR('',#12237,10.);
#3394=VECTOR('',#12242,10.);
#3395=VECTOR('',#12243,10.);
#3396=VECTOR('',#12246,10.);
#3397=VECTOR('',#12249,10.);
#3398=VECTOR('',#12252,10.);
#3399=VECTOR('',#12255,10.);
#3400=VECTOR('',#12258,10.);
#3401=VECTOR('',#12261,10.);
#3402=VECTOR('',#12266,10.);
#3403=VECTOR('',#12267,10.);
#3404=VECTOR('',#12270,10.);
#3405=VECTOR('',#12273,10.);
#3406=VECTOR('',#12276,10.);
#3407=VECTOR('',#12279,10.);
#3408=VECTOR('',#12282,10.);
#3409=VECTOR('',#12285,10.);
#3410=VECTOR('',#12290,10.);
#3411=VECTOR('',#12291,10.);
#3412=VECTOR('',#12294,10.);
#3413=VECTOR('',#12297,10.);
#3414=VECTOR('',#12300,10.);
#3415=VECTOR('',#12303,10.);
#3416=VECTOR('',#12306,10.);
#3417=VECTOR('',#12309,10.);
#3418=VECTOR('',#12314,10.);
#3419=VECTOR('',#12315,10.);
#3420=VECTOR('',#12318,10.);
#3421=VECTOR('',#12321,10.);
#3422=VECTOR('',#12324,10.);
#3423=VECTOR('',#12327,10.);
#3424=VECTOR('',#12330,10.);
#3425=VECTOR('',#12333,10.);
#3426=VECTOR('',#12338,10.);
#3427=VECTOR('',#12339,10.);
#3428=VECTOR('',#12342,10.);
#3429=VECTOR('',#12345,10.);
#3430=VECTOR('',#12348,10.);
#3431=VECTOR('',#12351,10.);
#3432=VECTOR('',#12354,10.);
#3433=VECTOR('',#12357,10.);
#3434=VECTOR('',#12362,10.);
#3435=VECTOR('',#12363,10.);
#3436=VECTOR('',#12366,10.);
#3437=VECTOR('',#12369,10.);
#3438=VECTOR('',#12372,10.);
#3439=VECTOR('',#12375,10.);
#3440=VECTOR('',#12378,10.);
#3441=VECTOR('',#12381,10.);
#3442=VECTOR('',#12386,10.);
#3443=VECTOR('',#12387,10.);
#3444=VECTOR('',#12390,10.);
#3445=VECTOR('',#12393,10.);
#3446=VECTOR('',#12396,10.);
#3447=VECTOR('',#12399,10.);
#3448=VECTOR('',#12402,10.);
#3449=VECTOR('',#12405,10.);
#3450=VECTOR('',#12410,10.);
#3451=VECTOR('',#12411,10.);
#3452=VECTOR('',#12414,10.);
#3453=VECTOR('',#12417,10.);
#3454=VECTOR('',#12420,10.);
#3455=VECTOR('',#12423,10.);
#3456=VECTOR('',#12426,10.);
#3457=VECTOR('',#12429,10.);
#3458=VECTOR('',#12434,10.);
#3459=VECTOR('',#12435,10.);
#3460=VECTOR('',#12438,10.);
#3461=VECTOR('',#12441,10.);
#3462=VECTOR('',#12444,10.);
#3463=VECTOR('',#12447,10.);
#3464=VECTOR('',#12450,10.);
#3465=VECTOR('',#12453,10.);
#3466=VECTOR('',#12458,10.);
#3467=VECTOR('',#12461,10.);
#3468=VECTOR('',#12464,10.);
#3469=VECTOR('',#12469,10.);
#3470=VECTOR('',#12470,10.);
#3471=VECTOR('',#12473,10.);
#3472=VECTOR('',#12476,10.);
#3473=VECTOR('',#12479,10.);
#3474=VECTOR('',#12482,10.);
#3475=VECTOR('',#12485,10.);
#3476=VECTOR('',#12488,10.);
#3477=VECTOR('',#12493,10.);
#3478=VECTOR('',#12494,10.);
#3479=VECTOR('',#12497,10.);
#3480=VECTOR('',#12500,10.);
#3481=VECTOR('',#12503,10.);
#3482=VECTOR('',#12506,10.);
#3483=VECTOR('',#12509,10.);
#3484=VECTOR('',#12512,10.);
#3485=VECTOR('',#12517,10.);
#3486=VECTOR('',#12518,10.);
#3487=VECTOR('',#12521,10.);
#3488=VECTOR('',#12524,10.);
#3489=VECTOR('',#12527,10.);
#3490=VECTOR('',#12530,10.);
#3491=VECTOR('',#12533,10.);
#3492=VECTOR('',#12536,10.);
#3493=VECTOR('',#12541,10.);
#3494=VECTOR('',#12542,10.);
#3495=VECTOR('',#12545,10.);
#3496=VECTOR('',#12548,10.);
#3497=VECTOR('',#12551,10.);
#3498=VECTOR('',#12554,10.);
#3499=VECTOR('',#12557,10.);
#3500=VECTOR('',#12560,10.);
#3501=VECTOR('',#12565,10.);
#3502=VECTOR('',#12566,10.);
#3503=VECTOR('',#12569,10.);
#3504=VECTOR('',#12572,10.);
#3505=VECTOR('',#12575,10.);
#3506=VECTOR('',#12578,10.);
#3507=VECTOR('',#12581,10.);
#3508=VECTOR('',#12584,10.);
#3509=VECTOR('',#12589,10.);
#3510=VECTOR('',#12590,10.);
#3511=VECTOR('',#12593,10.);
#3512=VECTOR('',#12596,10.);
#3513=VECTOR('',#12599,10.);
#3514=VECTOR('',#12602,10.);
#3515=VECTOR('',#12605,10.);
#3516=VECTOR('',#12608,10.);
#3517=VECTOR('',#12613,10.);
#3518=VECTOR('',#12614,10.);
#3519=VECTOR('',#12617,10.);
#3520=VECTOR('',#12620,10.);
#3521=VECTOR('',#12623,10.);
#3522=VECTOR('',#12626,10.);
#3523=VECTOR('',#12629,10.);
#3524=VECTOR('',#12632,10.);
#3525=VECTOR('',#12637,10.);
#3526=VECTOR('',#12638,10.);
#3527=VECTOR('',#12641,10.);
#3528=VECTOR('',#12644,10.);
#3529=VECTOR('',#12647,10.);
#3530=VECTOR('',#12650,10.);
#3531=VECTOR('',#12653,10.);
#3532=VECTOR('',#12656,10.);
#3533=VECTOR('',#12661,10.);
#3534=VECTOR('',#12664,10.);
#3535=VECTOR('',#12667,10.);
#3536=VECTOR('',#12672,10.);
#3537=VECTOR('',#12673,10.);
#3538=VECTOR('',#12676,10.);
#3539=VECTOR('',#12679,10.);
#3540=VECTOR('',#12682,10.);
#3541=VECTOR('',#12685,10.);
#3542=VECTOR('',#12688,10.);
#3543=VECTOR('',#12691,10.);
#3544=VECTOR('',#12696,10.);
#3545=VECTOR('',#12697,10.);
#3546=VECTOR('',#12700,10.);
#3547=VECTOR('',#12703,10.);
#3548=VECTOR('',#12706,10.);
#3549=VECTOR('',#12709,10.);
#3550=VECTOR('',#12712,10.);
#3551=VECTOR('',#12715,10.);
#3552=VECTOR('',#12720,10.);
#3553=VECTOR('',#12721,10.);
#3554=VECTOR('',#12724,10.);
#3555=VECTOR('',#12727,10.);
#3556=VECTOR('',#12730,10.);
#3557=VECTOR('',#12733,10.);
#3558=VECTOR('',#12736,10.);
#3559=VECTOR('',#12739,10.);
#3560=VECTOR('',#12744,10.);
#3561=VECTOR('',#12747,10.);
#3562=VECTOR('',#12750,10.);
#3563=VECTOR('',#12755,10.);
#3564=VECTOR('',#12756,10.);
#3565=VECTOR('',#12759,10.);
#3566=VECTOR('',#12762,10.);
#3567=VECTOR('',#12765,10.);
#3568=VECTOR('',#12768,10.);
#3569=VECTOR('',#12771,10.);
#3570=VECTOR('',#12774,10.);
#3571=VECTOR('',#12779,10.);
#3572=VECTOR('',#12780,10.);
#3573=VECTOR('',#12783,10.);
#3574=VECTOR('',#12786,10.);
#3575=VECTOR('',#12789,10.);
#3576=VECTOR('',#12792,10.);
#3577=VECTOR('',#12795,10.);
#3578=VECTOR('',#12798,10.);
#3579=VECTOR('',#12803,10.);
#3580=VECTOR('',#12804,10.);
#3581=VECTOR('',#12807,10.);
#3582=VECTOR('',#12810,10.);
#3583=VECTOR('',#12813,10.);
#3584=VECTOR('',#12816,10.);
#3585=VECTOR('',#12819,10.);
#3586=VECTOR('',#12822,10.);
#3587=VECTOR('',#12827,10.);
#3588=VECTOR('',#12830,10.);
#3589=VECTOR('',#12833,10.);
#3590=VECTOR('',#12838,10.);
#3591=VECTOR('',#12839,10.);
#3592=VECTOR('',#12842,10.);
#3593=VECTOR('',#12845,10.);
#3594=VECTOR('',#12848,10.);
#3595=VECTOR('',#12851,10.);
#3596=VECTOR('',#12854,10.);
#3597=VECTOR('',#12857,10.);
#3598=VECTOR('',#12862,10.);
#3599=VECTOR('',#12863,10.);
#3600=VECTOR('',#12866,10.);
#3601=VECTOR('',#12869,10.);
#3602=VECTOR('',#12872,10.);
#3603=VECTOR('',#12875,10.);
#3604=VECTOR('',#12878,10.);
#3605=VECTOR('',#12881,10.);
#3606=VECTOR('',#12886,10.);
#3607=VECTOR('',#12887,10.);
#3608=VECTOR('',#12890,10.);
#3609=VECTOR('',#12893,10.);
#3610=VECTOR('',#12896,10.);
#3611=VECTOR('',#12899,10.);
#3612=VECTOR('',#12902,10.);
#3613=VECTOR('',#12905,10.);
#3614=VECTOR('',#12910,10.);
#3615=VECTOR('',#12911,10.);
#3616=VECTOR('',#12914,10.);
#3617=VECTOR('',#12917,10.);
#3618=VECTOR('',#12920,10.);
#3619=VECTOR('',#12923,10.);
#3620=VECTOR('',#12926,10.);
#3621=VECTOR('',#12929,10.);
#3622=VECTOR('',#12934,10.);
#3623=VECTOR('',#12935,10.);
#3624=VECTOR('',#12938,10.);
#3625=VECTOR('',#12941,10.);
#3626=VECTOR('',#12944,10.);
#3627=VECTOR('',#12947,10.);
#3628=VECTOR('',#12950,10.);
#3629=VECTOR('',#12953,10.);
#3630=VECTOR('',#12958,10.);
#3631=VECTOR('',#12959,10.);
#3632=VECTOR('',#12962,10.);
#3633=VECTOR('',#12965,10.);
#3634=VECTOR('',#12968,10.);
#3635=VECTOR('',#12971,10.);
#3636=VECTOR('',#12974,10.);
#3637=VECTOR('',#12977,10.);
#3638=VECTOR('',#12982,10.);
#3639=VECTOR('',#12983,10.);
#3640=VECTOR('',#12986,10.);
#3641=VECTOR('',#12989,10.);
#3642=VECTOR('',#12992,10.);
#3643=VECTOR('',#12995,10.);
#3644=VECTOR('',#12998,10.);
#3645=VECTOR('',#13001,10.);
#3646=VECTOR('',#13006,10.);
#3647=VECTOR('',#13007,10.);
#3648=VECTOR('',#13010,10.);
#3649=VECTOR('',#13013,10.);
#3650=VECTOR('',#13016,10.);
#3651=VECTOR('',#13019,10.);
#3652=VECTOR('',#13022,10.);
#3653=VECTOR('',#13025,10.);
#3654=VECTOR('',#13030,10.);
#3655=VECTOR('',#13031,10.);
#3656=VECTOR('',#13034,10.);
#3657=VECTOR('',#13037,10.);
#3658=VECTOR('',#13040,10.);
#3659=VECTOR('',#13043,10.);
#3660=VECTOR('',#13046,10.);
#3661=VECTOR('',#13049,10.);
#3662=VECTOR('',#13054,10.);
#3663=VECTOR('',#13055,10.);
#3664=VECTOR('',#13058,10.);
#3665=VECTOR('',#13061,10.);
#3666=VECTOR('',#13064,10.);
#3667=VECTOR('',#13067,10.);
#3668=VECTOR('',#13070,10.);
#3669=VECTOR('',#13073,10.);
#3670=VECTOR('',#13078,10.);
#3671=VECTOR('',#13079,10.);
#3672=VECTOR('',#13082,10.);
#3673=VECTOR('',#13085,10.);
#3674=VECTOR('',#13088,10.);
#3675=VECTOR('',#13091,10.);
#3676=VECTOR('',#13094,10.);
#3677=VECTOR('',#13097,10.);
#3678=VECTOR('',#13102,10.);
#3679=VECTOR('',#13103,10.);
#3680=VECTOR('',#13106,10.);
#3681=VECTOR('',#13109,10.);
#3682=VECTOR('',#13112,10.);
#3683=VECTOR('',#13115,10.);
#3684=VECTOR('',#13118,10.);
#3685=VECTOR('',#13121,10.);
#3686=VECTOR('',#13126,10.);
#3687=VECTOR('',#13127,10.);
#3688=VECTOR('',#13130,10.);
#3689=VECTOR('',#13133,10.);
#3690=VECTOR('',#13136,10.);
#3691=VECTOR('',#13139,10.);
#3692=VECTOR('',#13142,10.);
#3693=VECTOR('',#13145,10.);
#3694=VECTOR('',#13150,10.);
#3695=VECTOR('',#13151,10.);
#3696=VECTOR('',#13154,10.);
#3697=VECTOR('',#13157,10.);
#3698=VECTOR('',#13160,10.);
#3699=VECTOR('',#13163,10.);
#3700=VECTOR('',#13166,10.);
#3701=VECTOR('',#13169,10.);
#3702=VECTOR('',#13174,10.);
#3703=VECTOR('',#13175,10.);
#3704=VECTOR('',#13178,10.);
#3705=VECTOR('',#13181,10.);
#3706=VECTOR('',#13184,10.);
#3707=VECTOR('',#13187,10.);
#3708=VECTOR('',#13190,10.);
#3709=VECTOR('',#13193,10.);
#3710=VECTOR('',#13198,10.);
#3711=VECTOR('',#13199,10.);
#3712=VECTOR('',#13202,10.);
#3713=VECTOR('',#13205,10.);
#3714=VECTOR('',#13208,10.);
#3715=VECTOR('',#13211,10.);
#3716=VECTOR('',#13214,10.);
#3717=VECTOR('',#13217,10.);
#3718=VECTOR('',#13222,10.);
#3719=VECTOR('',#13223,10.);
#3720=VECTOR('',#13226,10.);
#3721=VECTOR('',#13229,10.);
#3722=VECTOR('',#13232,10.);
#3723=VECTOR('',#13235,10.);
#3724=VECTOR('',#13238,10.);
#3725=VECTOR('',#13241,10.);
#3726=VECTOR('',#13246,10.);
#3727=VECTOR('',#13247,10.);
#3728=VECTOR('',#13250,10.);
#3729=VECTOR('',#13253,10.);
#3730=VECTOR('',#13256,10.);
#3731=VECTOR('',#13259,10.);
#3732=VECTOR('',#13262,10.);
#3733=VECTOR('',#13265,10.);
#3734=VECTOR('',#13270,10.);
#3735=VECTOR('',#13271,10.);
#3736=VECTOR('',#13274,10.);
#3737=VERTEX_POINT('',#13279);
#3738=VERTEX_POINT('',#13280);
#3739=VERTEX_POINT('',#13282);
#3740=VERTEX_POINT('',#13284);
#3741=VERTEX_POINT('',#13286);
#3742=VERTEX_POINT('',#13288);
#3743=VERTEX_POINT('',#13292);
#3744=VERTEX_POINT('',#13293);
#3745=VERTEX_POINT('',#13295);
#3746=VERTEX_POINT('',#13297);
#3747=VERTEX_POINT('',#13301);
#3748=VERTEX_POINT('',#13302);
#3749=VERTEX_POINT('',#13304);
#3750=VERTEX_POINT('',#13306);
#3751=VERTEX_POINT('',#13310);
#3752=VERTEX_POINT('',#13311);
#3753=VERTEX_POINT('',#13313);
#3754=VERTEX_POINT('',#13315);
#3755=VERTEX_POINT('',#13319);
#3756=VERTEX_POINT('',#13320);
#3757=VERTEX_POINT('',#13322);
#3758=VERTEX_POINT('',#13324);
#3759=VERTEX_POINT('',#13326);
#3760=VERTEX_POINT('',#13328);
#3761=VERTEX_POINT('',#13332);
#3762=VERTEX_POINT('',#13334);
#3763=VERTEX_POINT('',#13338);
#3764=VERTEX_POINT('',#13340);
#3765=VERTEX_POINT('',#13344);
#3766=VERTEX_POINT('',#13346);
#3767=VERTEX_POINT('',#13350);
#3768=VERTEX_POINT('',#13352);
#3769=VERTEX_POINT('',#13356);
#3770=VERTEX_POINT('',#13358);
#3771=VERTEX_POINT('',#13362);
#3772=VERTEX_POINT('',#13364);
#3773=VERTEX_POINT('',#13368);
#3774=VERTEX_POINT('',#13370);
#3775=VERTEX_POINT('',#13372);
#3776=VERTEX_POINT('',#13375);
#3777=VERTEX_POINT('',#13377);
#3778=VERTEX_POINT('',#13381);
#3779=VERTEX_POINT('',#13383);
#3780=VERTEX_POINT('',#13387);
#3781=VERTEX_POINT('',#13388);
#3782=VERTEX_POINT('',#13390);
#3783=VERTEX_POINT('',#13392);
#3784=VERTEX_POINT('',#13396);
#3785=VERTEX_POINT('',#13398);
#3786=VERTEX_POINT('',#13400);
#3787=VERTEX_POINT('',#13402);
#3788=VERTEX_POINT('',#13406);
#3789=VERTEX_POINT('',#13410);
#3790=VERTEX_POINT('',#13414);
#3791=VERTEX_POINT('',#13416);
#3792=VERTEX_POINT('',#13424);
#3793=VERTEX_POINT('',#13429);
#3794=VERTEX_POINT('',#13434);
#3795=VERTEX_POINT('',#13436);
#3796=VERTEX_POINT('',#13438);
#3797=VERTEX_POINT('',#13441);
#3798=VERTEX_POINT('',#13443);
#3799=VERTEX_POINT('',#13445);
#3800=VERTEX_POINT('',#13448);
#3801=VERTEX_POINT('',#13450);
#3802=VERTEX_POINT('',#13452);
#3803=VERTEX_POINT('',#13455);
#3804=VERTEX_POINT('',#13457);
#3805=VERTEX_POINT('',#13459);
#3806=VERTEX_POINT('',#13462);
#3807=VERTEX_POINT('',#13464);
#3808=VERTEX_POINT('',#13465);
#3809=VERTEX_POINT('',#13467);
#3810=VERTEX_POINT('',#13469);
#3811=VERTEX_POINT('',#13471);
#3812=VERTEX_POINT('',#13473);
#3813=VERTEX_POINT('',#13475);
#3814=VERTEX_POINT('',#13477);
#3815=VERTEX_POINT('',#13480);
#3816=VERTEX_POINT('',#13481);
#3817=VERTEX_POINT('',#13483);
#3818=VERTEX_POINT('',#13485);
#3819=VERTEX_POINT('',#13487);
#3820=VERTEX_POINT('',#13489);
#3821=VERTEX_POINT('',#13491);
#3822=VERTEX_POINT('',#13493);
#3823=VERTEX_POINT('',#13496);
#3824=VERTEX_POINT('',#13497);
#3825=VERTEX_POINT('',#13499);
#3826=VERTEX_POINT('',#13501);
#3827=VERTEX_POINT('',#13503);
#3828=VERTEX_POINT('',#13505);
#3829=VERTEX_POINT('',#13507);
#3830=VERTEX_POINT('',#13509);
#3831=VERTEX_POINT('',#13512);
#3832=VERTEX_POINT('',#13513);
#3833=VERTEX_POINT('',#13515);
#3834=VERTEX_POINT('',#13517);
#3835=VERTEX_POINT('',#13519);
#3836=VERTEX_POINT('',#13521);
#3837=VERTEX_POINT('',#13523);
#3838=VERTEX_POINT('',#13525);
#3839=VERTEX_POINT('',#13528);
#3840=VERTEX_POINT('',#13529);
#3841=VERTEX_POINT('',#13531);
#3842=VERTEX_POINT('',#13533);
#3843=VERTEX_POINT('',#13535);
#3844=VERTEX_POINT('',#13537);
#3845=VERTEX_POINT('',#13539);
#3846=VERTEX_POINT('',#13541);
#3847=VERTEX_POINT('',#13544);
#3848=VERTEX_POINT('',#13545);
#3849=VERTEX_POINT('',#13547);
#3850=VERTEX_POINT('',#13549);
#3851=VERTEX_POINT('',#13551);
#3852=VERTEX_POINT('',#13553);
#3853=VERTEX_POINT('',#13555);
#3854=VERTEX_POINT('',#13557);
#3855=VERTEX_POINT('',#13560);
#3856=VERTEX_POINT('',#13561);
#3857=VERTEX_POINT('',#13563);
#3858=VERTEX_POINT('',#13565);
#3859=VERTEX_POINT('',#13567);
#3860=VERTEX_POINT('',#13569);
#3861=VERTEX_POINT('',#13571);
#3862=VERTEX_POINT('',#13573);
#3863=VERTEX_POINT('',#13576);
#3864=VERTEX_POINT('',#13577);
#3865=VERTEX_POINT('',#13579);
#3866=VERTEX_POINT('',#13581);
#3867=VERTEX_POINT('',#13583);
#3868=VERTEX_POINT('',#13585);
#3869=VERTEX_POINT('',#13587);
#3870=VERTEX_POINT('',#13589);
#3871=VERTEX_POINT('',#13592);
#3872=VERTEX_POINT('',#13593);
#3873=VERTEX_POINT('',#13595);
#3874=VERTEX_POINT('',#13597);
#3875=VERTEX_POINT('',#13599);
#3876=VERTEX_POINT('',#13601);
#3877=VERTEX_POINT('',#13603);
#3878=VERTEX_POINT('',#13605);
#3879=VERTEX_POINT('',#13608);
#3880=VERTEX_POINT('',#13609);
#3881=VERTEX_POINT('',#13611);
#3882=VERTEX_POINT('',#13613);
#3883=VERTEX_POINT('',#13615);
#3884=VERTEX_POINT('',#13617);
#3885=VERTEX_POINT('',#13619);
#3886=VERTEX_POINT('',#13621);
#3887=VERTEX_POINT('',#13624);
#3888=VERTEX_POINT('',#13625);
#3889=VERTEX_POINT('',#13627);
#3890=VERTEX_POINT('',#13629);
#3891=VERTEX_POINT('',#13631);
#3892=VERTEX_POINT('',#13633);
#3893=VERTEX_POINT('',#13635);
#3894=VERTEX_POINT('',#13637);
#3895=VERTEX_POINT('',#13640);
#3896=VERTEX_POINT('',#13641);
#3897=VERTEX_POINT('',#13643);
#3898=VERTEX_POINT('',#13645);
#3899=VERTEX_POINT('',#13647);
#3900=VERTEX_POINT('',#13649);
#3901=VERTEX_POINT('',#13651);
#3902=VERTEX_POINT('',#13653);
#3903=VERTEX_POINT('',#13656);
#3904=VERTEX_POINT('',#13657);
#3905=VERTEX_POINT('',#13659);
#3906=VERTEX_POINT('',#13661);
#3907=VERTEX_POINT('',#13663);
#3908=VERTEX_POINT('',#13665);
#3909=VERTEX_POINT('',#13667);
#3910=VERTEX_POINT('',#13669);
#3911=VERTEX_POINT('',#13672);
#3912=VERTEX_POINT('',#13673);
#3913=VERTEX_POINT('',#13675);
#3914=VERTEX_POINT('',#13677);
#3915=VERTEX_POINT('',#13679);
#3916=VERTEX_POINT('',#13681);
#3917=VERTEX_POINT('',#13683);
#3918=VERTEX_POINT('',#13685);
#3919=VERTEX_POINT('',#13688);
#3920=VERTEX_POINT('',#13689);
#3921=VERTEX_POINT('',#13691);
#3922=VERTEX_POINT('',#13693);
#3923=VERTEX_POINT('',#13695);
#3924=VERTEX_POINT('',#13697);
#3925=VERTEX_POINT('',#13699);
#3926=VERTEX_POINT('',#13701);
#3927=VERTEX_POINT('',#13704);
#3928=VERTEX_POINT('',#13705);
#3929=VERTEX_POINT('',#13707);
#3930=VERTEX_POINT('',#13709);
#3931=VERTEX_POINT('',#13711);
#3932=VERTEX_POINT('',#13713);
#3933=VERTEX_POINT('',#13715);
#3934=VERTEX_POINT('',#13717);
#3935=VERTEX_POINT('',#13720);
#3936=VERTEX_POINT('',#13721);
#3937=VERTEX_POINT('',#13723);
#3938=VERTEX_POINT('',#13725);
#3939=VERTEX_POINT('',#13727);
#3940=VERTEX_POINT('',#13729);
#3941=VERTEX_POINT('',#13731);
#3942=VERTEX_POINT('',#13733);
#3943=VERTEX_POINT('',#13736);
#3944=VERTEX_POINT('',#13737);
#3945=VERTEX_POINT('',#13739);
#3946=VERTEX_POINT('',#13741);
#3947=VERTEX_POINT('',#13743);
#3948=VERTEX_POINT('',#13745);
#3949=VERTEX_POINT('',#13747);
#3950=VERTEX_POINT('',#13749);
#3951=VERTEX_POINT('',#13752);
#3952=VERTEX_POINT('',#13753);
#3953=VERTEX_POINT('',#13755);
#3954=VERTEX_POINT('',#13757);
#3955=VERTEX_POINT('',#13759);
#3956=VERTEX_POINT('',#13761);
#3957=VERTEX_POINT('',#13763);
#3958=VERTEX_POINT('',#13765);
#3959=VERTEX_POINT('',#13768);
#3960=VERTEX_POINT('',#13769);
#3961=VERTEX_POINT('',#13771);
#3962=VERTEX_POINT('',#13773);
#3963=VERTEX_POINT('',#13775);
#3964=VERTEX_POINT('',#13777);
#3965=VERTEX_POINT('',#13779);
#3966=VERTEX_POINT('',#13781);
#3967=VERTEX_POINT('',#13784);
#3968=VERTEX_POINT('',#13785);
#3969=VERTEX_POINT('',#13787);
#3970=VERTEX_POINT('',#13789);
#3971=VERTEX_POINT('',#13791);
#3972=VERTEX_POINT('',#13793);
#3973=VERTEX_POINT('',#13795);
#3974=VERTEX_POINT('',#13797);
#3975=VERTEX_POINT('',#13800);
#3976=VERTEX_POINT('',#13801);
#3977=VERTEX_POINT('',#13803);
#3978=VERTEX_POINT('',#13805);
#3979=VERTEX_POINT('',#13807);
#3980=VERTEX_POINT('',#13809);
#3981=VERTEX_POINT('',#13811);
#3982=VERTEX_POINT('',#13813);
#3983=VERTEX_POINT('',#13816);
#3984=VERTEX_POINT('',#13817);
#3985=VERTEX_POINT('',#13819);
#3986=VERTEX_POINT('',#13821);
#3987=VERTEX_POINT('',#13823);
#3988=VERTEX_POINT('',#13825);
#3989=VERTEX_POINT('',#13827);
#3990=VERTEX_POINT('',#13829);
#3991=VERTEX_POINT('',#13832);
#3992=VERTEX_POINT('',#13833);
#3993=VERTEX_POINT('',#13835);
#3994=VERTEX_POINT('',#13837);
#3995=VERTEX_POINT('',#13839);
#3996=VERTEX_POINT('',#13841);
#3997=VERTEX_POINT('',#13843);
#3998=VERTEX_POINT('',#13845);
#3999=VERTEX_POINT('',#13848);
#4000=VERTEX_POINT('',#13849);
#4001=VERTEX_POINT('',#13851);
#4002=VERTEX_POINT('',#13853);
#4003=VERTEX_POINT('',#13855);
#4004=VERTEX_POINT('',#13857);
#4005=VERTEX_POINT('',#13859);
#4006=VERTEX_POINT('',#13861);
#4007=VERTEX_POINT('',#13864);
#4008=VERTEX_POINT('',#13865);
#4009=VERTEX_POINT('',#13867);
#4010=VERTEX_POINT('',#13869);
#4011=VERTEX_POINT('',#13871);
#4012=VERTEX_POINT('',#13873);
#4013=VERTEX_POINT('',#13875);
#4014=VERTEX_POINT('',#13877);
#4015=VERTEX_POINT('',#13880);
#4016=VERTEX_POINT('',#13881);
#4017=VERTEX_POINT('',#13883);
#4018=VERTEX_POINT('',#13885);
#4019=VERTEX_POINT('',#13887);
#4020=VERTEX_POINT('',#13889);
#4021=VERTEX_POINT('',#13891);
#4022=VERTEX_POINT('',#13893);
#4023=VERTEX_POINT('',#13896);
#4024=VERTEX_POINT('',#13897);
#4025=VERTEX_POINT('',#13899);
#4026=VERTEX_POINT('',#13901);
#4027=VERTEX_POINT('',#13903);
#4028=VERTEX_POINT('',#13905);
#4029=VERTEX_POINT('',#13907);
#4030=VERTEX_POINT('',#13909);
#4031=VERTEX_POINT('',#13912);
#4032=VERTEX_POINT('',#13913);
#4033=VERTEX_POINT('',#13915);
#4034=VERTEX_POINT('',#13917);
#4035=VERTEX_POINT('',#13919);
#4036=VERTEX_POINT('',#13921);
#4037=VERTEX_POINT('',#13923);
#4038=VERTEX_POINT('',#13925);
#4039=VERTEX_POINT('',#13928);
#4040=VERTEX_POINT('',#13929);
#4041=VERTEX_POINT('',#13931);
#4042=VERTEX_POINT('',#13933);
#4043=VERTEX_POINT('',#13935);
#4044=VERTEX_POINT('',#13937);
#4045=VERTEX_POINT('',#13939);
#4046=VERTEX_POINT('',#13941);
#4047=VERTEX_POINT('',#13944);
#4048=VERTEX_POINT('',#13945);
#4049=VERTEX_POINT('',#13947);
#4050=VERTEX_POINT('',#13949);
#4051=VERTEX_POINT('',#13951);
#4052=VERTEX_POINT('',#13953);
#4053=VERTEX_POINT('',#13955);
#4054=VERTEX_POINT('',#13957);
#4055=VERTEX_POINT('',#13960);
#4056=VERTEX_POINT('',#13961);
#4057=VERTEX_POINT('',#13963);
#4058=VERTEX_POINT('',#13965);
#4059=VERTEX_POINT('',#13967);
#4060=VERTEX_POINT('',#13969);
#4061=VERTEX_POINT('',#13971);
#4062=VERTEX_POINT('',#13973);
#4063=VERTEX_POINT('',#13976);
#4064=VERTEX_POINT('',#13977);
#4065=VERTEX_POINT('',#13979);
#4066=VERTEX_POINT('',#13981);
#4067=VERTEX_POINT('',#13983);
#4068=VERTEX_POINT('',#13985);
#4069=VERTEX_POINT('',#13987);
#4070=VERTEX_POINT('',#13989);
#4071=VERTEX_POINT('',#13992);
#4072=VERTEX_POINT('',#13993);
#4073=VERTEX_POINT('',#13995);
#4074=VERTEX_POINT('',#13997);
#4075=VERTEX_POINT('',#13999);
#4076=VERTEX_POINT('',#14001);
#4077=VERTEX_POINT('',#14003);
#4078=VERTEX_POINT('',#14005);
#4079=VERTEX_POINT('',#14008);
#4080=VERTEX_POINT('',#14009);
#4081=VERTEX_POINT('',#14011);
#4082=VERTEX_POINT('',#14013);
#4083=VERTEX_POINT('',#14015);
#4084=VERTEX_POINT('',#14017);
#4085=VERTEX_POINT('',#14019);
#4086=VERTEX_POINT('',#14021);
#4087=VERTEX_POINT('',#14024);
#4088=VERTEX_POINT('',#14025);
#4089=VERTEX_POINT('',#14027);
#4090=VERTEX_POINT('',#14029);
#4091=VERTEX_POINT('',#14031);
#4092=VERTEX_POINT('',#14033);
#4093=VERTEX_POINT('',#14035);
#4094=VERTEX_POINT('',#14037);
#4095=VERTEX_POINT('',#14040);
#4096=VERTEX_POINT('',#14041);
#4097=VERTEX_POINT('',#14043);
#4098=VERTEX_POINT('',#14045);
#4099=VERTEX_POINT('',#14047);
#4100=VERTEX_POINT('',#14049);
#4101=VERTEX_POINT('',#14051);
#4102=VERTEX_POINT('',#14053);
#4103=VERTEX_POINT('',#14056);
#4104=VERTEX_POINT('',#14057);
#4105=VERTEX_POINT('',#14059);
#4106=VERTEX_POINT('',#14061);
#4107=VERTEX_POINT('',#14063);
#4108=VERTEX_POINT('',#14065);
#4109=VERTEX_POINT('',#14067);
#4110=VERTEX_POINT('',#14069);
#4111=VERTEX_POINT('',#14072);
#4112=VERTEX_POINT('',#14073);
#4113=VERTEX_POINT('',#14075);
#4114=VERTEX_POINT('',#14077);
#4115=VERTEX_POINT('',#14079);
#4116=VERTEX_POINT('',#14081);
#4117=VERTEX_POINT('',#14083);
#4118=VERTEX_POINT('',#14085);
#4119=VERTEX_POINT('',#14088);
#4120=VERTEX_POINT('',#14089);
#4121=VERTEX_POINT('',#14091);
#4122=VERTEX_POINT('',#14093);
#4123=VERTEX_POINT('',#14095);
#4124=VERTEX_POINT('',#14097);
#4125=VERTEX_POINT('',#14099);
#4126=VERTEX_POINT('',#14101);
#4127=VERTEX_POINT('',#14104);
#4128=VERTEX_POINT('',#14105);
#4129=VERTEX_POINT('',#14107);
#4130=VERTEX_POINT('',#14109);
#4131=VERTEX_POINT('',#14111);
#4132=VERTEX_POINT('',#14113);
#4133=VERTEX_POINT('',#14115);
#4134=VERTEX_POINT('',#14117);
#4135=VERTEX_POINT('',#14120);
#4136=VERTEX_POINT('',#14121);
#4137=VERTEX_POINT('',#14123);
#4138=VERTEX_POINT('',#14125);
#4139=VERTEX_POINT('',#14127);
#4140=VERTEX_POINT('',#14129);
#4141=VERTEX_POINT('',#14131);
#4142=VERTEX_POINT('',#14133);
#4143=VERTEX_POINT('',#14136);
#4144=VERTEX_POINT('',#14137);
#4145=VERTEX_POINT('',#14139);
#4146=VERTEX_POINT('',#14141);
#4147=VERTEX_POINT('',#14143);
#4148=VERTEX_POINT('',#14145);
#4149=VERTEX_POINT('',#14147);
#4150=VERTEX_POINT('',#14149);
#4151=VERTEX_POINT('',#14152);
#4152=VERTEX_POINT('',#14153);
#4153=VERTEX_POINT('',#14155);
#4154=VERTEX_POINT('',#14157);
#4155=VERTEX_POINT('',#14159);
#4156=VERTEX_POINT('',#14161);
#4157=VERTEX_POINT('',#14163);
#4158=VERTEX_POINT('',#14165);
#4159=VERTEX_POINT('',#14168);
#4160=VERTEX_POINT('',#14169);
#4161=VERTEX_POINT('',#14171);
#4162=VERTEX_POINT('',#14173);
#4163=VERTEX_POINT('',#14175);
#4164=VERTEX_POINT('',#14177);
#4165=VERTEX_POINT('',#14179);
#4166=VERTEX_POINT('',#14181);
#4167=VERTEX_POINT('',#14184);
#4168=VERTEX_POINT('',#14185);
#4169=VERTEX_POINT('',#14187);
#4170=VERTEX_POINT('',#14189);
#4171=VERTEX_POINT('',#14191);
#4172=VERTEX_POINT('',#14193);
#4173=VERTEX_POINT('',#14195);
#4174=VERTEX_POINT('',#14197);
#4175=VERTEX_POINT('',#14200);
#4176=VERTEX_POINT('',#14201);
#4177=VERTEX_POINT('',#14203);
#4178=VERTEX_POINT('',#14205);
#4179=VERTEX_POINT('',#14207);
#4180=VERTEX_POINT('',#14209);
#4181=VERTEX_POINT('',#14211);
#4182=VERTEX_POINT('',#14213);
#4183=VERTEX_POINT('',#14216);
#4184=VERTEX_POINT('',#14217);
#4185=VERTEX_POINT('',#14219);
#4186=VERTEX_POINT('',#14221);
#4187=VERTEX_POINT('',#14223);
#4188=VERTEX_POINT('',#14225);
#4189=VERTEX_POINT('',#14227);
#4190=VERTEX_POINT('',#14229);
#4191=VERTEX_POINT('',#14232);
#4192=VERTEX_POINT('',#14233);
#4193=VERTEX_POINT('',#14235);
#4194=VERTEX_POINT('',#14237);
#4195=VERTEX_POINT('',#14239);
#4196=VERTEX_POINT('',#14241);
#4197=VERTEX_POINT('',#14243);
#4198=VERTEX_POINT('',#14245);
#4199=VERTEX_POINT('',#14248);
#4200=VERTEX_POINT('',#14249);
#4201=VERTEX_POINT('',#14251);
#4202=VERTEX_POINT('',#14253);
#4203=VERTEX_POINT('',#14255);
#4204=VERTEX_POINT('',#14257);
#4205=VERTEX_POINT('',#14259);
#4206=VERTEX_POINT('',#14261);
#4207=VERTEX_POINT('',#14264);
#4208=VERTEX_POINT('',#14265);
#4209=VERTEX_POINT('',#14267);
#4210=VERTEX_POINT('',#14269);
#4211=VERTEX_POINT('',#14274);
#4212=VERTEX_POINT('',#14276);
#4213=VERTEX_POINT('',#14278);
#4214=VERTEX_POINT('',#14281);
#4215=VERTEX_POINT('',#14283);
#4216=VERTEX_POINT('',#14285);
#4217=VERTEX_POINT('',#14288);
#4218=VERTEX_POINT('',#14290);
#4219=VERTEX_POINT('',#14292);
#4220=VERTEX_POINT('',#14295);
#4221=VERTEX_POINT('',#14297);
#4222=VERTEX_POINT('',#14299);
#4223=VERTEX_POINT('',#14302);
#4224=VERTEX_POINT('',#14304);
#4225=VERTEX_POINT('',#14306);
#4226=VERTEX_POINT('',#14309);
#4227=VERTEX_POINT('',#14310);
#4228=VERTEX_POINT('',#14312);
#4229=VERTEX_POINT('',#14314);
#4230=VERTEX_POINT('',#14316);
#4231=VERTEX_POINT('',#14318);
#4232=VERTEX_POINT('',#14320);
#4233=VERTEX_POINT('',#14322);
#4234=VERTEX_POINT('',#14325);
#4235=VERTEX_POINT('',#14326);
#4236=VERTEX_POINT('',#14328);
#4237=VERTEX_POINT('',#14330);
#4238=VERTEX_POINT('',#14332);
#4239=VERTEX_POINT('',#14334);
#4240=VERTEX_POINT('',#14336);
#4241=VERTEX_POINT('',#14338);
#4242=VERTEX_POINT('',#14341);
#4243=VERTEX_POINT('',#14342);
#4244=VERTEX_POINT('',#14344);
#4245=VERTEX_POINT('',#14346);
#4246=VERTEX_POINT('',#14348);
#4247=VERTEX_POINT('',#14350);
#4248=VERTEX_POINT('',#14352);
#4249=VERTEX_POINT('',#14354);
#4250=VERTEX_POINT('',#14357);
#4251=VERTEX_POINT('',#14358);
#4252=VERTEX_POINT('',#14360);
#4253=VERTEX_POINT('',#14362);
#4254=VERTEX_POINT('',#14364);
#4255=VERTEX_POINT('',#14366);
#4256=VERTEX_POINT('',#14368);
#4257=VERTEX_POINT('',#14370);
#4258=VERTEX_POINT('',#14373);
#4259=VERTEX_POINT('',#14374);
#4260=VERTEX_POINT('',#14376);
#4261=VERTEX_POINT('',#14378);
#4262=VERTEX_POINT('',#14380);
#4263=VERTEX_POINT('',#14382);
#4264=VERTEX_POINT('',#14384);
#4265=VERTEX_POINT('',#14386);
#4266=VERTEX_POINT('',#14389);
#4267=VERTEX_POINT('',#14390);
#4268=VERTEX_POINT('',#14392);
#4269=VERTEX_POINT('',#14394);
#4270=VERTEX_POINT('',#14396);
#4271=VERTEX_POINT('',#14398);
#4272=VERTEX_POINT('',#14400);
#4273=VERTEX_POINT('',#14402);
#4274=VERTEX_POINT('',#14405);
#4275=VERTEX_POINT('',#14406);
#4276=VERTEX_POINT('',#14408);
#4277=VERTEX_POINT('',#14410);
#4278=VERTEX_POINT('',#14412);
#4279=VERTEX_POINT('',#14414);
#4280=VERTEX_POINT('',#14416);
#4281=VERTEX_POINT('',#14418);
#4282=VERTEX_POINT('',#14421);
#4283=VERTEX_POINT('',#14422);
#4284=VERTEX_POINT('',#14424);
#4285=VERTEX_POINT('',#14426);
#4286=VERTEX_POINT('',#14428);
#4287=VERTEX_POINT('',#14430);
#4288=VERTEX_POINT('',#14432);
#4289=VERTEX_POINT('',#14434);
#4290=VERTEX_POINT('',#14437);
#4291=VERTEX_POINT('',#14438);
#4292=VERTEX_POINT('',#14440);
#4293=VERTEX_POINT('',#14442);
#4294=VERTEX_POINT('',#14444);
#4295=VERTEX_POINT('',#14446);
#4296=VERTEX_POINT('',#14448);
#4297=VERTEX_POINT('',#14450);
#4298=VERTEX_POINT('',#14453);
#4299=VERTEX_POINT('',#14454);
#4300=VERTEX_POINT('',#14456);
#4301=VERTEX_POINT('',#14458);
#4302=VERTEX_POINT('',#14460);
#4303=VERTEX_POINT('',#14462);
#4304=VERTEX_POINT('',#14464);
#4305=VERTEX_POINT('',#14466);
#4306=VERTEX_POINT('',#14469);
#4307=VERTEX_POINT('',#14470);
#4308=VERTEX_POINT('',#14472);
#4309=VERTEX_POINT('',#14474);
#4310=VERTEX_POINT('',#14476);
#4311=VERTEX_POINT('',#14478);
#4312=VERTEX_POINT('',#14480);
#4313=VERTEX_POINT('',#14482);
#4314=VERTEX_POINT('',#14485);
#4315=VERTEX_POINT('',#14486);
#4316=VERTEX_POINT('',#14488);
#4317=VERTEX_POINT('',#14490);
#4318=VERTEX_POINT('',#14492);
#4319=VERTEX_POINT('',#14494);
#4320=VERTEX_POINT('',#14496);
#4321=VERTEX_POINT('',#14498);
#4322=VERTEX_POINT('',#14501);
#4323=VERTEX_POINT('',#14502);
#4324=VERTEX_POINT('',#14504);
#4325=VERTEX_POINT('',#14506);
#4326=VERTEX_POINT('',#14508);
#4327=VERTEX_POINT('',#14510);
#4328=VERTEX_POINT('',#14512);
#4329=VERTEX_POINT('',#14514);
#4330=VERTEX_POINT('',#14517);
#4331=VERTEX_POINT('',#14518);
#4332=VERTEX_POINT('',#14520);
#4333=VERTEX_POINT('',#14522);
#4334=VERTEX_POINT('',#14524);
#4335=VERTEX_POINT('',#14526);
#4336=VERTEX_POINT('',#14528);
#4337=VERTEX_POINT('',#14530);
#4338=VERTEX_POINT('',#14533);
#4339=VERTEX_POINT('',#14534);
#4340=VERTEX_POINT('',#14536);
#4341=VERTEX_POINT('',#14538);
#4342=VERTEX_POINT('',#14540);
#4343=VERTEX_POINT('',#14542);
#4344=VERTEX_POINT('',#14544);
#4345=VERTEX_POINT('',#14546);
#4346=VERTEX_POINT('',#14549);
#4347=VERTEX_POINT('',#14550);
#4348=VERTEX_POINT('',#14552);
#4349=VERTEX_POINT('',#14554);
#4350=VERTEX_POINT('',#14556);
#4351=VERTEX_POINT('',#14558);
#4352=VERTEX_POINT('',#14560);
#4353=VERTEX_POINT('',#14562);
#4354=VERTEX_POINT('',#14565);
#4355=VERTEX_POINT('',#14566);
#4356=VERTEX_POINT('',#14568);
#4357=VERTEX_POINT('',#14570);
#4358=VERTEX_POINT('',#14572);
#4359=VERTEX_POINT('',#14574);
#4360=VERTEX_POINT('',#14576);
#4361=VERTEX_POINT('',#14578);
#4362=VERTEX_POINT('',#14581);
#4363=VERTEX_POINT('',#14582);
#4364=VERTEX_POINT('',#14584);
#4365=VERTEX_POINT('',#14586);
#4366=VERTEX_POINT('',#14588);
#4367=VERTEX_POINT('',#14590);
#4368=VERTEX_POINT('',#14592);
#4369=VERTEX_POINT('',#14594);
#4370=VERTEX_POINT('',#14597);
#4371=VERTEX_POINT('',#14598);
#4372=VERTEX_POINT('',#14600);
#4373=VERTEX_POINT('',#14602);
#4374=VERTEX_POINT('',#14604);
#4375=VERTEX_POINT('',#14606);
#4376=VERTEX_POINT('',#14608);
#4377=VERTEX_POINT('',#14610);
#4378=VERTEX_POINT('',#14613);
#4379=VERTEX_POINT('',#14614);
#4380=VERTEX_POINT('',#14616);
#4381=VERTEX_POINT('',#14618);
#4382=VERTEX_POINT('',#14620);
#4383=VERTEX_POINT('',#14622);
#4384=VERTEX_POINT('',#14624);
#4385=VERTEX_POINT('',#14626);
#4386=VERTEX_POINT('',#14629);
#4387=VERTEX_POINT('',#14630);
#4388=VERTEX_POINT('',#14632);
#4389=VERTEX_POINT('',#14634);
#4390=VERTEX_POINT('',#14636);
#4391=VERTEX_POINT('',#14638);
#4392=VERTEX_POINT('',#14640);
#4393=VERTEX_POINT('',#14642);
#4394=VERTEX_POINT('',#14645);
#4395=VERTEX_POINT('',#14646);
#4396=VERTEX_POINT('',#14648);
#4397=VERTEX_POINT('',#14650);
#4398=VERTEX_POINT('',#14652);
#4399=VERTEX_POINT('',#14654);
#4400=VERTEX_POINT('',#14656);
#4401=VERTEX_POINT('',#14658);
#4402=VERTEX_POINT('',#14661);
#4403=VERTEX_POINT('',#14662);
#4404=VERTEX_POINT('',#14664);
#4405=VERTEX_POINT('',#14666);
#4406=VERTEX_POINT('',#14668);
#4407=VERTEX_POINT('',#14670);
#4408=VERTEX_POINT('',#14672);
#4409=VERTEX_POINT('',#14674);
#4410=VERTEX_POINT('',#14677);
#4411=VERTEX_POINT('',#14678);
#4412=VERTEX_POINT('',#14680);
#4413=VERTEX_POINT('',#14682);
#4414=VERTEX_POINT('',#14684);
#4415=VERTEX_POINT('',#14686);
#4416=VERTEX_POINT('',#14688);
#4417=VERTEX_POINT('',#14690);
#4418=VERTEX_POINT('',#14693);
#4419=VERTEX_POINT('',#14694);
#4420=VERTEX_POINT('',#14696);
#4421=VERTEX_POINT('',#14698);
#4422=VERTEX_POINT('',#14700);
#4423=VERTEX_POINT('',#14702);
#4424=VERTEX_POINT('',#14704);
#4425=VERTEX_POINT('',#14706);
#4426=VERTEX_POINT('',#14709);
#4427=VERTEX_POINT('',#14710);
#4428=VERTEX_POINT('',#14712);
#4429=VERTEX_POINT('',#14714);
#4430=VERTEX_POINT('',#14716);
#4431=VERTEX_POINT('',#14718);
#4432=VERTEX_POINT('',#14720);
#4433=VERTEX_POINT('',#14722);
#4434=VERTEX_POINT('',#14725);
#4435=VERTEX_POINT('',#14726);
#4436=VERTEX_POINT('',#14728);
#4437=VERTEX_POINT('',#14730);
#4438=VERTEX_POINT('',#14732);
#4439=VERTEX_POINT('',#14734);
#4440=VERTEX_POINT('',#14736);
#4441=VERTEX_POINT('',#14738);
#4442=VERTEX_POINT('',#14741);
#4443=VERTEX_POINT('',#14742);
#4444=VERTEX_POINT('',#14744);
#4445=VERTEX_POINT('',#14746);
#4446=VERTEX_POINT('',#14748);
#4447=VERTEX_POINT('',#14750);
#4448=VERTEX_POINT('',#14752);
#4449=VERTEX_POINT('',#14754);
#4450=VERTEX_POINT('',#14757);
#4451=VERTEX_POINT('',#14758);
#4452=VERTEX_POINT('',#14760);
#4453=VERTEX_POINT('',#14762);
#4454=VERTEX_POINT('',#14764);
#4455=VERTEX_POINT('',#14766);
#4456=VERTEX_POINT('',#14768);
#4457=VERTEX_POINT('',#14770);
#4458=VERTEX_POINT('',#14773);
#4459=VERTEX_POINT('',#14774);
#4460=VERTEX_POINT('',#14776);
#4461=VERTEX_POINT('',#14778);
#4462=VERTEX_POINT('',#14780);
#4463=VERTEX_POINT('',#14782);
#4464=VERTEX_POINT('',#14784);
#4465=VERTEX_POINT('',#14786);
#4466=VERTEX_POINT('',#14789);
#4467=VERTEX_POINT('',#14790);
#4468=VERTEX_POINT('',#14792);
#4469=VERTEX_POINT('',#14794);
#4470=VERTEX_POINT('',#14796);
#4471=VERTEX_POINT('',#14798);
#4472=VERTEX_POINT('',#14800);
#4473=VERTEX_POINT('',#14802);
#4474=VERTEX_POINT('',#14805);
#4475=VERTEX_POINT('',#14806);
#4476=VERTEX_POINT('',#14808);
#4477=VERTEX_POINT('',#14810);
#4478=VERTEX_POINT('',#14812);
#4479=VERTEX_POINT('',#14814);
#4480=VERTEX_POINT('',#14816);
#4481=VERTEX_POINT('',#14818);
#4482=VERTEX_POINT('',#14821);
#4483=VERTEX_POINT('',#14822);
#4484=VERTEX_POINT('',#14824);
#4485=VERTEX_POINT('',#14826);
#4486=VERTEX_POINT('',#14828);
#4487=VERTEX_POINT('',#14830);
#4488=VERTEX_POINT('',#14832);
#4489=VERTEX_POINT('',#14834);
#4490=VERTEX_POINT('',#14837);
#4491=VERTEX_POINT('',#14838);
#4492=VERTEX_POINT('',#14840);
#4493=VERTEX_POINT('',#14842);
#4494=VERTEX_POINT('',#14844);
#4495=VERTEX_POINT('',#14846);
#4496=VERTEX_POINT('',#14848);
#4497=VERTEX_POINT('',#14850);
#4498=VERTEX_POINT('',#14853);
#4499=VERTEX_POINT('',#14854);
#4500=VERTEX_POINT('',#14856);
#4501=VERTEX_POINT('',#14858);
#4502=VERTEX_POINT('',#14860);
#4503=VERTEX_POINT('',#14862);
#4504=VERTEX_POINT('',#14864);
#4505=VERTEX_POINT('',#14866);
#4506=VERTEX_POINT('',#14869);
#4507=VERTEX_POINT('',#14870);
#4508=VERTEX_POINT('',#14872);
#4509=VERTEX_POINT('',#14874);
#4510=VERTEX_POINT('',#14876);
#4511=VERTEX_POINT('',#14878);
#4512=VERTEX_POINT('',#14880);
#4513=VERTEX_POINT('',#14882);
#4514=VERTEX_POINT('',#14885);
#4515=VERTEX_POINT('',#14886);
#4516=VERTEX_POINT('',#14888);
#4517=VERTEX_POINT('',#14890);
#4518=VERTEX_POINT('',#14892);
#4519=VERTEX_POINT('',#14894);
#4520=VERTEX_POINT('',#14896);
#4521=VERTEX_POINT('',#14898);
#4522=VERTEX_POINT('',#14901);
#4523=VERTEX_POINT('',#14902);
#4524=VERTEX_POINT('',#14904);
#4525=VERTEX_POINT('',#14906);
#4526=VERTEX_POINT('',#14908);
#4527=VERTEX_POINT('',#14910);
#4528=VERTEX_POINT('',#14912);
#4529=VERTEX_POINT('',#14914);
#4530=VERTEX_POINT('',#14917);
#4531=VERTEX_POINT('',#14918);
#4532=VERTEX_POINT('',#14920);
#4533=VERTEX_POINT('',#14922);
#4534=VERTEX_POINT('',#14924);
#4535=VERTEX_POINT('',#14926);
#4536=VERTEX_POINT('',#14928);
#4537=VERTEX_POINT('',#14930);
#4538=VERTEX_POINT('',#14933);
#4539=VERTEX_POINT('',#14934);
#4540=VERTEX_POINT('',#14936);
#4541=VERTEX_POINT('',#14938);
#4542=VERTEX_POINT('',#14940);
#4543=VERTEX_POINT('',#14942);
#4544=VERTEX_POINT('',#14944);
#4545=VERTEX_POINT('',#14946);
#4546=VERTEX_POINT('',#14949);
#4547=VERTEX_POINT('',#14950);
#4548=VERTEX_POINT('',#14952);
#4549=VERTEX_POINT('',#14954);
#4550=VERTEX_POINT('',#14956);
#4551=VERTEX_POINT('',#14958);
#4552=VERTEX_POINT('',#14960);
#4553=VERTEX_POINT('',#14962);
#4554=VERTEX_POINT('',#14965);
#4555=VERTEX_POINT('',#14966);
#4556=VERTEX_POINT('',#14968);
#4557=VERTEX_POINT('',#14970);
#4558=VERTEX_POINT('',#14972);
#4559=VERTEX_POINT('',#14974);
#4560=VERTEX_POINT('',#14976);
#4561=VERTEX_POINT('',#14978);
#4562=VERTEX_POINT('',#14981);
#4563=VERTEX_POINT('',#14982);
#4564=VERTEX_POINT('',#14984);
#4565=VERTEX_POINT('',#14986);
#4566=VERTEX_POINT('',#14988);
#4567=VERTEX_POINT('',#14990);
#4568=VERTEX_POINT('',#14992);
#4569=VERTEX_POINT('',#14994);
#4570=VERTEX_POINT('',#14997);
#4571=VERTEX_POINT('',#14998);
#4572=VERTEX_POINT('',#15000);
#4573=VERTEX_POINT('',#15002);
#4574=VERTEX_POINT('',#15004);
#4575=VERTEX_POINT('',#15006);
#4576=VERTEX_POINT('',#15008);
#4577=VERTEX_POINT('',#15010);
#4578=VERTEX_POINT('',#15013);
#4579=VERTEX_POINT('',#15014);
#4580=VERTEX_POINT('',#15016);
#4581=VERTEX_POINT('',#15018);
#4582=VERTEX_POINT('',#15020);
#4583=VERTEX_POINT('',#15022);
#4584=VERTEX_POINT('',#15024);
#4585=VERTEX_POINT('',#15026);
#4586=VERTEX_POINT('',#15029);
#4587=VERTEX_POINT('',#15030);
#4588=VERTEX_POINT('',#15032);
#4589=VERTEX_POINT('',#15034);
#4590=VERTEX_POINT('',#15036);
#4591=VERTEX_POINT('',#15038);
#4592=VERTEX_POINT('',#15040);
#4593=VERTEX_POINT('',#15042);
#4594=VERTEX_POINT('',#15045);
#4595=VERTEX_POINT('',#15046);
#4596=VERTEX_POINT('',#15048);
#4597=VERTEX_POINT('',#15050);
#4598=VERTEX_POINT('',#15052);
#4599=VERTEX_POINT('',#15054);
#4600=VERTEX_POINT('',#15056);
#4601=VERTEX_POINT('',#15058);
#4602=VERTEX_POINT('',#15061);
#4603=VERTEX_POINT('',#15062);
#4604=VERTEX_POINT('',#15064);
#4605=VERTEX_POINT('',#15066);
#4606=VERTEX_POINT('',#15068);
#4607=VERTEX_POINT('',#15070);
#4608=VERTEX_POINT('',#15072);
#4609=VERTEX_POINT('',#15074);
#4610=VERTEX_POINT('',#15077);
#4611=VERTEX_POINT('',#15078);
#4612=VERTEX_POINT('',#15080);
#4613=VERTEX_POINT('',#15082);
#4614=VERTEX_POINT('',#15084);
#4615=VERTEX_POINT('',#15086);
#4616=VERTEX_POINT('',#15088);
#4617=VERTEX_POINT('',#15090);
#4618=VERTEX_POINT('',#15093);
#4619=VERTEX_POINT('',#15094);
#4620=VERTEX_POINT('',#15096);
#4621=VERTEX_POINT('',#15098);
#4622=VERTEX_POINT('',#15100);
#4623=VERTEX_POINT('',#15102);
#4624=VERTEX_POINT('',#15104);
#4625=VERTEX_POINT('',#15106);
#4626=VERTEX_POINT('',#15109);
#4627=VERTEX_POINT('',#15110);
#4628=VERTEX_POINT('',#15112);
#4629=VERTEX_POINT('',#15114);
#4630=VERTEX_POINT('',#15116);
#4631=VERTEX_POINT('',#15118);
#4632=VERTEX_POINT('',#15120);
#4633=VERTEX_POINT('',#15122);
#4634=VERTEX_POINT('',#15125);
#4635=VERTEX_POINT('',#15126);
#4636=VERTEX_POINT('',#15128);
#4637=VERTEX_POINT('',#15130);
#4638=VERTEX_POINT('',#15141);
#4639=VERTEX_POINT('',#15143);
#4640=VERTEX_POINT('',#15147);
#4641=VERTEX_POINT('',#15151);
#4642=VERTEX_POINT('',#15157);
#4643=VERTEX_POINT('',#15158);
#4644=VERTEX_POINT('',#15160);
#4645=VERTEX_POINT('',#15162);
#4646=VERTEX_POINT('',#15166);
#4647=VERTEX_POINT('',#15167);
#4648=VERTEX_POINT('',#15169);
#4649=VERTEX_POINT('',#15171);
#4650=VERTEX_POINT('',#15173);
#4651=VERTEX_POINT('',#15175);
#4652=VERTEX_POINT('',#15177);
#4653=VERTEX_POINT('',#15179);
#4654=VERTEX_POINT('',#15182);
#4655=VERTEX_POINT('',#15185);
#4656=VERTEX_POINT('',#15189);
#4657=VERTEX_POINT('',#15194);
#4658=VERTEX_POINT('',#15196);
#4659=VERTEX_POINT('',#15200);
#4660=VERTEX_POINT('',#15204);
#4661=VERTEX_POINT('',#15205);
#4662=VERTEX_POINT('',#15210);
#4663=VERTEX_POINT('',#15214);
#4664=VERTEX_POINT('',#16064);
#4665=EDGE_CURVE('',#3737,#3738,#1845,.T.);
#4666=EDGE_CURVE('',#3739,#3737,#1846,.T.);
#4667=EDGE_CURVE('',#3740,#3739,#1847,.T.);
#4668=EDGE_CURVE('',#3741,#3740,#1848,.T.);
#4669=EDGE_CURVE('',#3742,#3741,#1849,.T.);
#4670=EDGE_CURVE('',#3738,#3742,#1850,.T.);
#4671=EDGE_CURVE('',#3743,#3744,#1851,.T.);
#4672=EDGE_CURVE('',#3745,#3743,#1852,.T.);
#4673=EDGE_CURVE('',#3746,#3745,#1853,.T.);
#4674=EDGE_CURVE('',#3744,#3746,#1854,.T.);
#4675=EDGE_CURVE('',#3747,#3748,#1855,.T.);
#4676=EDGE_CURVE('',#3749,#3747,#1856,.T.);
#4677=EDGE_CURVE('',#3750,#3749,#1857,.T.);
#4678=EDGE_CURVE('',#3748,#3750,#1858,.T.);
#4679=EDGE_CURVE('',#3751,#3752,#1859,.T.);
#4680=EDGE_CURVE('',#3753,#3751,#1860,.T.);
#4681=EDGE_CURVE('',#3754,#3753,#1861,.T.);
#4682=EDGE_CURVE('',#3752,#3754,#1862,.T.);
#4683=EDGE_CURVE('',#3755,#3756,#1863,.T.);
#4684=EDGE_CURVE('',#3757,#3755,#1864,.T.);
#4685=EDGE_CURVE('',#3758,#3757,#1865,.T.);
#4686=EDGE_CURVE('',#3759,#3758,#1866,.T.);
#4687=EDGE_CURVE('',#3760,#3759,#1867,.T.);
#4688=EDGE_CURVE('',#3756,#3760,#1868,.T.);
#4689=EDGE_CURVE('',#3761,#3740,#1869,.F.);
#4690=EDGE_CURVE('',#3762,#3761,#1870,.T.);
#4691=EDGE_CURVE('',#3741,#3762,#1871,.F.);
#4692=EDGE_CURVE('',#3763,#3737,#1872,.T.);
#4693=EDGE_CURVE('',#3764,#3763,#1873,.T.);
#4694=EDGE_CURVE('',#3739,#3764,#1874,.T.);
#4695=EDGE_CURVE('',#3765,#3743,#1875,.T.);
#4696=EDGE_CURVE('',#3766,#3765,#1876,.T.);
#4697=EDGE_CURVE('',#3745,#3766,#1877,.T.);
#4698=EDGE_CURVE('',#3767,#3747,#1878,.T.);
#4699=EDGE_CURVE('',#3768,#3767,#1879,.T.);
#4700=EDGE_CURVE('',#3749,#3768,#1880,.T.);
#4701=EDGE_CURVE('',#3769,#3751,#1881,.T.);
#4702=EDGE_CURVE('',#3770,#3769,#1882,.T.);
#4703=EDGE_CURVE('',#3753,#3770,#1883,.T.);
#4704=EDGE_CURVE('',#3771,#3758,#1884,.F.);
#4705=EDGE_CURVE('',#3772,#3771,#1885,.T.);
#4706=EDGE_CURVE('',#3759,#3772,#1886,.F.);
#4707=EDGE_CURVE('',#3773,#3764,#352,.F.);
#4708=EDGE_CURVE('',#3773,#3774,#1887,.T.);
#4709=EDGE_CURVE('',#3775,#3774,#353,.F.);
#4710=EDGE_CURVE('',#3775,#3760,#1888,.T.);
#4711=EDGE_CURVE('',#3776,#3772,#354,.T.);
#4712=EDGE_CURVE('',#3776,#3777,#1889,.F.);
#4713=EDGE_CURVE('',#3761,#3777,#355,.T.);
#4714=EDGE_CURVE('',#3778,#3755,#1890,.T.);
#4715=EDGE_CURVE('',#3779,#3778,#1891,.T.);
#4716=EDGE_CURVE('',#3757,#3779,#1892,.T.);
#4717=EDGE_CURVE('',#3780,#3781,#356,.T.);
#4718=EDGE_CURVE('',#3781,#3782,#1893,.T.);
#4719=EDGE_CURVE('',#3782,#3783,#357,.T.);
#4720=EDGE_CURVE('',#3783,#3780,#1894,.T.);
#4721=EDGE_CURVE('',#3784,#3782,#358,.T.);
#4722=EDGE_CURVE('',#3785,#3784,#359,.T.);
#4723=EDGE_CURVE('',#3786,#3785,#1895,.T.);
#4724=EDGE_CURVE('',#3787,#3786,#1896,.T.);
#4725=EDGE_CURVE('',#3787,#3783,#1897,.T.);
#4726=EDGE_CURVE('',#3781,#3788,#360,.T.);
#4727=EDGE_CURVE('',#3784,#3788,#1898,.T.);
#4728=EDGE_CURVE('',#3789,#3788,#361,.F.);
#4729=EDGE_CURVE('',#3789,#3785,#1899,.T.);
#4730=EDGE_CURVE('',#3786,#3790,#1900,.F.);
#4731=EDGE_CURVE('',#3791,#3790,#1901,.T.);
#4732=EDGE_CURVE('',#3787,#3791,#1902,.T.);
#4733=EDGE_CURVE('',#3780,#3791,#1903,.T.);
#4734=EDGE_CURVE('',#3789,#3790,#1904,.T.);
#4735=EDGE_CURVE('',#3771,#3792,#362,.T.);
#4736=EDGE_CURVE('',#3792,#3776,#1905,.T.);
#4737=EDGE_CURVE('',#3790,#3792,#1906,.F.);
#4738=EDGE_CURVE('',#3793,#3786,#1907,.F.);
#4739=EDGE_CURVE('',#3777,#3793,#1908,.T.);
#4740=EDGE_CURVE('',#3793,#3762,#363,.T.);
#4741=EDGE_CURVE('',#3779,#3794,#364,.T.);
#4742=EDGE_CURVE('',#3794,#3795,#1909,.T.);
#4743=EDGE_CURVE('',#3795,#3796,#365,.T.);
#4744=EDGE_CURVE('',#3796,#3754,#1910,.T.);
#4745=EDGE_CURVE('',#3770,#3797,#366,.T.);
#4746=EDGE_CURVE('',#3797,#3798,#1911,.T.);
#4747=EDGE_CURVE('',#3798,#3799,#367,.T.);
#4748=EDGE_CURVE('',#3799,#3750,#1912,.T.);
#4749=EDGE_CURVE('',#3768,#3800,#368,.T.);
#4750=EDGE_CURVE('',#3800,#3801,#1913,.T.);
#4751=EDGE_CURVE('',#3801,#3802,#369,.T.);
#4752=EDGE_CURVE('',#3802,#3746,#1914,.T.);
#4753=EDGE_CURVE('',#3766,#3803,#370,.T.);
#4754=EDGE_CURVE('',#3803,#3804,#1915,.T.);
#4755=EDGE_CURVE('',#3804,#3805,#371,.T.);
#4756=EDGE_CURVE('',#3805,#3742,#1916,.T.);
#4757=EDGE_CURVE('',#3806,#3806,#372,.T.);
#4758=EDGE_CURVE('',#3807,#3808,#373,.T.);
#4759=EDGE_CURVE('',#3808,#3809,#1917,.T.);
#4760=EDGE_CURVE('',#3809,#3810,#374,.T.);
#4761=EDGE_CURVE('',#3810,#3811,#1918,.T.);
#4762=EDGE_CURVE('',#3811,#3812,#375,.T.);
#4763=EDGE_CURVE('',#3812,#3813,#1919,.T.);
#4764=EDGE_CURVE('',#3813,#3814,#376,.T.);
#4765=EDGE_CURVE('',#3814,#3807,#1920,.T.);
#4766=EDGE_CURVE('',#3815,#3816,#377,.T.);
#4767=EDGE_CURVE('',#3816,#3817,#1921,.T.);
#4768=EDGE_CURVE('',#3817,#3818,#378,.T.);
#4769=EDGE_CURVE('',#3818,#3819,#1922,.T.);
#4770=EDGE_CURVE('',#3819,#3820,#379,.T.);
#4771=EDGE_CURVE('',#3820,#3821,#1923,.T.);
#4772=EDGE_CURVE('',#3821,#3822,#380,.T.);
#4773=EDGE_CURVE('',#3822,#3815,#1924,.T.);
#4774=EDGE_CURVE('',#3823,#3824,#381,.T.);
#4775=EDGE_CURVE('',#3824,#3825,#1925,.T.);
#4776=EDGE_CURVE('',#3825,#3826,#382,.T.);
#4777=EDGE_CURVE('',#3826,#3827,#1926,.T.);
#4778=EDGE_CURVE('',#3827,#3828,#383,.T.);
#4779=EDGE_CURVE('',#3828,#3829,#1927,.T.);
#4780=EDGE_CURVE('',#3829,#3830,#384,.T.);
#4781=EDGE_CURVE('',#3830,#3823,#1928,.T.);
#4782=EDGE_CURVE('',#3831,#3832,#385,.T.);
#4783=EDGE_CURVE('',#3832,#3833,#1929,.T.);
#4784=EDGE_CURVE('',#3833,#3834,#386,.T.);
#4785=EDGE_CURVE('',#3834,#3835,#1930,.T.);
#4786=EDGE_CURVE('',#3835,#3836,#387,.T.);
#4787=EDGE_CURVE('',#3836,#3837,#1931,.T.);
#4788=EDGE_CURVE('',#3837,#3838,#388,.T.);
#4789=EDGE_CURVE('',#3838,#3831,#1932,.T.);
#4790=EDGE_CURVE('',#3839,#3840,#389,.T.);
#4791=EDGE_CURVE('',#3840,#3841,#1933,.T.);
#4792=EDGE_CURVE('',#3841,#3842,#390,.T.);
#4793=EDGE_CURVE('',#3842,#3843,#1934,.T.);
#4794=EDGE_CURVE('',#3843,#3844,#391,.T.);
#4795=EDGE_CURVE('',#3844,#3845,#1935,.T.);
#4796=EDGE_CURVE('',#3845,#3846,#392,.T.);
#4797=EDGE_CURVE('',#3846,#3839,#1936,.T.);
#4798=EDGE_CURVE('',#3847,#3848,#393,.T.);
#4799=EDGE_CURVE('',#3848,#3849,#1937,.T.);
#4800=EDGE_CURVE('',#3849,#3850,#394,.T.);
#4801=EDGE_CURVE('',#3850,#3851,#1938,.T.);
#4802=EDGE_CURVE('',#3851,#3852,#395,.T.);
#4803=EDGE_CURVE('',#3852,#3853,#1939,.T.);
#4804=EDGE_CURVE('',#3853,#3854,#396,.T.);
#4805=EDGE_CURVE('',#3854,#3847,#1940,.T.);
#4806=EDGE_CURVE('',#3855,#3856,#397,.T.);
#4807=EDGE_CURVE('',#3856,#3857,#1941,.T.);
#4808=EDGE_CURVE('',#3857,#3858,#398,.T.);
#4809=EDGE_CURVE('',#3858,#3859,#1942,.T.);
#4810=EDGE_CURVE('',#3859,#3860,#399,.T.);
#4811=EDGE_CURVE('',#3860,#3861,#1943,.T.);
#4812=EDGE_CURVE('',#3861,#3862,#400,.T.);
#4813=EDGE_CURVE('',#3862,#3855,#1944,.T.);
#4814=EDGE_CURVE('',#3863,#3864,#401,.T.);
#4815=EDGE_CURVE('',#3864,#3865,#1945,.T.);
#4816=EDGE_CURVE('',#3865,#3866,#402,.T.);
#4817=EDGE_CURVE('',#3866,#3867,#1946,.T.);
#4818=EDGE_CURVE('',#3867,#3868,#403,.T.);
#4819=EDGE_CURVE('',#3868,#3869,#1947,.T.);
#4820=EDGE_CURVE('',#3869,#3870,#404,.T.);
#4821=EDGE_CURVE('',#3870,#3863,#1948,.T.);
#4822=EDGE_CURVE('',#3871,#3872,#405,.T.);
#4823=EDGE_CURVE('',#3872,#3873,#1949,.T.);
#4824=EDGE_CURVE('',#3873,#3874,#406,.T.);
#4825=EDGE_CURVE('',#3874,#3875,#1950,.T.);
#4826=EDGE_CURVE('',#3875,#3876,#407,.T.);
#4827=EDGE_CURVE('',#3876,#3877,#1951,.T.);
#4828=EDGE_CURVE('',#3877,#3878,#408,.T.);
#4829=EDGE_CURVE('',#3878,#3871,#1952,.T.);
#4830=EDGE_CURVE('',#3879,#3880,#409,.T.);
#4831=EDGE_CURVE('',#3880,#3881,#1953,.T.);
#4832=EDGE_CURVE('',#3881,#3882,#410,.T.);
#4833=EDGE_CURVE('',#3882,#3883,#1954,.T.);
#4834=EDGE_CURVE('',#3883,#3884,#411,.T.);
#4835=EDGE_CURVE('',#3884,#3885,#1955,.T.);
#4836=EDGE_CURVE('',#3885,#3886,#412,.T.);
#4837=EDGE_CURVE('',#3886,#3879,#1956,.T.);
#4838=EDGE_CURVE('',#3887,#3888,#413,.T.);
#4839=EDGE_CURVE('',#3888,#3889,#1957,.T.);
#4840=EDGE_CURVE('',#3889,#3890,#414,.T.);
#4841=EDGE_CURVE('',#3890,#3891,#1958,.T.);
#4842=EDGE_CURVE('',#3891,#3892,#415,.T.);
#4843=EDGE_CURVE('',#3892,#3893,#1959,.T.);
#4844=EDGE_CURVE('',#3893,#3894,#416,.T.);
#4845=EDGE_CURVE('',#3894,#3887,#1960,.T.);
#4846=EDGE_CURVE('',#3895,#3896,#417,.T.);
#4847=EDGE_CURVE('',#3896,#3897,#1961,.T.);
#4848=EDGE_CURVE('',#3897,#3898,#418,.T.);
#4849=EDGE_CURVE('',#3898,#3899,#1962,.T.);
#4850=EDGE_CURVE('',#3899,#3900,#419,.T.);
#4851=EDGE_CURVE('',#3900,#3901,#1963,.T.);
#4852=EDGE_CURVE('',#3901,#3902,#420,.T.);
#4853=EDGE_CURVE('',#3902,#3895,#1964,.T.);
#4854=EDGE_CURVE('',#3903,#3904,#421,.T.);
#4855=EDGE_CURVE('',#3904,#3905,#1965,.T.);
#4856=EDGE_CURVE('',#3905,#3906,#422,.T.);
#4857=EDGE_CURVE('',#3906,#3907,#1966,.T.);
#4858=EDGE_CURVE('',#3907,#3908,#423,.T.);
#4859=EDGE_CURVE('',#3908,#3909,#1967,.T.);
#4860=EDGE_CURVE('',#3909,#3910,#424,.T.);
#4861=EDGE_CURVE('',#3910,#3903,#1968,.T.);
#4862=EDGE_CURVE('',#3911,#3912,#425,.T.);
#4863=EDGE_CURVE('',#3912,#3913,#1969,.T.);
#4864=EDGE_CURVE('',#3913,#3914,#426,.T.);
#4865=EDGE_CURVE('',#3914,#3915,#1970,.T.);
#4866=EDGE_CURVE('',#3915,#3916,#427,.T.);
#4867=EDGE_CURVE('',#3916,#3917,#1971,.T.);
#4868=EDGE_CURVE('',#3917,#3918,#428,.T.);
#4869=EDGE_CURVE('',#3918,#3911,#1972,.T.);
#4870=EDGE_CURVE('',#3919,#3920,#429,.T.);
#4871=EDGE_CURVE('',#3920,#3921,#1973,.T.);
#4872=EDGE_CURVE('',#3921,#3922,#430,.T.);
#4873=EDGE_CURVE('',#3922,#3923,#1974,.T.);
#4874=EDGE_CURVE('',#3923,#3924,#431,.T.);
#4875=EDGE_CURVE('',#3924,#3925,#1975,.T.);
#4876=EDGE_CURVE('',#3925,#3926,#432,.T.);
#4877=EDGE_CURVE('',#3926,#3919,#1976,.T.);
#4878=EDGE_CURVE('',#3927,#3928,#433,.T.);
#4879=EDGE_CURVE('',#3928,#3929,#1977,.T.);
#4880=EDGE_CURVE('',#3929,#3930,#434,.T.);
#4881=EDGE_CURVE('',#3930,#3931,#1978,.T.);
#4882=EDGE_CURVE('',#3931,#3932,#435,.T.);
#4883=EDGE_CURVE('',#3932,#3933,#1979,.T.);
#4884=EDGE_CURVE('',#3933,#3934,#436,.T.);
#4885=EDGE_CURVE('',#3934,#3927,#1980,.T.);
#4886=EDGE_CURVE('',#3935,#3936,#437,.T.);
#4887=EDGE_CURVE('',#3936,#3937,#1981,.T.);
#4888=EDGE_CURVE('',#3937,#3938,#438,.T.);
#4889=EDGE_CURVE('',#3938,#3939,#1982,.T.);
#4890=EDGE_CURVE('',#3939,#3940,#439,.T.);
#4891=EDGE_CURVE('',#3940,#3941,#1983,.T.);
#4892=EDGE_CURVE('',#3941,#3942,#440,.T.);
#4893=EDGE_CURVE('',#3942,#3935,#1984,.T.);
#4894=EDGE_CURVE('',#3943,#3944,#441,.T.);
#4895=EDGE_CURVE('',#3944,#3945,#1985,.T.);
#4896=EDGE_CURVE('',#3945,#3946,#442,.T.);
#4897=EDGE_CURVE('',#3946,#3947,#1986,.T.);
#4898=EDGE_CURVE('',#3947,#3948,#443,.T.);
#4899=EDGE_CURVE('',#3948,#3949,#1987,.T.);
#4900=EDGE_CURVE('',#3949,#3950,#444,.T.);
#4901=EDGE_CURVE('',#3950,#3943,#1988,.T.);
#4902=EDGE_CURVE('',#3951,#3952,#445,.T.);
#4903=EDGE_CURVE('',#3952,#3953,#1989,.T.);
#4904=EDGE_CURVE('',#3953,#3954,#446,.T.);
#4905=EDGE_CURVE('',#3954,#3955,#1990,.T.);
#4906=EDGE_CURVE('',#3955,#3956,#447,.T.);
#4907=EDGE_CURVE('',#3956,#3957,#1991,.T.);
#4908=EDGE_CURVE('',#3957,#3958,#448,.T.);
#4909=EDGE_CURVE('',#3958,#3951,#1992,.T.);
#4910=EDGE_CURVE('',#3959,#3960,#449,.T.);
#4911=EDGE_CURVE('',#3960,#3961,#1993,.T.);
#4912=EDGE_CURVE('',#3961,#3962,#450,.T.);
#4913=EDGE_CURVE('',#3962,#3963,#1994,.T.);
#4914=EDGE_CURVE('',#3963,#3964,#451,.T.);
#4915=EDGE_CURVE('',#3964,#3965,#1995,.T.);
#4916=EDGE_CURVE('',#3965,#3966,#452,.T.);
#4917=EDGE_CURVE('',#3966,#3959,#1996,.T.);
#4918=EDGE_CURVE('',#3967,#3968,#453,.T.);
#4919=EDGE_CURVE('',#3968,#3969,#1997,.T.);
#4920=EDGE_CURVE('',#3969,#3970,#454,.T.);
#4921=EDGE_CURVE('',#3970,#3971,#1998,.T.);
#4922=EDGE_CURVE('',#3971,#3972,#455,.T.);
#4923=EDGE_CURVE('',#3972,#3973,#1999,.T.);
#4924=EDGE_CURVE('',#3973,#3974,#456,.T.);
#4925=EDGE_CURVE('',#3974,#3967,#2000,.T.);
#4926=EDGE_CURVE('',#3975,#3976,#457,.T.);
#4927=EDGE_CURVE('',#3976,#3977,#2001,.T.);
#4928=EDGE_CURVE('',#3977,#3978,#458,.T.);
#4929=EDGE_CURVE('',#3978,#3979,#2002,.T.);
#4930=EDGE_CURVE('',#3979,#3980,#459,.T.);
#4931=EDGE_CURVE('',#3980,#3981,#2003,.T.);
#4932=EDGE_CURVE('',#3981,#3982,#460,.T.);
#4933=EDGE_CURVE('',#3982,#3975,#2004,.T.);
#4934=EDGE_CURVE('',#3983,#3984,#461,.T.);
#4935=EDGE_CURVE('',#3984,#3985,#2005,.T.);
#4936=EDGE_CURVE('',#3985,#3986,#462,.T.);
#4937=EDGE_CURVE('',#3986,#3987,#2006,.T.);
#4938=EDGE_CURVE('',#3987,#3988,#463,.T.);
#4939=EDGE_CURVE('',#3988,#3989,#2007,.T.);
#4940=EDGE_CURVE('',#3989,#3990,#464,.T.);
#4941=EDGE_CURVE('',#3990,#3983,#2008,.T.);
#4942=EDGE_CURVE('',#3991,#3992,#465,.T.);
#4943=EDGE_CURVE('',#3992,#3993,#2009,.T.);
#4944=EDGE_CURVE('',#3993,#3994,#466,.T.);
#4945=EDGE_CURVE('',#3994,#3995,#2010,.T.);
#4946=EDGE_CURVE('',#3995,#3996,#467,.T.);
#4947=EDGE_CURVE('',#3996,#3997,#2011,.T.);
#4948=EDGE_CURVE('',#3997,#3998,#468,.T.);
#4949=EDGE_CURVE('',#3998,#3991,#2012,.T.);
#4950=EDGE_CURVE('',#3999,#4000,#469,.T.);
#4951=EDGE_CURVE('',#4000,#4001,#2013,.T.);
#4952=EDGE_CURVE('',#4001,#4002,#470,.T.);
#4953=EDGE_CURVE('',#4002,#4003,#2014,.T.);
#4954=EDGE_CURVE('',#4003,#4004,#471,.T.);
#4955=EDGE_CURVE('',#4004,#4005,#2015,.T.);
#4956=EDGE_CURVE('',#4005,#4006,#472,.T.);
#4957=EDGE_CURVE('',#4006,#3999,#2016,.T.);
#4958=EDGE_CURVE('',#4007,#4008,#473,.T.);
#4959=EDGE_CURVE('',#4008,#4009,#2017,.T.);
#4960=EDGE_CURVE('',#4009,#4010,#474,.T.);
#4961=EDGE_CURVE('',#4010,#4011,#2018,.T.);
#4962=EDGE_CURVE('',#4011,#4012,#475,.T.);
#4963=EDGE_CURVE('',#4012,#4013,#2019,.T.);
#4964=EDGE_CURVE('',#4013,#4014,#476,.T.);
#4965=EDGE_CURVE('',#4014,#4007,#2020,.T.);
#4966=EDGE_CURVE('',#4015,#4016,#477,.T.);
#4967=EDGE_CURVE('',#4016,#4017,#2021,.T.);
#4968=EDGE_CURVE('',#4017,#4018,#478,.T.);
#4969=EDGE_CURVE('',#4018,#4019,#2022,.T.);
#4970=EDGE_CURVE('',#4019,#4020,#479,.T.);
#4971=EDGE_CURVE('',#4020,#4021,#2023,.T.);
#4972=EDGE_CURVE('',#4021,#4022,#480,.T.);
#4973=EDGE_CURVE('',#4022,#4015,#2024,.T.);
#4974=EDGE_CURVE('',#4023,#4024,#481,.T.);
#4975=EDGE_CURVE('',#4024,#4025,#2025,.T.);
#4976=EDGE_CURVE('',#4025,#4026,#482,.T.);
#4977=EDGE_CURVE('',#4026,#4027,#2026,.T.);
#4978=EDGE_CURVE('',#4027,#4028,#483,.T.);
#4979=EDGE_CURVE('',#4028,#4029,#2027,.T.);
#4980=EDGE_CURVE('',#4029,#4030,#484,.T.);
#4981=EDGE_CURVE('',#4030,#4023,#2028,.T.);
#4982=EDGE_CURVE('',#4031,#4032,#485,.T.);
#4983=EDGE_CURVE('',#4032,#4033,#2029,.T.);
#4984=EDGE_CURVE('',#4033,#4034,#486,.T.);
#4985=EDGE_CURVE('',#4034,#4035,#2030,.T.);
#4986=EDGE_CURVE('',#4035,#4036,#487,.T.);
#4987=EDGE_CURVE('',#4036,#4037,#2031,.T.);
#4988=EDGE_CURVE('',#4037,#4038,#488,.T.);
#4989=EDGE_CURVE('',#4038,#4031,#2032,.T.);
#4990=EDGE_CURVE('',#4039,#4040,#489,.T.);
#4991=EDGE_CURVE('',#4040,#4041,#2033,.T.);
#4992=EDGE_CURVE('',#4041,#4042,#490,.T.);
#4993=EDGE_CURVE('',#4042,#4043,#2034,.T.);
#4994=EDGE_CURVE('',#4043,#4044,#491,.T.);
#4995=EDGE_CURVE('',#4044,#4045,#2035,.T.);
#4996=EDGE_CURVE('',#4045,#4046,#492,.T.);
#4997=EDGE_CURVE('',#4046,#4039,#2036,.T.);
#4998=EDGE_CURVE('',#4047,#4048,#493,.T.);
#4999=EDGE_CURVE('',#4048,#4049,#2037,.T.);
#5000=EDGE_CURVE('',#4049,#4050,#494,.T.);
#5001=EDGE_CURVE('',#4050,#4051,#2038,.T.);
#5002=EDGE_CURVE('',#4051,#4052,#495,.T.);
#5003=EDGE_CURVE('',#4052,#4053,#2039,.T.);
#5004=EDGE_CURVE('',#4053,#4054,#496,.T.);
#5005=EDGE_CURVE('',#4054,#4047,#2040,.T.);
#5006=EDGE_CURVE('',#4055,#4056,#497,.T.);
#5007=EDGE_CURVE('',#4056,#4057,#2041,.T.);
#5008=EDGE_CURVE('',#4057,#4058,#498,.T.);
#5009=EDGE_CURVE('',#4058,#4059,#2042,.T.);
#5010=EDGE_CURVE('',#4059,#4060,#499,.T.);
#5011=EDGE_CURVE('',#4060,#4061,#2043,.T.);
#5012=EDGE_CURVE('',#4061,#4062,#500,.T.);
#5013=EDGE_CURVE('',#4062,#4055,#2044,.T.);
#5014=EDGE_CURVE('',#4063,#4064,#501,.T.);
#5015=EDGE_CURVE('',#4064,#4065,#2045,.T.);
#5016=EDGE_CURVE('',#4065,#4066,#502,.T.);
#5017=EDGE_CURVE('',#4066,#4067,#2046,.T.);
#5018=EDGE_CURVE('',#4067,#4068,#503,.T.);
#5019=EDGE_CURVE('',#4068,#4069,#2047,.T.);
#5020=EDGE_CURVE('',#4069,#4070,#504,.T.);
#5021=EDGE_CURVE('',#4070,#4063,#2048,.T.);
#5022=EDGE_CURVE('',#4071,#4072,#505,.T.);
#5023=EDGE_CURVE('',#4072,#4073,#2049,.T.);
#5024=EDGE_CURVE('',#4073,#4074,#506,.T.);
#5025=EDGE_CURVE('',#4074,#4075,#2050,.T.);
#5026=EDGE_CURVE('',#4075,#4076,#507,.T.);
#5027=EDGE_CURVE('',#4076,#4077,#2051,.T.);
#5028=EDGE_CURVE('',#4077,#4078,#508,.T.);
#5029=EDGE_CURVE('',#4078,#4071,#2052,.T.);
#5030=EDGE_CURVE('',#4079,#4080,#509,.T.);
#5031=EDGE_CURVE('',#4080,#4081,#2053,.T.);
#5032=EDGE_CURVE('',#4081,#4082,#510,.T.);
#5033=EDGE_CURVE('',#4082,#4083,#2054,.T.);
#5034=EDGE_CURVE('',#4083,#4084,#511,.T.);
#5035=EDGE_CURVE('',#4084,#4085,#2055,.T.);
#5036=EDGE_CURVE('',#4085,#4086,#512,.T.);
#5037=EDGE_CURVE('',#4086,#4079,#2056,.T.);
#5038=EDGE_CURVE('',#4087,#4088,#513,.T.);
#5039=EDGE_CURVE('',#4088,#4089,#2057,.T.);
#5040=EDGE_CURVE('',#4089,#4090,#514,.T.);
#5041=EDGE_CURVE('',#4090,#4091,#2058,.T.);
#5042=EDGE_CURVE('',#4091,#4092,#515,.T.);
#5043=EDGE_CURVE('',#4092,#4093,#2059,.T.);
#5044=EDGE_CURVE('',#4093,#4094,#516,.T.);
#5045=EDGE_CURVE('',#4094,#4087,#2060,.T.);
#5046=EDGE_CURVE('',#4095,#4096,#517,.T.);
#5047=EDGE_CURVE('',#4096,#4097,#2061,.T.);
#5048=EDGE_CURVE('',#4097,#4098,#518,.T.);
#5049=EDGE_CURVE('',#4098,#4099,#2062,.T.);
#5050=EDGE_CURVE('',#4099,#4100,#519,.T.);
#5051=EDGE_CURVE('',#4100,#4101,#2063,.T.);
#5052=EDGE_CURVE('',#4101,#4102,#520,.T.);
#5053=EDGE_CURVE('',#4102,#4095,#2064,.T.);
#5054=EDGE_CURVE('',#4103,#4104,#521,.T.);
#5055=EDGE_CURVE('',#4104,#4105,#2065,.T.);
#5056=EDGE_CURVE('',#4105,#4106,#522,.T.);
#5057=EDGE_CURVE('',#4106,#4107,#2066,.T.);
#5058=EDGE_CURVE('',#4107,#4108,#523,.T.);
#5059=EDGE_CURVE('',#4108,#4109,#2067,.T.);
#5060=EDGE_CURVE('',#4109,#4110,#524,.T.);
#5061=EDGE_CURVE('',#4110,#4103,#2068,.T.);
#5062=EDGE_CURVE('',#4111,#4112,#525,.T.);
#5063=EDGE_CURVE('',#4112,#4113,#2069,.T.);
#5064=EDGE_CURVE('',#4113,#4114,#526,.T.);
#5065=EDGE_CURVE('',#4114,#4115,#2070,.T.);
#5066=EDGE_CURVE('',#4115,#4116,#527,.T.);
#5067=EDGE_CURVE('',#4116,#4117,#2071,.T.);
#5068=EDGE_CURVE('',#4117,#4118,#528,.T.);
#5069=EDGE_CURVE('',#4118,#4111,#2072,.T.);
#5070=EDGE_CURVE('',#4119,#4120,#529,.T.);
#5071=EDGE_CURVE('',#4120,#4121,#2073,.T.);
#5072=EDGE_CURVE('',#4121,#4122,#530,.T.);
#5073=EDGE_CURVE('',#4122,#4123,#2074,.T.);
#5074=EDGE_CURVE('',#4123,#4124,#531,.T.);
#5075=EDGE_CURVE('',#4124,#4125,#2075,.T.);
#5076=EDGE_CURVE('',#4125,#4126,#532,.T.);
#5077=EDGE_CURVE('',#4126,#4119,#2076,.T.);
#5078=EDGE_CURVE('',#4127,#4128,#533,.T.);
#5079=EDGE_CURVE('',#4128,#4129,#2077,.T.);
#5080=EDGE_CURVE('',#4129,#4130,#534,.T.);
#5081=EDGE_CURVE('',#4130,#4131,#2078,.T.);
#5082=EDGE_CURVE('',#4131,#4132,#535,.T.);
#5083=EDGE_CURVE('',#4132,#4133,#2079,.T.);
#5084=EDGE_CURVE('',#4133,#4134,#536,.T.);
#5085=EDGE_CURVE('',#4134,#4127,#2080,.T.);
#5086=EDGE_CURVE('',#4135,#4136,#537,.T.);
#5087=EDGE_CURVE('',#4136,#4137,#2081,.T.);
#5088=EDGE_CURVE('',#4137,#4138,#538,.T.);
#5089=EDGE_CURVE('',#4138,#4139,#2082,.T.);
#5090=EDGE_CURVE('',#4139,#4140,#539,.T.);
#5091=EDGE_CURVE('',#4140,#4141,#2083,.T.);
#5092=EDGE_CURVE('',#4141,#4142,#540,.T.);
#5093=EDGE_CURVE('',#4142,#4135,#2084,.T.);
#5094=EDGE_CURVE('',#4143,#4144,#541,.T.);
#5095=EDGE_CURVE('',#4144,#4145,#2085,.T.);
#5096=EDGE_CURVE('',#4145,#4146,#542,.T.);
#5097=EDGE_CURVE('',#4146,#4147,#2086,.T.);
#5098=EDGE_CURVE('',#4147,#4148,#543,.T.);
#5099=EDGE_CURVE('',#4148,#4149,#2087,.T.);
#5100=EDGE_CURVE('',#4149,#4150,#544,.T.);
#5101=EDGE_CURVE('',#4150,#4143,#2088,.T.);
#5102=EDGE_CURVE('',#4151,#4152,#545,.T.);
#5103=EDGE_CURVE('',#4152,#4153,#2089,.T.);
#5104=EDGE_CURVE('',#4153,#4154,#546,.T.);
#5105=EDGE_CURVE('',#4154,#4155,#2090,.T.);
#5106=EDGE_CURVE('',#4155,#4156,#547,.T.);
#5107=EDGE_CURVE('',#4156,#4157,#2091,.T.);
#5108=EDGE_CURVE('',#4157,#4158,#548,.T.);
#5109=EDGE_CURVE('',#4158,#4151,#2092,.T.);
#5110=EDGE_CURVE('',#4159,#4160,#549,.T.);
#5111=EDGE_CURVE('',#4160,#4161,#2093,.T.);
#5112=EDGE_CURVE('',#4161,#4162,#550,.T.);
#5113=EDGE_CURVE('',#4162,#4163,#2094,.T.);
#5114=EDGE_CURVE('',#4163,#4164,#551,.T.);
#5115=EDGE_CURVE('',#4164,#4165,#2095,.T.);
#5116=EDGE_CURVE('',#4165,#4166,#552,.T.);
#5117=EDGE_CURVE('',#4166,#4159,#2096,.T.);
#5118=EDGE_CURVE('',#4167,#4168,#553,.T.);
#5119=EDGE_CURVE('',#4168,#4169,#2097,.T.);
#5120=EDGE_CURVE('',#4169,#4170,#554,.T.);
#5121=EDGE_CURVE('',#4170,#4171,#2098,.T.);
#5122=EDGE_CURVE('',#4171,#4172,#555,.T.);
#5123=EDGE_CURVE('',#4172,#4173,#2099,.T.);
#5124=EDGE_CURVE('',#4173,#4174,#556,.T.);
#5125=EDGE_CURVE('',#4174,#4167,#2100,.T.);
#5126=EDGE_CURVE('',#4175,#4176,#557,.T.);
#5127=EDGE_CURVE('',#4176,#4177,#2101,.T.);
#5128=EDGE_CURVE('',#4177,#4178,#558,.T.);
#5129=EDGE_CURVE('',#4178,#4179,#2102,.T.);
#5130=EDGE_CURVE('',#4179,#4180,#559,.T.);
#5131=EDGE_CURVE('',#4180,#4181,#2103,.T.);
#5132=EDGE_CURVE('',#4181,#4182,#560,.T.);
#5133=EDGE_CURVE('',#4182,#4175,#2104,.T.);
#5134=EDGE_CURVE('',#4183,#4184,#561,.T.);
#5135=EDGE_CURVE('',#4184,#4185,#2105,.T.);
#5136=EDGE_CURVE('',#4185,#4186,#562,.T.);
#5137=EDGE_CURVE('',#4186,#4187,#2106,.T.);
#5138=EDGE_CURVE('',#4187,#4188,#563,.T.);
#5139=EDGE_CURVE('',#4188,#4189,#2107,.T.);
#5140=EDGE_CURVE('',#4189,#4190,#564,.T.);
#5141=EDGE_CURVE('',#4190,#4183,#2108,.T.);
#5142=EDGE_CURVE('',#4191,#4192,#565,.T.);
#5143=EDGE_CURVE('',#4192,#4193,#2109,.T.);
#5144=EDGE_CURVE('',#4193,#4194,#566,.T.);
#5145=EDGE_CURVE('',#4194,#4195,#2110,.T.);
#5146=EDGE_CURVE('',#4195,#4196,#567,.T.);
#5147=EDGE_CURVE('',#4196,#4197,#2111,.T.);
#5148=EDGE_CURVE('',#4197,#4198,#568,.T.);
#5149=EDGE_CURVE('',#4198,#4191,#2112,.T.);
#5150=EDGE_CURVE('',#4199,#4200,#569,.T.);
#5151=EDGE_CURVE('',#4200,#4201,#2113,.T.);
#5152=EDGE_CURVE('',#4201,#4202,#570,.T.);
#5153=EDGE_CURVE('',#4202,#4203,#2114,.T.);
#5154=EDGE_CURVE('',#4203,#4204,#571,.T.);
#5155=EDGE_CURVE('',#4204,#4205,#2115,.T.);
#5156=EDGE_CURVE('',#4205,#4206,#572,.T.);
#5157=EDGE_CURVE('',#4206,#4199,#2116,.T.);
#5158=EDGE_CURVE('',#4207,#4208,#2117,.T.);
#5159=EDGE_CURVE('',#4209,#4207,#2118,.T.);
#5160=EDGE_CURVE('',#4210,#4209,#2119,.T.);
#5161=EDGE_CURVE('',#4208,#4210,#2120,.T.);
#5162=EDGE_CURVE('',#3738,#4211,#2121,.T.);
#5163=EDGE_CURVE('',#4211,#4212,#573,.T.);
#5164=EDGE_CURVE('',#4212,#4213,#2122,.T.);
#5165=EDGE_CURVE('',#4213,#3765,#574,.T.);
#5166=EDGE_CURVE('',#3744,#4214,#2123,.T.);
#5167=EDGE_CURVE('',#4214,#4215,#575,.T.);
#5168=EDGE_CURVE('',#4215,#4216,#2124,.T.);
#5169=EDGE_CURVE('',#4216,#3767,#576,.T.);
#5170=EDGE_CURVE('',#3748,#4217,#2125,.T.);
#5171=EDGE_CURVE('',#4217,#4218,#577,.T.);
#5172=EDGE_CURVE('',#4218,#4219,#2126,.T.);
#5173=EDGE_CURVE('',#4219,#3769,#578,.T.);
#5174=EDGE_CURVE('',#3752,#4220,#2127,.T.);
#5175=EDGE_CURVE('',#4220,#4221,#579,.T.);
#5176=EDGE_CURVE('',#4221,#4222,#2128,.T.);
#5177=EDGE_CURVE('',#4222,#3778,#580,.T.);
#5178=EDGE_CURVE('',#3756,#4223,#2129,.T.);
#5179=EDGE_CURVE('',#4223,#4224,#581,.T.);
#5180=EDGE_CURVE('',#4224,#4225,#2130,.T.);
#5181=EDGE_CURVE('',#4225,#3763,#582,.T.);
#5182=EDGE_CURVE('',#4226,#4227,#583,.T.);
#5183=EDGE_CURVE('',#4227,#4228,#2131,.T.);
#5184=EDGE_CURVE('',#4228,#4229,#584,.T.);
#5185=EDGE_CURVE('',#4229,#4230,#2132,.T.);
#5186=EDGE_CURVE('',#4230,#4231,#585,.T.);
#5187=EDGE_CURVE('',#4231,#4232,#2133,.T.);
#5188=EDGE_CURVE('',#4232,#4233,#586,.T.);
#5189=EDGE_CURVE('',#4233,#4226,#2134,.T.);
#5190=EDGE_CURVE('',#4234,#4235,#587,.T.);
#5191=EDGE_CURVE('',#4235,#4236,#2135,.T.);
#5192=EDGE_CURVE('',#4236,#4237,#588,.T.);
#5193=EDGE_CURVE('',#4237,#4238,#2136,.T.);
#5194=EDGE_CURVE('',#4238,#4239,#589,.T.);
#5195=EDGE_CURVE('',#4239,#4240,#2137,.T.);
#5196=EDGE_CURVE('',#4240,#4241,#590,.T.);
#5197=EDGE_CURVE('',#4241,#4234,#2138,.T.);
#5198=EDGE_CURVE('',#4242,#4243,#591,.T.);
#5199=EDGE_CURVE('',#4243,#4244,#2139,.T.);
#5200=EDGE_CURVE('',#4244,#4245,#592,.T.);
#5201=EDGE_CURVE('',#4245,#4246,#2140,.T.);
#5202=EDGE_CURVE('',#4246,#4247,#593,.T.);
#5203=EDGE_CURVE('',#4247,#4248,#2141,.T.);
#5204=EDGE_CURVE('',#4248,#4249,#594,.T.);
#5205=EDGE_CURVE('',#4249,#4242,#2142,.T.);
#5206=EDGE_CURVE('',#4250,#4251,#595,.T.);
#5207=EDGE_CURVE('',#4251,#4252,#2143,.T.);
#5208=EDGE_CURVE('',#4252,#4253,#596,.T.);
#5209=EDGE_CURVE('',#4253,#4254,#2144,.T.);
#5210=EDGE_CURVE('',#4254,#4255,#597,.T.);
#5211=EDGE_CURVE('',#4255,#4256,#2145,.T.);
#5212=EDGE_CURVE('',#4256,#4257,#598,.T.);
#5213=EDGE_CURVE('',#4257,#4250,#2146,.T.);
#5214=EDGE_CURVE('',#4258,#4259,#599,.T.);
#5215=EDGE_CURVE('',#4259,#4260,#2147,.T.);
#5216=EDGE_CURVE('',#4260,#4261,#600,.T.);
#5217=EDGE_CURVE('',#4261,#4262,#2148,.T.);
#5218=EDGE_CURVE('',#4262,#4263,#601,.T.);
#5219=EDGE_CURVE('',#4263,#4264,#2149,.T.);
#5220=EDGE_CURVE('',#4264,#4265,#602,.T.);
#5221=EDGE_CURVE('',#4265,#4258,#2150,.T.);
#5222=EDGE_CURVE('',#4266,#4267,#603,.T.);
#5223=EDGE_CURVE('',#4267,#4268,#2151,.T.);
#5224=EDGE_CURVE('',#4268,#4269,#604,.T.);
#5225=EDGE_CURVE('',#4269,#4270,#2152,.T.);
#5226=EDGE_CURVE('',#4270,#4271,#605,.T.);
#5227=EDGE_CURVE('',#4271,#4272,#2153,.T.);
#5228=EDGE_CURVE('',#4272,#4273,#606,.T.);
#5229=EDGE_CURVE('',#4273,#4266,#2154,.T.);
#5230=EDGE_CURVE('',#4274,#4275,#607,.T.);
#5231=EDGE_CURVE('',#4275,#4276,#2155,.T.);
#5232=EDGE_CURVE('',#4276,#4277,#608,.T.);
#5233=EDGE_CURVE('',#4277,#4278,#2156,.T.);
#5234=EDGE_CURVE('',#4278,#4279,#609,.T.);
#5235=EDGE_CURVE('',#4279,#4280,#2157,.T.);
#5236=EDGE_CURVE('',#4280,#4281,#610,.T.);
#5237=EDGE_CURVE('',#4281,#4274,#2158,.T.);
#5238=EDGE_CURVE('',#4282,#4283,#611,.T.);
#5239=EDGE_CURVE('',#4283,#4284,#2159,.T.);
#5240=EDGE_CURVE('',#4284,#4285,#612,.T.);
#5241=EDGE_CURVE('',#4285,#4286,#2160,.T.);
#5242=EDGE_CURVE('',#4286,#4287,#613,.T.);
#5243=EDGE_CURVE('',#4287,#4288,#2161,.T.);
#5244=EDGE_CURVE('',#4288,#4289,#614,.T.);
#5245=EDGE_CURVE('',#4289,#4282,#2162,.T.);
#5246=EDGE_CURVE('',#4290,#4291,#615,.T.);
#5247=EDGE_CURVE('',#4291,#4292,#2163,.T.);
#5248=EDGE_CURVE('',#4292,#4293,#616,.T.);
#5249=EDGE_CURVE('',#4293,#4294,#2164,.T.);
#5250=EDGE_CURVE('',#4294,#4295,#617,.T.);
#5251=EDGE_CURVE('',#4295,#4296,#2165,.T.);
#5252=EDGE_CURVE('',#4296,#4297,#618,.T.);
#5253=EDGE_CURVE('',#4297,#4290,#2166,.T.);
#5254=EDGE_CURVE('',#4298,#4299,#619,.T.);
#5255=EDGE_CURVE('',#4299,#4300,#2167,.T.);
#5256=EDGE_CURVE('',#4300,#4301,#620,.T.);
#5257=EDGE_CURVE('',#4301,#4302,#2168,.T.);
#5258=EDGE_CURVE('',#4302,#4303,#621,.T.);
#5259=EDGE_CURVE('',#4303,#4304,#2169,.T.);
#5260=EDGE_CURVE('',#4304,#4305,#622,.T.);
#5261=EDGE_CURVE('',#4305,#4298,#2170,.T.);
#5262=EDGE_CURVE('',#4306,#4307,#623,.T.);
#5263=EDGE_CURVE('',#4307,#4308,#2171,.T.);
#5264=EDGE_CURVE('',#4308,#4309,#624,.T.);
#5265=EDGE_CURVE('',#4309,#4310,#2172,.T.);
#5266=EDGE_CURVE('',#4310,#4311,#625,.T.);
#5267=EDGE_CURVE('',#4311,#4312,#2173,.T.);
#5268=EDGE_CURVE('',#4312,#4313,#626,.T.);
#5269=EDGE_CURVE('',#4313,#4306,#2174,.T.);
#5270=EDGE_CURVE('',#4314,#4315,#627,.T.);
#5271=EDGE_CURVE('',#4315,#4316,#2175,.T.);
#5272=EDGE_CURVE('',#4316,#4317,#628,.T.);
#5273=EDGE_CURVE('',#4317,#4318,#2176,.T.);
#5274=EDGE_CURVE('',#4318,#4319,#629,.T.);
#5275=EDGE_CURVE('',#4319,#4320,#2177,.T.);
#5276=EDGE_CURVE('',#4320,#4321,#630,.T.);
#5277=EDGE_CURVE('',#4321,#4314,#2178,.T.);
#5278=EDGE_CURVE('',#4322,#4323,#631,.T.);
#5279=EDGE_CURVE('',#4323,#4324,#2179,.T.);
#5280=EDGE_CURVE('',#4324,#4325,#632,.T.);
#5281=EDGE_CURVE('',#4325,#4326,#2180,.T.);
#5282=EDGE_CURVE('',#4326,#4327,#633,.T.);
#5283=EDGE_CURVE('',#4327,#4328,#2181,.T.);
#5284=EDGE_CURVE('',#4328,#4329,#634,.T.);
#5285=EDGE_CURVE('',#4329,#4322,#2182,.T.);
#5286=EDGE_CURVE('',#4330,#4331,#635,.T.);
#5287=EDGE_CURVE('',#4331,#4332,#2183,.T.);
#5288=EDGE_CURVE('',#4332,#4333,#636,.T.);
#5289=EDGE_CURVE('',#4333,#4334,#2184,.T.);
#5290=EDGE_CURVE('',#4334,#4335,#637,.T.);
#5291=EDGE_CURVE('',#4335,#4336,#2185,.T.);
#5292=EDGE_CURVE('',#4336,#4337,#638,.T.);
#5293=EDGE_CURVE('',#4337,#4330,#2186,.T.);
#5294=EDGE_CURVE('',#4338,#4339,#639,.T.);
#5295=EDGE_CURVE('',#4339,#4340,#2187,.T.);
#5296=EDGE_CURVE('',#4340,#4341,#640,.T.);
#5297=EDGE_CURVE('',#4341,#4342,#2188,.T.);
#5298=EDGE_CURVE('',#4342,#4343,#641,.T.);
#5299=EDGE_CURVE('',#4343,#4344,#2189,.T.);
#5300=EDGE_CURVE('',#4344,#4345,#642,.T.);
#5301=EDGE_CURVE('',#4345,#4338,#2190,.T.);
#5302=EDGE_CURVE('',#4346,#4347,#643,.T.);
#5303=EDGE_CURVE('',#4347,#4348,#2191,.T.);
#5304=EDGE_CURVE('',#4348,#4349,#644,.T.);
#5305=EDGE_CURVE('',#4349,#4350,#2192,.T.);
#5306=EDGE_CURVE('',#4350,#4351,#645,.T.);
#5307=EDGE_CURVE('',#4351,#4352,#2193,.T.);
#5308=EDGE_CURVE('',#4352,#4353,#646,.T.);
#5309=EDGE_CURVE('',#4353,#4346,#2194,.T.);
#5310=EDGE_CURVE('',#4354,#4355,#647,.T.);
#5311=EDGE_CURVE('',#4355,#4356,#2195,.T.);
#5312=EDGE_CURVE('',#4356,#4357,#648,.T.);
#5313=EDGE_CURVE('',#4357,#4358,#2196,.T.);
#5314=EDGE_CURVE('',#4358,#4359,#649,.T.);
#5315=EDGE_CURVE('',#4359,#4360,#2197,.T.);
#5316=EDGE_CURVE('',#4360,#4361,#650,.T.);
#5317=EDGE_CURVE('',#4361,#4354,#2198,.T.);
#5318=EDGE_CURVE('',#4362,#4363,#651,.T.);
#5319=EDGE_CURVE('',#4363,#4364,#2199,.T.);
#5320=EDGE_CURVE('',#4364,#4365,#652,.T.);
#5321=EDGE_CURVE('',#4365,#4366,#2200,.T.);
#5322=EDGE_CURVE('',#4366,#4367,#653,.T.);
#5323=EDGE_CURVE('',#4367,#4368,#2201,.T.);
#5324=EDGE_CURVE('',#4368,#4369,#654,.T.);
#5325=EDGE_CURVE('',#4369,#4362,#2202,.T.);
#5326=EDGE_CURVE('',#4370,#4371,#655,.T.);
#5327=EDGE_CURVE('',#4371,#4372,#2203,.T.);
#5328=EDGE_CURVE('',#4372,#4373,#656,.T.);
#5329=EDGE_CURVE('',#4373,#4374,#2204,.T.);
#5330=EDGE_CURVE('',#4374,#4375,#657,.T.);
#5331=EDGE_CURVE('',#4375,#4376,#2205,.T.);
#5332=EDGE_CURVE('',#4376,#4377,#658,.T.);
#5333=EDGE_CURVE('',#4377,#4370,#2206,.T.);
#5334=EDGE_CURVE('',#4378,#4379,#659,.T.);
#5335=EDGE_CURVE('',#4379,#4380,#2207,.T.);
#5336=EDGE_CURVE('',#4380,#4381,#660,.T.);
#5337=EDGE_CURVE('',#4381,#4382,#2208,.T.);
#5338=EDGE_CURVE('',#4382,#4383,#661,.T.);
#5339=EDGE_CURVE('',#4383,#4384,#2209,.T.);
#5340=EDGE_CURVE('',#4384,#4385,#662,.T.);
#5341=EDGE_CURVE('',#4385,#4378,#2210,.T.);
#5342=EDGE_CURVE('',#4386,#4387,#663,.T.);
#5343=EDGE_CURVE('',#4387,#4388,#2211,.T.);
#5344=EDGE_CURVE('',#4388,#4389,#664,.T.);
#5345=EDGE_CURVE('',#4389,#4390,#2212,.T.);
#5346=EDGE_CURVE('',#4390,#4391,#665,.T.);
#5347=EDGE_CURVE('',#4391,#4392,#2213,.T.);
#5348=EDGE_CURVE('',#4392,#4393,#666,.T.);
#5349=EDGE_CURVE('',#4393,#4386,#2214,.T.);
#5350=EDGE_CURVE('',#4394,#4395,#667,.T.);
#5351=EDGE_CURVE('',#4395,#4396,#2215,.T.);
#5352=EDGE_CURVE('',#4396,#4397,#668,.T.);
#5353=EDGE_CURVE('',#4397,#4398,#2216,.T.);
#5354=EDGE_CURVE('',#4398,#4399,#669,.T.);
#5355=EDGE_CURVE('',#4399,#4400,#2217,.T.);
#5356=EDGE_CURVE('',#4400,#4401,#670,.T.);
#5357=EDGE_CURVE('',#4401,#4394,#2218,.T.);
#5358=EDGE_CURVE('',#4402,#4403,#671,.T.);
#5359=EDGE_CURVE('',#4403,#4404,#2219,.T.);
#5360=EDGE_CURVE('',#4404,#4405,#672,.T.);
#5361=EDGE_CURVE('',#4405,#4406,#2220,.T.);
#5362=EDGE_CURVE('',#4406,#4407,#673,.T.);
#5363=EDGE_CURVE('',#4407,#4408,#2221,.T.);
#5364=EDGE_CURVE('',#4408,#4409,#674,.T.);
#5365=EDGE_CURVE('',#4409,#4402,#2222,.T.);
#5366=EDGE_CURVE('',#4410,#4411,#675,.T.);
#5367=EDGE_CURVE('',#4411,#4412,#2223,.T.);
#5368=EDGE_CURVE('',#4412,#4413,#676,.T.);
#5369=EDGE_CURVE('',#4413,#4414,#2224,.T.);
#5370=EDGE_CURVE('',#4414,#4415,#677,.T.);
#5371=EDGE_CURVE('',#4415,#4416,#2225,.T.);
#5372=EDGE_CURVE('',#4416,#4417,#678,.T.);
#5373=EDGE_CURVE('',#4417,#4410,#2226,.T.);
#5374=EDGE_CURVE('',#4418,#4419,#679,.T.);
#5375=EDGE_CURVE('',#4419,#4420,#2227,.T.);
#5376=EDGE_CURVE('',#4420,#4421,#680,.T.);
#5377=EDGE_CURVE('',#4421,#4422,#2228,.T.);
#5378=EDGE_CURVE('',#4422,#4423,#681,.T.);
#5379=EDGE_CURVE('',#4423,#4424,#2229,.T.);
#5380=EDGE_CURVE('',#4424,#4425,#682,.T.);
#5381=EDGE_CURVE('',#4425,#4418,#2230,.T.);
#5382=EDGE_CURVE('',#4426,#4427,#683,.T.);
#5383=EDGE_CURVE('',#4427,#4428,#2231,.T.);
#5384=EDGE_CURVE('',#4428,#4429,#684,.T.);
#5385=EDGE_CURVE('',#4429,#4430,#2232,.T.);
#5386=EDGE_CURVE('',#4430,#4431,#685,.T.);
#5387=EDGE_CURVE('',#4431,#4432,#2233,.T.);
#5388=EDGE_CURVE('',#4432,#4433,#686,.T.);
#5389=EDGE_CURVE('',#4433,#4426,#2234,.T.);
#5390=EDGE_CURVE('',#4434,#4435,#687,.T.);
#5391=EDGE_CURVE('',#4435,#4436,#2235,.T.);
#5392=EDGE_CURVE('',#4436,#4437,#688,.T.);
#5393=EDGE_CURVE('',#4437,#4438,#2236,.T.);
#5394=EDGE_CURVE('',#4438,#4439,#689,.T.);
#5395=EDGE_CURVE('',#4439,#4440,#2237,.T.);
#5396=EDGE_CURVE('',#4440,#4441,#690,.T.);
#5397=EDGE_CURVE('',#4441,#4434,#2238,.T.);
#5398=EDGE_CURVE('',#4442,#4443,#691,.T.);
#5399=EDGE_CURVE('',#4443,#4444,#2239,.T.);
#5400=EDGE_CURVE('',#4444,#4445,#692,.T.);
#5401=EDGE_CURVE('',#4445,#4446,#2240,.T.);
#5402=EDGE_CURVE('',#4446,#4447,#693,.T.);
#5403=EDGE_CURVE('',#4447,#4448,#2241,.T.);
#5404=EDGE_CURVE('',#4448,#4449,#694,.T.);
#5405=EDGE_CURVE('',#4449,#4442,#2242,.T.);
#5406=EDGE_CURVE('',#4450,#4451,#695,.T.);
#5407=EDGE_CURVE('',#4451,#4452,#2243,.T.);
#5408=EDGE_CURVE('',#4452,#4453,#696,.T.);
#5409=EDGE_CURVE('',#4453,#4454,#2244,.T.);
#5410=EDGE_CURVE('',#4454,#4455,#697,.T.);
#5411=EDGE_CURVE('',#4455,#4456,#2245,.T.);
#5412=EDGE_CURVE('',#4456,#4457,#698,.T.);
#5413=EDGE_CURVE('',#4457,#4450,#2246,.T.);
#5414=EDGE_CURVE('',#4458,#4459,#699,.T.);
#5415=EDGE_CURVE('',#4459,#4460,#2247,.T.);
#5416=EDGE_CURVE('',#4460,#4461,#700,.T.);
#5417=EDGE_CURVE('',#4461,#4462,#2248,.T.);
#5418=EDGE_CURVE('',#4462,#4463,#701,.T.);
#5419=EDGE_CURVE('',#4463,#4464,#2249,.T.);
#5420=EDGE_CURVE('',#4464,#4465,#702,.T.);
#5421=EDGE_CURVE('',#4465,#4458,#2250,.T.);
#5422=EDGE_CURVE('',#4466,#4467,#703,.T.);
#5423=EDGE_CURVE('',#4467,#4468,#2251,.T.);
#5424=EDGE_CURVE('',#4468,#4469,#704,.T.);
#5425=EDGE_CURVE('',#4469,#4470,#2252,.T.);
#5426=EDGE_CURVE('',#4470,#4471,#705,.T.);
#5427=EDGE_CURVE('',#4471,#4472,#2253,.T.);
#5428=EDGE_CURVE('',#4472,#4473,#706,.T.);
#5429=EDGE_CURVE('',#4473,#4466,#2254,.T.);
#5430=EDGE_CURVE('',#4474,#4475,#707,.T.);
#5431=EDGE_CURVE('',#4475,#4476,#2255,.T.);
#5432=EDGE_CURVE('',#4476,#4477,#708,.T.);
#5433=EDGE_CURVE('',#4477,#4478,#2256,.T.);
#5434=EDGE_CURVE('',#4478,#4479,#709,.T.);
#5435=EDGE_CURVE('',#4479,#4480,#2257,.T.);
#5436=EDGE_CURVE('',#4480,#4481,#710,.T.);
#5437=EDGE_CURVE('',#4481,#4474,#2258,.T.);
#5438=EDGE_CURVE('',#4482,#4483,#711,.T.);
#5439=EDGE_CURVE('',#4483,#4484,#2259,.T.);
#5440=EDGE_CURVE('',#4484,#4485,#712,.T.);
#5441=EDGE_CURVE('',#4485,#4486,#2260,.T.);
#5442=EDGE_CURVE('',#4486,#4487,#713,.T.);
#5443=EDGE_CURVE('',#4487,#4488,#2261,.T.);
#5444=EDGE_CURVE('',#4488,#4489,#714,.T.);
#5445=EDGE_CURVE('',#4489,#4482,#2262,.T.);
#5446=EDGE_CURVE('',#4490,#4491,#715,.T.);
#5447=EDGE_CURVE('',#4491,#4492,#2263,.T.);
#5448=EDGE_CURVE('',#4492,#4493,#716,.T.);
#5449=EDGE_CURVE('',#4493,#4494,#2264,.T.);
#5450=EDGE_CURVE('',#4494,#4495,#717,.T.);
#5451=EDGE_CURVE('',#4495,#4496,#2265,.T.);
#5452=EDGE_CURVE('',#4496,#4497,#718,.T.);
#5453=EDGE_CURVE('',#4497,#4490,#2266,.T.);
#5454=EDGE_CURVE('',#4498,#4499,#719,.T.);
#5455=EDGE_CURVE('',#4499,#4500,#2267,.T.);
#5456=EDGE_CURVE('',#4500,#4501,#720,.T.);
#5457=EDGE_CURVE('',#4501,#4502,#2268,.T.);
#5458=EDGE_CURVE('',#4502,#4503,#721,.T.);
#5459=EDGE_CURVE('',#4503,#4504,#2269,.T.);
#5460=EDGE_CURVE('',#4504,#4505,#722,.T.);
#5461=EDGE_CURVE('',#4505,#4498,#2270,.T.);
#5462=EDGE_CURVE('',#4506,#4507,#723,.T.);
#5463=EDGE_CURVE('',#4507,#4508,#2271,.T.);
#5464=EDGE_CURVE('',#4508,#4509,#724,.T.);
#5465=EDGE_CURVE('',#4509,#4510,#2272,.T.);
#5466=EDGE_CURVE('',#4510,#4511,#725,.T.);
#5467=EDGE_CURVE('',#4511,#4512,#2273,.T.);
#5468=EDGE_CURVE('',#4512,#4513,#726,.T.);
#5469=EDGE_CURVE('',#4513,#4506,#2274,.T.);
#5470=EDGE_CURVE('',#4514,#4515,#727,.T.);
#5471=EDGE_CURVE('',#4515,#4516,#2275,.T.);
#5472=EDGE_CURVE('',#4516,#4517,#728,.T.);
#5473=EDGE_CURVE('',#4517,#4518,#2276,.T.);
#5474=EDGE_CURVE('',#4518,#4519,#729,.T.);
#5475=EDGE_CURVE('',#4519,#4520,#2277,.T.);
#5476=EDGE_CURVE('',#4520,#4521,#730,.T.);
#5477=EDGE_CURVE('',#4521,#4514,#2278,.T.);
#5478=EDGE_CURVE('',#4522,#4523,#731,.T.);
#5479=EDGE_CURVE('',#4523,#4524,#2279,.T.);
#5480=EDGE_CURVE('',#4524,#4525,#732,.T.);
#5481=EDGE_CURVE('',#4525,#4526,#2280,.T.);
#5482=EDGE_CURVE('',#4526,#4527,#733,.T.);
#5483=EDGE_CURVE('',#4527,#4528,#2281,.T.);
#5484=EDGE_CURVE('',#4528,#4529,#734,.T.);
#5485=EDGE_CURVE('',#4529,#4522,#2282,.T.);
#5486=EDGE_CURVE('',#4530,#4531,#735,.T.);
#5487=EDGE_CURVE('',#4531,#4532,#2283,.T.);
#5488=EDGE_CURVE('',#4532,#4533,#736,.T.);
#5489=EDGE_CURVE('',#4533,#4534,#2284,.T.);
#5490=EDGE_CURVE('',#4534,#4535,#737,.T.);
#5491=EDGE_CURVE('',#4535,#4536,#2285,.T.);
#5492=EDGE_CURVE('',#4536,#4537,#738,.T.);
#5493=EDGE_CURVE('',#4537,#4530,#2286,.T.);
#5494=EDGE_CURVE('',#4538,#4539,#739,.T.);
#5495=EDGE_CURVE('',#4539,#4540,#2287,.T.);
#5496=EDGE_CURVE('',#4540,#4541,#740,.T.);
#5497=EDGE_CURVE('',#4541,#4542,#2288,.T.);
#5498=EDGE_CURVE('',#4542,#4543,#741,.T.);
#5499=EDGE_CURVE('',#4543,#4544,#2289,.T.);
#5500=EDGE_CURVE('',#4544,#4545,#742,.T.);
#5501=EDGE_CURVE('',#4545,#4538,#2290,.T.);
#5502=EDGE_CURVE('',#4546,#4547,#743,.T.);
#5503=EDGE_CURVE('',#4547,#4548,#2291,.T.);
#5504=EDGE_CURVE('',#4548,#4549,#744,.T.);
#5505=EDGE_CURVE('',#4549,#4550,#2292,.T.);
#5506=EDGE_CURVE('',#4550,#4551,#745,.T.);
#5507=EDGE_CURVE('',#4551,#4552,#2293,.T.);
#5508=EDGE_CURVE('',#4552,#4553,#746,.T.);
#5509=EDGE_CURVE('',#4553,#4546,#2294,.T.);
#5510=EDGE_CURVE('',#4554,#4555,#747,.T.);
#5511=EDGE_CURVE('',#4555,#4556,#2295,.T.);
#5512=EDGE_CURVE('',#4556,#4557,#748,.T.);
#5513=EDGE_CURVE('',#4557,#4558,#2296,.T.);
#5514=EDGE_CURVE('',#4558,#4559,#749,.T.);
#5515=EDGE_CURVE('',#4559,#4560,#2297,.T.);
#5516=EDGE_CURVE('',#4560,#4561,#750,.T.);
#5517=EDGE_CURVE('',#4561,#4554,#2298,.T.);
#5518=EDGE_CURVE('',#4562,#4563,#751,.T.);
#5519=EDGE_CURVE('',#4563,#4564,#2299,.T.);
#5520=EDGE_CURVE('',#4564,#4565,#752,.T.);
#5521=EDGE_CURVE('',#4565,#4566,#2300,.T.);
#5522=EDGE_CURVE('',#4566,#4567,#753,.T.);
#5523=EDGE_CURVE('',#4567,#4568,#2301,.T.);
#5524=EDGE_CURVE('',#4568,#4569,#754,.T.);
#5525=EDGE_CURVE('',#4569,#4562,#2302,.T.);
#5526=EDGE_CURVE('',#4570,#4571,#755,.T.);
#5527=EDGE_CURVE('',#4571,#4572,#2303,.T.);
#5528=EDGE_CURVE('',#4572,#4573,#756,.T.);
#5529=EDGE_CURVE('',#4573,#4574,#2304,.T.);
#5530=EDGE_CURVE('',#4574,#4575,#757,.T.);
#5531=EDGE_CURVE('',#4575,#4576,#2305,.T.);
#5532=EDGE_CURVE('',#4576,#4577,#758,.T.);
#5533=EDGE_CURVE('',#4577,#4570,#2306,.T.);
#5534=EDGE_CURVE('',#4578,#4579,#759,.T.);
#5535=EDGE_CURVE('',#4579,#4580,#2307,.T.);
#5536=EDGE_CURVE('',#4580,#4581,#760,.T.);
#5537=EDGE_CURVE('',#4581,#4582,#2308,.T.);
#5538=EDGE_CURVE('',#4582,#4583,#761,.T.);
#5539=EDGE_CURVE('',#4583,#4584,#2309,.T.);
#5540=EDGE_CURVE('',#4584,#4585,#762,.T.);
#5541=EDGE_CURVE('',#4585,#4578,#2310,.T.);
#5542=EDGE_CURVE('',#4586,#4587,#763,.T.);
#5543=EDGE_CURVE('',#4587,#4588,#2311,.T.);
#5544=EDGE_CURVE('',#4588,#4589,#764,.T.);
#5545=EDGE_CURVE('',#4589,#4590,#2312,.T.);
#5546=EDGE_CURVE('',#4590,#4591,#765,.T.);
#5547=EDGE_CURVE('',#4591,#4592,#2313,.T.);
#5548=EDGE_CURVE('',#4592,#4593,#766,.T.);
#5549=EDGE_CURVE('',#4593,#4586,#2314,.T.);
#5550=EDGE_CURVE('',#4594,#4595,#767,.T.);
#5551=EDGE_CURVE('',#4595,#4596,#2315,.T.);
#5552=EDGE_CURVE('',#4596,#4597,#768,.T.);
#5553=EDGE_CURVE('',#4597,#4598,#2316,.T.);
#5554=EDGE_CURVE('',#4598,#4599,#769,.T.);
#5555=EDGE_CURVE('',#4599,#4600,#2317,.T.);
#5556=EDGE_CURVE('',#4600,#4601,#770,.T.);
#5557=EDGE_CURVE('',#4601,#4594,#2318,.T.);
#5558=EDGE_CURVE('',#4602,#4603,#771,.T.);
#5559=EDGE_CURVE('',#4603,#4604,#2319,.T.);
#5560=EDGE_CURVE('',#4604,#4605,#772,.T.);
#5561=EDGE_CURVE('',#4605,#4606,#2320,.T.);
#5562=EDGE_CURVE('',#4606,#4607,#773,.T.);
#5563=EDGE_CURVE('',#4607,#4608,#2321,.T.);
#5564=EDGE_CURVE('',#4608,#4609,#774,.T.);
#5565=EDGE_CURVE('',#4609,#4602,#2322,.T.);
#5566=EDGE_CURVE('',#4610,#4611,#775,.T.);
#5567=EDGE_CURVE('',#4611,#4612,#2323,.T.);
#5568=EDGE_CURVE('',#4612,#4613,#776,.T.);
#5569=EDGE_CURVE('',#4613,#4614,#2324,.T.);
#5570=EDGE_CURVE('',#4614,#4615,#777,.T.);
#5571=EDGE_CURVE('',#4615,#4616,#2325,.T.);
#5572=EDGE_CURVE('',#4616,#4617,#778,.T.);
#5573=EDGE_CURVE('',#4617,#4610,#2326,.T.);
#5574=EDGE_CURVE('',#4618,#4619,#779,.T.);
#5575=EDGE_CURVE('',#4619,#4620,#2327,.T.);
#5576=EDGE_CURVE('',#4620,#4621,#780,.T.);
#5577=EDGE_CURVE('',#4621,#4622,#2328,.T.);
#5578=EDGE_CURVE('',#4622,#4623,#781,.T.);
#5579=EDGE_CURVE('',#4623,#4624,#2329,.T.);
#5580=EDGE_CURVE('',#4624,#4625,#782,.T.);
#5581=EDGE_CURVE('',#4625,#4618,#2330,.T.);
#5582=EDGE_CURVE('',#4626,#4627,#783,.T.);
#5583=EDGE_CURVE('',#4627,#4628,#2331,.T.);
#5584=EDGE_CURVE('',#4628,#4629,#784,.T.);
#5585=EDGE_CURVE('',#4629,#4630,#2332,.T.);
#5586=EDGE_CURVE('',#4630,#4631,#785,.T.);
#5587=EDGE_CURVE('',#4631,#4632,#2333,.T.);
#5588=EDGE_CURVE('',#4632,#4633,#786,.T.);
#5589=EDGE_CURVE('',#4633,#4626,#2334,.T.);
#5590=EDGE_CURVE('',#4634,#4635,#2335,.T.);
#5591=EDGE_CURVE('',#4635,#4636,#2336,.T.);
#5592=EDGE_CURVE('',#4636,#4637,#2337,.T.);
#5593=EDGE_CURVE('',#4637,#4634,#2338,.T.);
#5594=EDGE_CURVE('',#4223,#3775,#2339,.T.);
#5595=EDGE_CURVE('',#3774,#4224,#2340,.T.);
#5596=EDGE_CURVE('',#4225,#3773,#2341,.T.);
#5597=EDGE_CURVE('',#4208,#4638,#16,.T.);
#5598=EDGE_CURVE('',#4639,#4638,#2342,.T.);
#5599=EDGE_CURVE('',#4207,#4639,#17,.T.);
#5600=EDGE_CURVE('',#4638,#4640,#2343,.T.);
#5601=EDGE_CURVE('',#4210,#4640,#18,.T.);
#5602=EDGE_CURVE('',#4640,#4641,#2344,.T.);
#5603=EDGE_CURVE('',#4209,#4641,#19,.T.);
#5604=EDGE_CURVE('',#4641,#4639,#2345,.T.);
#5605=EDGE_CURVE('',#4642,#4643,#2346,.F.);
#5606=EDGE_CURVE('',#4643,#4644,#2347,.F.);
#5607=EDGE_CURVE('',#4644,#4645,#2348,.F.);
#5608=EDGE_CURVE('',#4645,#4642,#2349,.F.);
#5609=EDGE_CURVE('',#4646,#4647,#2350,.T.);
#5610=EDGE_CURVE('',#4647,#4648,#787,.T.);
#5611=EDGE_CURVE('',#4648,#4649,#2351,.T.);
#5612=EDGE_CURVE('',#4649,#4650,#788,.T.);
#5613=EDGE_CURVE('',#4650,#4651,#2352,.T.);
#5614=EDGE_CURVE('',#4651,#4652,#789,.T.);
#5615=EDGE_CURVE('',#4652,#4653,#2353,.T.);
#5616=EDGE_CURVE('',#4653,#4646,#790,.T.);
#5617=EDGE_CURVE('',#4654,#4654,#791,.T.);
#5618=EDGE_CURVE('',#4655,#4655,#792,.T.);
#5619=EDGE_CURVE('',#4655,#3806,#793,.T.);
#5620=EDGE_CURVE('',#4656,#4656,#794,.T.);
#5621=EDGE_CURVE('',#4656,#4654,#2354,.T.);
#5622=EDGE_CURVE('',#4657,#4642,#2355,.F.);
#5623=EDGE_CURVE('',#4657,#4658,#2356,.T.);
#5624=EDGE_CURVE('',#4658,#4643,#2357,.T.);
#5625=EDGE_CURVE('',#4659,#4645,#2358,.T.);
#5626=EDGE_CURVE('',#4659,#4657,#2359,.T.);
#5627=EDGE_CURVE('',#4660,#4661,#2360,.F.);
#5628=EDGE_CURVE('',#4660,#4635,#2361,.T.);
#5629=EDGE_CURVE('',#4661,#4634,#2362,.T.);
#5630=EDGE_CURVE('',#4662,#4660,#2363,.F.);
#5631=EDGE_CURVE('',#4662,#4636,#2364,.T.);
#5632=EDGE_CURVE('',#4663,#4662,#2365,.F.);
#5633=EDGE_CURVE('',#4663,#4637,#2366,.T.);
#5634=EDGE_CURVE('',#4661,#4663,#2367,.F.);
#5635=EDGE_CURVE('',#4200,#4226,#2368,.T.);
#5636=EDGE_CURVE('',#4201,#4233,#2369,.T.);
#5637=EDGE_CURVE('',#4202,#4232,#2370,.T.);
#5638=EDGE_CURVE('',#4203,#4231,#2371,.T.);
#5639=EDGE_CURVE('',#4204,#4230,#2372,.T.);
#5640=EDGE_CURVE('',#4205,#4229,#2373,.T.);
#5641=EDGE_CURVE('',#4206,#4228,#2374,.T.);
#5642=EDGE_CURVE('',#4199,#4227,#2375,.T.);
#5643=EDGE_CURVE('',#4192,#4234,#2376,.T.);
#5644=EDGE_CURVE('',#4193,#4241,#2377,.T.);
#5645=EDGE_CURVE('',#4194,#4240,#2378,.T.);
#5646=EDGE_CURVE('',#4195,#4239,#2379,.T.);
#5647=EDGE_CURVE('',#4196,#4238,#2380,.T.);
#5648=EDGE_CURVE('',#4197,#4237,#2381,.T.);
#5649=EDGE_CURVE('',#4198,#4236,#2382,.T.);
#5650=EDGE_CURVE('',#4191,#4235,#2383,.T.);
#5651=EDGE_CURVE('',#4184,#4242,#2384,.T.);
#5652=EDGE_CURVE('',#4185,#4249,#2385,.T.);
#5653=EDGE_CURVE('',#4186,#4248,#2386,.T.);
#5654=EDGE_CURVE('',#4187,#4247,#2387,.T.);
#5655=EDGE_CURVE('',#4188,#4246,#2388,.T.);
#5656=EDGE_CURVE('',#4189,#4245,#2389,.T.);
#5657=EDGE_CURVE('',#4190,#4244,#2390,.T.);
#5658=EDGE_CURVE('',#4183,#4243,#2391,.T.);
#5659=EDGE_CURVE('',#4176,#4250,#2392,.T.);
#5660=EDGE_CURVE('',#4177,#4257,#2393,.T.);
#5661=EDGE_CURVE('',#4178,#4256,#2394,.T.);
#5662=EDGE_CURVE('',#4179,#4255,#2395,.T.);
#5663=EDGE_CURVE('',#4180,#4254,#2396,.T.);
#5664=EDGE_CURVE('',#4181,#4253,#2397,.T.);
#5665=EDGE_CURVE('',#4182,#4252,#2398,.T.);
#5666=EDGE_CURVE('',#4175,#4251,#2399,.T.);
#5667=EDGE_CURVE('',#4168,#4258,#2400,.T.);
#5668=EDGE_CURVE('',#4169,#4265,#2401,.T.);
#5669=EDGE_CURVE('',#4170,#4264,#2402,.T.);
#5670=EDGE_CURVE('',#4171,#4263,#2403,.T.);
#5671=EDGE_CURVE('',#4172,#4262,#2404,.T.);
#5672=EDGE_CURVE('',#4173,#4261,#2405,.T.);
#5673=EDGE_CURVE('',#4174,#4260,#2406,.T.);
#5674=EDGE_CURVE('',#4167,#4259,#2407,.T.);
#5675=EDGE_CURVE('',#4160,#4266,#2408,.T.);
#5676=EDGE_CURVE('',#4161,#4273,#2409,.T.);
#5677=EDGE_CURVE('',#4162,#4272,#2410,.T.);
#5678=EDGE_CURVE('',#4163,#4271,#2411,.T.);
#5679=EDGE_CURVE('',#4164,#4270,#2412,.T.);
#5680=EDGE_CURVE('',#4165,#4269,#2413,.T.);
#5681=EDGE_CURVE('',#4166,#4268,#2414,.T.);
#5682=EDGE_CURVE('',#4159,#4267,#2415,.T.);
#5683=EDGE_CURVE('',#4152,#4274,#2416,.T.);
#5684=EDGE_CURVE('',#4153,#4281,#2417,.T.);
#5685=EDGE_CURVE('',#4154,#4280,#2418,.T.);
#5686=EDGE_CURVE('',#4155,#4279,#2419,.T.);
#5687=EDGE_CURVE('',#4156,#4278,#2420,.T.);
#5688=EDGE_CURVE('',#4157,#4277,#2421,.T.);
#5689=EDGE_CURVE('',#4158,#4276,#2422,.T.);
#5690=EDGE_CURVE('',#4151,#4275,#2423,.T.);
#5691=EDGE_CURVE('',#4144,#4282,#2424,.T.);
#5692=EDGE_CURVE('',#4145,#4289,#2425,.T.);
#5693=EDGE_CURVE('',#4146,#4288,#2426,.T.);
#5694=EDGE_CURVE('',#4147,#4287,#2427,.T.);
#5695=EDGE_CURVE('',#4148,#4286,#2428,.T.);
#5696=EDGE_CURVE('',#4149,#4285,#2429,.T.);
#5697=EDGE_CURVE('',#4150,#4284,#2430,.T.);
#5698=EDGE_CURVE('',#4143,#4283,#2431,.T.);
#5699=EDGE_CURVE('',#4136,#4290,#2432,.T.);
#5700=EDGE_CURVE('',#4137,#4297,#2433,.T.);
#5701=EDGE_CURVE('',#4138,#4296,#2434,.T.);
#5702=EDGE_CURVE('',#4139,#4295,#2435,.T.);
#5703=EDGE_CURVE('',#4140,#4294,#2436,.T.);
#5704=EDGE_CURVE('',#4141,#4293,#2437,.T.);
#5705=EDGE_CURVE('',#4142,#4292,#2438,.T.);
#5706=EDGE_CURVE('',#4135,#4291,#2439,.T.);
#5707=EDGE_CURVE('',#4128,#4298,#2440,.T.);
#5708=EDGE_CURVE('',#4129,#4305,#2441,.T.);
#5709=EDGE_CURVE('',#4130,#4304,#2442,.T.);
#5710=EDGE_CURVE('',#4131,#4303,#2443,.T.);
#5711=EDGE_CURVE('',#4132,#4302,#2444,.T.);
#5712=EDGE_CURVE('',#4133,#4301,#2445,.T.);
#5713=EDGE_CURVE('',#4134,#4300,#2446,.T.);
#5714=EDGE_CURVE('',#4127,#4299,#2447,.T.);
#5715=EDGE_CURVE('',#4120,#4306,#2448,.T.);
#5716=EDGE_CURVE('',#4121,#4313,#2449,.T.);
#5717=EDGE_CURVE('',#4122,#4312,#2450,.T.);
#5718=EDGE_CURVE('',#4123,#4311,#2451,.T.);
#5719=EDGE_CURVE('',#4124,#4310,#2452,.T.);
#5720=EDGE_CURVE('',#4125,#4309,#2453,.T.);
#5721=EDGE_CURVE('',#4126,#4308,#2454,.T.);
#5722=EDGE_CURVE('',#4119,#4307,#2455,.T.);
#5723=EDGE_CURVE('',#4112,#4314,#2456,.T.);
#5724=EDGE_CURVE('',#4113,#4321,#2457,.T.);
#5725=EDGE_CURVE('',#4114,#4320,#2458,.T.);
#5726=EDGE_CURVE('',#4115,#4319,#2459,.T.);
#5727=EDGE_CURVE('',#4116,#4318,#2460,.T.);
#5728=EDGE_CURVE('',#4117,#4317,#2461,.T.);
#5729=EDGE_CURVE('',#4118,#4316,#2462,.T.);
#5730=EDGE_CURVE('',#4111,#4315,#2463,.T.);
#5731=EDGE_CURVE('',#4104,#4322,#2464,.T.);
#5732=EDGE_CURVE('',#4105,#4329,#2465,.T.);
#5733=EDGE_CURVE('',#4106,#4328,#2466,.T.);
#5734=EDGE_CURVE('',#4107,#4327,#2467,.T.);
#5735=EDGE_CURVE('',#4108,#4326,#2468,.T.);
#5736=EDGE_CURVE('',#4109,#4325,#2469,.T.);
#5737=EDGE_CURVE('',#4110,#4324,#2470,.T.);
#5738=EDGE_CURVE('',#4103,#4323,#2471,.T.);
#5739=EDGE_CURVE('',#4096,#4330,#2472,.T.);
#5740=EDGE_CURVE('',#4097,#4337,#2473,.T.);
#5741=EDGE_CURVE('',#4098,#4336,#2474,.T.);
#5742=EDGE_CURVE('',#4099,#4335,#2475,.T.);
#5743=EDGE_CURVE('',#4100,#4334,#2476,.T.);
#5744=EDGE_CURVE('',#4101,#4333,#2477,.T.);
#5745=EDGE_CURVE('',#4102,#4332,#2478,.T.);
#5746=EDGE_CURVE('',#4095,#4331,#2479,.T.);
#5747=EDGE_CURVE('',#4088,#4338,#2480,.T.);
#5748=EDGE_CURVE('',#4089,#4345,#2481,.T.);
#5749=EDGE_CURVE('',#4090,#4344,#2482,.T.);
#5750=EDGE_CURVE('',#4091,#4343,#2483,.T.);
#5751=EDGE_CURVE('',#4092,#4342,#2484,.T.);
#5752=EDGE_CURVE('',#4093,#4341,#2485,.T.);
#5753=EDGE_CURVE('',#4094,#4340,#2486,.T.);
#5754=EDGE_CURVE('',#4087,#4339,#2487,.T.);
#5755=EDGE_CURVE('',#4080,#4346,#2488,.T.);
#5756=EDGE_CURVE('',#4081,#4353,#2489,.T.);
#5757=EDGE_CURVE('',#4082,#4352,#2490,.T.);
#5758=EDGE_CURVE('',#4083,#4351,#2491,.T.);
#5759=EDGE_CURVE('',#4084,#4350,#2492,.T.);
#5760=EDGE_CURVE('',#4085,#4349,#2493,.T.);
#5761=EDGE_CURVE('',#4086,#4348,#2494,.T.);
#5762=EDGE_CURVE('',#4079,#4347,#2495,.T.);
#5763=EDGE_CURVE('',#4072,#4354,#2496,.T.);
#5764=EDGE_CURVE('',#4073,#4361,#2497,.T.);
#5765=EDGE_CURVE('',#4074,#4360,#2498,.T.);
#5766=EDGE_CURVE('',#4075,#4359,#2499,.T.);
#5767=EDGE_CURVE('',#4076,#4358,#2500,.T.);
#5768=EDGE_CURVE('',#4077,#4357,#2501,.T.);
#5769=EDGE_CURVE('',#4078,#4356,#2502,.T.);
#5770=EDGE_CURVE('',#4071,#4355,#2503,.T.);
#5771=EDGE_CURVE('',#4064,#4362,#2504,.T.);
#5772=EDGE_CURVE('',#4065,#4369,#2505,.T.);
#5773=EDGE_CURVE('',#4066,#4368,#2506,.T.);
#5774=EDGE_CURVE('',#4067,#4367,#2507,.T.);
#5775=EDGE_CURVE('',#4068,#4366,#2508,.T.);
#5776=EDGE_CURVE('',#4069,#4365,#2509,.T.);
#5777=EDGE_CURVE('',#4070,#4364,#2510,.T.);
#5778=EDGE_CURVE('',#4063,#4363,#2511,.T.);
#5779=EDGE_CURVE('',#4056,#4370,#2512,.T.);
#5780=EDGE_CURVE('',#4057,#4377,#2513,.T.);
#5781=EDGE_CURVE('',#4058,#4376,#2514,.T.);
#5782=EDGE_CURVE('',#4059,#4375,#2515,.T.);
#5783=EDGE_CURVE('',#4060,#4374,#2516,.T.);
#5784=EDGE_CURVE('',#4061,#4373,#2517,.T.);
#5785=EDGE_CURVE('',#4062,#4372,#2518,.T.);
#5786=EDGE_CURVE('',#4055,#4371,#2519,.T.);
#5787=EDGE_CURVE('',#3800,#4216,#2520,.T.);
#5788=EDGE_CURVE('',#3801,#4215,#2521,.T.);
#5789=EDGE_CURVE('',#3802,#4214,#2522,.T.);
#5790=EDGE_CURVE('',#4048,#4378,#2523,.T.);
#5791=EDGE_CURVE('',#4049,#4385,#2524,.T.);
#5792=EDGE_CURVE('',#4050,#4384,#2525,.T.);
#5793=EDGE_CURVE('',#4051,#4383,#2526,.T.);
#5794=EDGE_CURVE('',#4052,#4382,#2527,.T.);
#5795=EDGE_CURVE('',#4053,#4381,#2528,.T.);
#5796=EDGE_CURVE('',#4054,#4380,#2529,.T.);
#5797=EDGE_CURVE('',#4047,#4379,#2530,.T.);
#5798=EDGE_CURVE('',#4040,#4386,#2531,.T.);
#5799=EDGE_CURVE('',#4041,#4393,#2532,.T.);
#5800=EDGE_CURVE('',#4042,#4392,#2533,.T.);
#5801=EDGE_CURVE('',#4043,#4391,#2534,.T.);
#5802=EDGE_CURVE('',#4044,#4390,#2535,.T.);
#5803=EDGE_CURVE('',#4045,#4389,#2536,.T.);
#5804=EDGE_CURVE('',#4046,#4388,#2537,.T.);
#5805=EDGE_CURVE('',#4039,#4387,#2538,.T.);
#5806=EDGE_CURVE('',#4032,#4394,#2539,.T.);
#5807=EDGE_CURVE('',#4033,#4401,#2540,.T.);
#5808=EDGE_CURVE('',#4034,#4400,#2541,.T.);
#5809=EDGE_CURVE('',#4035,#4399,#2542,.T.);
#5810=EDGE_CURVE('',#4036,#4398,#2543,.T.);
#5811=EDGE_CURVE('',#4037,#4397,#2544,.T.);
#5812=EDGE_CURVE('',#4038,#4396,#2545,.T.);
#5813=EDGE_CURVE('',#4031,#4395,#2546,.T.);
#5814=EDGE_CURVE('',#4024,#4402,#2547,.T.);
#5815=EDGE_CURVE('',#4025,#4409,#2548,.T.);
#5816=EDGE_CURVE('',#4026,#4408,#2549,.T.);
#5817=EDGE_CURVE('',#4027,#4407,#2550,.T.);
#5818=EDGE_CURVE('',#4028,#4406,#2551,.T.);
#5819=EDGE_CURVE('',#4029,#4405,#2552,.T.);
#5820=EDGE_CURVE('',#4030,#4404,#2553,.T.);
#5821=EDGE_CURVE('',#4023,#4403,#2554,.T.);
#5822=EDGE_CURVE('',#4016,#4410,#2555,.T.);
#5823=EDGE_CURVE('',#4017,#4417,#2556,.T.);
#5824=EDGE_CURVE('',#4018,#4416,#2557,.T.);
#5825=EDGE_CURVE('',#4019,#4415,#2558,.T.);
#5826=EDGE_CURVE('',#4020,#4414,#2559,.T.);
#5827=EDGE_CURVE('',#4021,#4413,#2560,.T.);
#5828=EDGE_CURVE('',#4022,#4412,#2561,.T.);
#5829=EDGE_CURVE('',#4015,#4411,#2562,.T.);
#5830=EDGE_CURVE('',#4008,#4418,#2563,.T.);
#5831=EDGE_CURVE('',#4009,#4425,#2564,.T.);
#5832=EDGE_CURVE('',#4010,#4424,#2565,.T.);
#5833=EDGE_CURVE('',#4011,#4423,#2566,.T.);
#5834=EDGE_CURVE('',#4012,#4422,#2567,.T.);
#5835=EDGE_CURVE('',#4013,#4421,#2568,.T.);
#5836=EDGE_CURVE('',#4014,#4420,#2569,.T.);
#5837=EDGE_CURVE('',#4007,#4419,#2570,.T.);
#5838=EDGE_CURVE('',#4000,#4426,#2571,.T.);
#5839=EDGE_CURVE('',#4001,#4433,#2572,.T.);
#5840=EDGE_CURVE('',#4002,#4432,#2573,.T.);
#5841=EDGE_CURVE('',#4003,#4431,#2574,.T.);
#5842=EDGE_CURVE('',#4004,#4430,#2575,.T.);
#5843=EDGE_CURVE('',#4005,#4429,#2576,.T.);
#5844=EDGE_CURVE('',#4006,#4428,#2577,.T.);
#5845=EDGE_CURVE('',#3999,#4427,#2578,.T.);
#5846=EDGE_CURVE('',#3992,#4434,#2579,.T.);
#5847=EDGE_CURVE('',#3993,#4441,#2580,.T.);
#5848=EDGE_CURVE('',#3994,#4440,#2581,.T.);
#5849=EDGE_CURVE('',#3995,#4439,#2582,.T.);
#5850=EDGE_CURVE('',#3996,#4438,#2583,.T.);
#5851=EDGE_CURVE('',#3997,#4437,#2584,.T.);
#5852=EDGE_CURVE('',#3998,#4436,#2585,.T.);
#5853=EDGE_CURVE('',#3991,#4435,#2586,.T.);
#5854=EDGE_CURVE('',#3803,#4213,#2587,.T.);
#5855=EDGE_CURVE('',#3804,#4212,#2588,.T.);
#5856=EDGE_CURVE('',#3805,#4211,#2589,.T.);
#5857=EDGE_CURVE('',#3984,#4442,#2590,.T.);
#5858=EDGE_CURVE('',#3985,#4449,#2591,.T.);
#5859=EDGE_CURVE('',#3986,#4448,#2592,.T.);
#5860=EDGE_CURVE('',#3987,#4447,#2593,.T.);
#5861=EDGE_CURVE('',#3988,#4446,#2594,.T.);
#5862=EDGE_CURVE('',#3989,#4445,#2595,.T.);
#5863=EDGE_CURVE('',#3990,#4444,#2596,.T.);
#5864=EDGE_CURVE('',#3983,#4443,#2597,.T.);
#5865=EDGE_CURVE('',#3976,#4450,#2598,.T.);
#5866=EDGE_CURVE('',#3977,#4457,#2599,.T.);
#5867=EDGE_CURVE('',#3978,#4456,#2600,.T.);
#5868=EDGE_CURVE('',#3979,#4455,#2601,.T.);
#5869=EDGE_CURVE('',#3980,#4454,#2602,.T.);
#5870=EDGE_CURVE('',#3981,#4453,#2603,.T.);
#5871=EDGE_CURVE('',#3982,#4452,#2604,.T.);
#5872=EDGE_CURVE('',#3975,#4451,#2605,.T.);
#5873=EDGE_CURVE('',#3968,#4458,#2606,.T.);
#5874=EDGE_CURVE('',#3969,#4465,#2607,.T.);
#5875=EDGE_CURVE('',#3970,#4464,#2608,.T.);
#5876=EDGE_CURVE('',#3971,#4463,#2609,.T.);
#5877=EDGE_CURVE('',#3972,#4462,#2610,.T.);
#5878=EDGE_CURVE('',#3973,#4461,#2611,.T.);
#5879=EDGE_CURVE('',#3974,#4460,#2612,.T.);
#5880=EDGE_CURVE('',#3967,#4459,#2613,.T.);
#5881=EDGE_CURVE('',#3794,#4222,#2614,.T.);
#5882=EDGE_CURVE('',#3795,#4221,#2615,.T.);
#5883=EDGE_CURVE('',#3796,#4220,#2616,.T.);
#5884=EDGE_CURVE('',#3960,#4466,#2617,.T.);
#5885=EDGE_CURVE('',#3961,#4473,#2618,.T.);
#5886=EDGE_CURVE('',#3962,#4472,#2619,.T.);
#5887=EDGE_CURVE('',#3963,#4471,#2620,.T.);
#5888=EDGE_CURVE('',#3964,#4470,#2621,.T.);
#5889=EDGE_CURVE('',#3965,#4469,#2622,.T.);
#5890=EDGE_CURVE('',#3966,#4468,#2623,.T.);
#5891=EDGE_CURVE('',#3959,#4467,#2624,.T.);
#5892=EDGE_CURVE('',#3952,#4474,#2625,.T.);
#5893=EDGE_CURVE('',#3953,#4481,#2626,.T.);
#5894=EDGE_CURVE('',#3954,#4480,#2627,.T.);
#5895=EDGE_CURVE('',#3955,#4479,#2628,.T.);
#5896=EDGE_CURVE('',#3956,#4478,#2629,.T.);
#5897=EDGE_CURVE('',#3957,#4477,#2630,.T.);
#5898=EDGE_CURVE('',#3958,#4476,#2631,.T.);
#5899=EDGE_CURVE('',#3951,#4475,#2632,.T.);
#5900=EDGE_CURVE('',#3944,#4482,#2633,.T.);
#5901=EDGE_CURVE('',#3945,#4489,#2634,.T.);
#5902=EDGE_CURVE('',#3946,#4488,#2635,.T.);
#5903=EDGE_CURVE('',#3947,#4487,#2636,.T.);
#5904=EDGE_CURVE('',#3948,#4486,#2637,.T.);
#5905=EDGE_CURVE('',#3949,#4485,#2638,.T.);
#5906=EDGE_CURVE('',#3950,#4484,#2639,.T.);
#5907=EDGE_CURVE('',#3943,#4483,#2640,.T.);
#5908=EDGE_CURVE('',#3797,#4219,#2641,.T.);
#5909=EDGE_CURVE('',#3798,#4218,#2642,.T.);
#5910=EDGE_CURVE('',#3799,#4217,#2643,.T.);
#5911=EDGE_CURVE('',#3936,#4490,#2644,.T.);
#5912=EDGE_CURVE('',#3937,#4497,#2645,.T.);
#5913=EDGE_CURVE('',#3938,#4496,#2646,.T.);
#5914=EDGE_CURVE('',#3939,#4495,#2647,.T.);
#5915=EDGE_CURVE('',#3940,#4494,#2648,.T.);
#5916=EDGE_CURVE('',#3941,#4493,#2649,.T.);
#5917=EDGE_CURVE('',#3942,#4492,#2650,.T.);
#5918=EDGE_CURVE('',#3935,#4491,#2651,.T.);
#5919=EDGE_CURVE('',#3928,#4498,#2652,.T.);
#5920=EDGE_CURVE('',#3929,#4505,#2653,.T.);
#5921=EDGE_CURVE('',#3930,#4504,#2654,.T.);
#5922=EDGE_CURVE('',#3931,#4503,#2655,.T.);
#5923=EDGE_CURVE('',#3932,#4502,#2656,.T.);
#5924=EDGE_CURVE('',#3933,#4501,#2657,.T.);
#5925=EDGE_CURVE('',#3934,#4500,#2658,.T.);
#5926=EDGE_CURVE('',#3927,#4499,#2659,.T.);
#5927=EDGE_CURVE('',#3920,#4506,#2660,.T.);
#5928=EDGE_CURVE('',#3921,#4513,#2661,.T.);
#5929=EDGE_CURVE('',#3922,#4512,#2662,.T.);
#5930=EDGE_CURVE('',#3923,#4511,#2663,.T.);
#5931=EDGE_CURVE('',#3924,#4510,#2664,.T.);
#5932=EDGE_CURVE('',#3925,#4509,#2665,.T.);
#5933=EDGE_CURVE('',#3926,#4508,#2666,.T.);
#5934=EDGE_CURVE('',#3919,#4507,#2667,.T.);
#5935=EDGE_CURVE('',#3912,#4514,#2668,.T.);
#5936=EDGE_CURVE('',#3913,#4521,#2669,.T.);
#5937=EDGE_CURVE('',#3914,#4520,#2670,.T.);
#5938=EDGE_CURVE('',#3915,#4519,#2671,.T.);
#5939=EDGE_CURVE('',#3916,#4518,#2672,.T.);
#5940=EDGE_CURVE('',#3917,#4517,#2673,.T.);
#5941=EDGE_CURVE('',#3918,#4516,#2674,.T.);
#5942=EDGE_CURVE('',#3911,#4515,#2675,.T.);
#5943=EDGE_CURVE('',#3904,#4522,#2676,.T.);
#5944=EDGE_CURVE('',#3905,#4529,#2677,.T.);
#5945=EDGE_CURVE('',#3906,#4528,#2678,.T.);
#5946=EDGE_CURVE('',#3907,#4527,#2679,.T.);
#5947=EDGE_CURVE('',#3908,#4526,#2680,.T.);
#5948=EDGE_CURVE('',#3909,#4525,#2681,.T.);
#5949=EDGE_CURVE('',#3910,#4524,#2682,.T.);
#5950=EDGE_CURVE('',#3903,#4523,#2683,.T.);
#5951=EDGE_CURVE('',#3896,#4530,#2684,.T.);
#5952=EDGE_CURVE('',#3897,#4537,#2685,.T.);
#5953=EDGE_CURVE('',#3898,#4536,#2686,.T.);
#5954=EDGE_CURVE('',#3899,#4535,#2687,.T.);
#5955=EDGE_CURVE('',#3900,#4534,#2688,.T.);
#5956=EDGE_CURVE('',#3901,#4533,#2689,.T.);
#5957=EDGE_CURVE('',#3902,#4532,#2690,.T.);
#5958=EDGE_CURVE('',#3895,#4531,#2691,.T.);
#5959=EDGE_CURVE('',#3888,#4538,#2692,.T.);
#5960=EDGE_CURVE('',#3889,#4545,#2693,.T.);
#5961=EDGE_CURVE('',#3890,#4544,#2694,.T.);
#5962=EDGE_CURVE('',#3891,#4543,#2695,.T.);
#5963=EDGE_CURVE('',#3892,#4542,#2696,.T.);
#5964=EDGE_CURVE('',#3893,#4541,#2697,.T.);
#5965=EDGE_CURVE('',#3894,#4540,#2698,.T.);
#5966=EDGE_CURVE('',#3887,#4539,#2699,.T.);
#5967=EDGE_CURVE('',#3880,#4546,#2700,.T.);
#5968=EDGE_CURVE('',#3881,#4553,#2701,.T.);
#5969=EDGE_CURVE('',#3882,#4552,#2702,.T.);
#5970=EDGE_CURVE('',#3883,#4551,#2703,.T.);
#5971=EDGE_CURVE('',#3884,#4550,#2704,.T.);
#5972=EDGE_CURVE('',#3885,#4549,#2705,.T.);
#5973=EDGE_CURVE('',#3886,#4548,#2706,.T.);
#5974=EDGE_CURVE('',#3879,#4547,#2707,.T.);
#5975=EDGE_CURVE('',#3872,#4554,#2708,.T.);
#5976=EDGE_CURVE('',#3873,#4561,#2709,.T.);
#5977=EDGE_CURVE('',#3874,#4560,#2710,.T.);
#5978=EDGE_CURVE('',#3875,#4559,#2711,.T.);
#5979=EDGE_CURVE('',#3876,#4558,#2712,.T.);
#5980=EDGE_CURVE('',#3877,#4557,#2713,.T.);
#5981=EDGE_CURVE('',#3878,#4556,#2714,.T.);
#5982=EDGE_CURVE('',#3871,#4555,#2715,.T.);
#5983=EDGE_CURVE('',#3864,#4562,#2716,.T.);
#5984=EDGE_CURVE('',#3865,#4569,#2717,.T.);
#5985=EDGE_CURVE('',#3866,#4568,#2718,.T.);
#5986=EDGE_CURVE('',#3867,#4567,#2719,.T.);
#5987=EDGE_CURVE('',#3868,#4566,#2720,.T.);
#5988=EDGE_CURVE('',#3869,#4565,#2721,.T.);
#5989=EDGE_CURVE('',#3870,#4564,#2722,.T.);
#5990=EDGE_CURVE('',#3863,#4563,#2723,.T.);
#5991=EDGE_CURVE('',#3856,#4570,#2724,.T.);
#5992=EDGE_CURVE('',#3857,#4577,#2725,.T.);
#5993=EDGE_CURVE('',#3858,#4576,#2726,.T.);
#5994=EDGE_CURVE('',#3859,#4575,#2727,.T.);
#5995=EDGE_CURVE('',#3860,#4574,#2728,.T.);
#5996=EDGE_CURVE('',#3861,#4573,#2729,.T.);
#5997=EDGE_CURVE('',#3862,#4572,#2730,.T.);
#5998=EDGE_CURVE('',#3855,#4571,#2731,.T.);
#5999=EDGE_CURVE('',#3848,#4578,#2732,.T.);
#6000=EDGE_CURVE('',#3849,#4585,#2733,.T.);
#6001=EDGE_CURVE('',#3850,#4584,#2734,.T.);
#6002=EDGE_CURVE('',#3851,#4583,#2735,.T.);
#6003=EDGE_CURVE('',#3852,#4582,#2736,.T.);
#6004=EDGE_CURVE('',#3853,#4581,#2737,.T.);
#6005=EDGE_CURVE('',#3854,#4580,#2738,.T.);
#6006=EDGE_CURVE('',#3847,#4579,#2739,.T.);
#6007=EDGE_CURVE('',#3840,#4586,#2740,.T.);
#6008=EDGE_CURVE('',#3841,#4593,#2741,.T.);
#6009=EDGE_CURVE('',#3842,#4592,#2742,.T.);
#6010=EDGE_CURVE('',#3843,#4591,#2743,.T.);
#6011=EDGE_CURVE('',#3844,#4590,#2744,.T.);
#6012=EDGE_CURVE('',#3845,#4589,#2745,.T.);
#6013=EDGE_CURVE('',#3846,#4588,#2746,.T.);
#6014=EDGE_CURVE('',#3839,#4587,#2747,.T.);
#6015=EDGE_CURVE('',#3832,#4594,#2748,.T.);
#6016=EDGE_CURVE('',#3833,#4601,#2749,.T.);
#6017=EDGE_CURVE('',#3834,#4600,#2750,.T.);
#6018=EDGE_CURVE('',#3835,#4599,#2751,.T.);
#6019=EDGE_CURVE('',#3836,#4598,#2752,.T.);
#6020=EDGE_CURVE('',#3837,#4597,#2753,.T.);
#6021=EDGE_CURVE('',#3838,#4596,#2754,.T.);
#6022=EDGE_CURVE('',#3831,#4595,#2755,.T.);
#6023=EDGE_CURVE('',#4646,#4602,#2756,.T.);
#6024=EDGE_CURVE('',#4647,#4609,#2757,.T.);
#6025=EDGE_CURVE('',#4648,#4608,#2758,.T.);
#6026=EDGE_CURVE('',#4649,#4607,#2759,.T.);
#6027=EDGE_CURVE('',#4650,#4606,#2760,.T.);
#6028=EDGE_CURVE('',#4651,#4605,#2761,.T.);
#6029=EDGE_CURVE('',#4652,#4604,#2762,.T.);
#6030=EDGE_CURVE('',#4653,#4603,#2763,.T.);
#6031=EDGE_CURVE('',#3824,#4610,#2764,.T.);
#6032=EDGE_CURVE('',#3825,#4617,#2765,.T.);
#6033=EDGE_CURVE('',#3826,#4616,#2766,.T.);
#6034=EDGE_CURVE('',#3827,#4615,#2767,.T.);
#6035=EDGE_CURVE('',#3828,#4614,#2768,.T.);
#6036=EDGE_CURVE('',#3829,#4613,#2769,.T.);
#6037=EDGE_CURVE('',#3830,#4612,#2770,.T.);
#6038=EDGE_CURVE('',#3823,#4611,#2771,.T.);
#6039=EDGE_CURVE('',#3816,#4618,#2772,.T.);
#6040=EDGE_CURVE('',#3817,#4625,#2773,.T.);
#6041=EDGE_CURVE('',#3818,#4624,#2774,.T.);
#6042=EDGE_CURVE('',#3819,#4623,#2775,.T.);
#6043=EDGE_CURVE('',#3820,#4622,#2776,.T.);
#6044=EDGE_CURVE('',#3821,#4621,#2777,.T.);
#6045=EDGE_CURVE('',#3822,#4620,#2778,.T.);
#6046=EDGE_CURVE('',#3815,#4619,#2779,.T.);
#6047=EDGE_CURVE('',#3808,#4626,#2780,.T.);
#6048=EDGE_CURVE('',#3809,#4633,#2781,.T.);
#6049=EDGE_CURVE('',#3810,#4632,#2782,.T.);
#6050=EDGE_CURVE('',#3811,#4631,#2783,.T.);
#6051=EDGE_CURVE('',#3812,#4630,#2784,.T.);
#6052=EDGE_CURVE('',#3813,#4629,#2785,.T.);
#6053=EDGE_CURVE('',#3814,#4628,#2786,.T.);
#6054=EDGE_CURVE('',#3807,#4627,#2787,.T.);
#6055=EDGE_CURVE('',#4664,#4644,#2788,.F.);
#6056=EDGE_CURVE('',#4664,#4659,#2789,.T.);
#6057=EDGE_CURVE('',#4658,#4664,#2790,.T.);
#6058=ORIENTED_EDGE('',*,*,#4665,.F.);
#6059=ORIENTED_EDGE('',*,*,#4666,.F.);
#6060=ORIENTED_EDGE('',*,*,#4667,.F.);
#6061=ORIENTED_EDGE('',*,*,#4668,.F.);
#6062=ORIENTED_EDGE('',*,*,#4669,.F.);
#6063=ORIENTED_EDGE('',*,*,#4670,.F.);
#6064=ORIENTED_EDGE('',*,*,#4671,.F.);
#6065=ORIENTED_EDGE('',*,*,#4672,.F.);
#6066=ORIENTED_EDGE('',*,*,#4673,.F.);
#6067=ORIENTED_EDGE('',*,*,#4674,.F.);
#6068=ORIENTED_EDGE('',*,*,#4675,.F.);
#6069=ORIENTED_EDGE('',*,*,#4676,.F.);
#6070=ORIENTED_EDGE('',*,*,#4677,.F.);
#6071=ORIENTED_EDGE('',*,*,#4678,.F.);
#6072=ORIENTED_EDGE('',*,*,#4679,.F.);
#6073=ORIENTED_EDGE('',*,*,#4680,.F.);
#6074=ORIENTED_EDGE('',*,*,#4681,.F.);
#6075=ORIENTED_EDGE('',*,*,#4682,.F.);
#6076=ORIENTED_EDGE('',*,*,#4683,.F.);
#6077=ORIENTED_EDGE('',*,*,#4684,.F.);
#6078=ORIENTED_EDGE('',*,*,#4685,.F.);
#6079=ORIENTED_EDGE('',*,*,#4686,.F.);
#6080=ORIENTED_EDGE('',*,*,#4687,.F.);
#6081=ORIENTED_EDGE('',*,*,#4688,.F.);
#6082=ORIENTED_EDGE('',*,*,#4668,.T.);
#6083=ORIENTED_EDGE('',*,*,#4689,.F.);
#6084=ORIENTED_EDGE('',*,*,#4690,.F.);
#6085=ORIENTED_EDGE('',*,*,#4691,.F.);
#6086=ORIENTED_EDGE('',*,*,#4666,.T.);
#6087=ORIENTED_EDGE('',*,*,#4692,.F.);
#6088=ORIENTED_EDGE('',*,*,#4693,.F.);
#6089=ORIENTED_EDGE('',*,*,#4694,.F.);
#6090=ORIENTED_EDGE('',*,*,#4672,.T.);
#6091=ORIENTED_EDGE('',*,*,#4695,.F.);
#6092=ORIENTED_EDGE('',*,*,#4696,.F.);
#6093=ORIENTED_EDGE('',*,*,#4697,.F.);
#6094=ORIENTED_EDGE('',*,*,#4676,.T.);
#6095=ORIENTED_EDGE('',*,*,#4698,.F.);
#6096=ORIENTED_EDGE('',*,*,#4699,.F.);
#6097=ORIENTED_EDGE('',*,*,#4700,.F.);
#6098=ORIENTED_EDGE('',*,*,#4680,.T.);
#6099=ORIENTED_EDGE('',*,*,#4701,.F.);
#6100=ORIENTED_EDGE('',*,*,#4702,.F.);
#6101=ORIENTED_EDGE('',*,*,#4703,.F.);
#6102=ORIENTED_EDGE('',*,*,#4686,.T.);
#6103=ORIENTED_EDGE('',*,*,#4704,.F.);
#6104=ORIENTED_EDGE('',*,*,#4705,.F.);
#6105=ORIENTED_EDGE('',*,*,#4706,.F.);
#6106=ORIENTED_EDGE('',*,*,#4667,.T.);
#6107=ORIENTED_EDGE('',*,*,#4694,.T.);
#6108=ORIENTED_EDGE('',*,*,#4707,.F.);
#6109=ORIENTED_EDGE('',*,*,#4708,.T.);
#6110=ORIENTED_EDGE('',*,*,#4709,.F.);
#6111=ORIENTED_EDGE('',*,*,#4710,.T.);
#6112=ORIENTED_EDGE('',*,*,#4687,.T.);
#6113=ORIENTED_EDGE('',*,*,#4706,.T.);
#6114=ORIENTED_EDGE('',*,*,#4711,.F.);
#6115=ORIENTED_EDGE('',*,*,#4712,.T.);
#6116=ORIENTED_EDGE('',*,*,#4713,.F.);
#6117=ORIENTED_EDGE('',*,*,#4689,.T.);
#6118=ORIENTED_EDGE('',*,*,#4684,.T.);
#6119=ORIENTED_EDGE('',*,*,#4714,.F.);
#6120=ORIENTED_EDGE('',*,*,#4715,.F.);
#6121=ORIENTED_EDGE('',*,*,#4716,.F.);
#6122=ORIENTED_EDGE('',*,*,#4717,.T.);
#6123=ORIENTED_EDGE('',*,*,#4718,.T.);
#6124=ORIENTED_EDGE('',*,*,#4719,.T.);
#6125=ORIENTED_EDGE('',*,*,#4720,.T.);
#6126=ORIENTED_EDGE('',*,*,#4719,.F.);
#6127=ORIENTED_EDGE('',*,*,#4721,.F.);
#6128=ORIENTED_EDGE('',*,*,#4722,.F.);
#6129=ORIENTED_EDGE('',*,*,#4723,.F.);
#6130=ORIENTED_EDGE('',*,*,#4724,.F.);
#6131=ORIENTED_EDGE('',*,*,#4725,.T.);
#6132=ORIENTED_EDGE('',*,*,#4718,.F.);
#6133=ORIENTED_EDGE('',*,*,#4726,.T.);
#6134=ORIENTED_EDGE('',*,*,#4727,.F.);
#6135=ORIENTED_EDGE('',*,*,#4721,.T.);
#6136=ORIENTED_EDGE('',*,*,#4728,.F.);
#6137=ORIENTED_EDGE('',*,*,#4729,.T.);
#6138=ORIENTED_EDGE('',*,*,#4722,.T.);
#6139=ORIENTED_EDGE('',*,*,#4727,.T.);
#6140=ORIENTED_EDGE('',*,*,#4730,.T.);
#6141=ORIENTED_EDGE('',*,*,#4731,.F.);
#6142=ORIENTED_EDGE('',*,*,#4732,.F.);
#6143=ORIENTED_EDGE('',*,*,#4724,.T.);
#6144=ORIENTED_EDGE('',*,*,#4725,.F.);
#6145=ORIENTED_EDGE('',*,*,#4732,.T.);
#6146=ORIENTED_EDGE('',*,*,#4733,.F.);
#6147=ORIENTED_EDGE('',*,*,#4720,.F.);
#6148=ORIENTED_EDGE('',*,*,#4717,.F.);
#6149=ORIENTED_EDGE('',*,*,#4733,.T.);
#6150=ORIENTED_EDGE('',*,*,#4731,.T.);
#6151=ORIENTED_EDGE('',*,*,#4734,.F.);
#6152=ORIENTED_EDGE('',*,*,#4728,.T.);
#6153=ORIENTED_EDGE('',*,*,#4726,.F.);
#6154=ORIENTED_EDGE('',*,*,#4735,.T.);
#6155=ORIENTED_EDGE('',*,*,#4736,.T.);
#6156=ORIENTED_EDGE('',*,*,#4711,.T.);
#6157=ORIENTED_EDGE('',*,*,#4705,.T.);
#6158=ORIENTED_EDGE('',*,*,#4736,.F.);
#6159=ORIENTED_EDGE('',*,*,#4737,.F.);
#6160=ORIENTED_EDGE('',*,*,#4730,.F.);
#6161=ORIENTED_EDGE('',*,*,#4738,.F.);
#6162=ORIENTED_EDGE('',*,*,#4739,.F.);
#6163=ORIENTED_EDGE('',*,*,#4712,.F.);
#6164=ORIENTED_EDGE('',*,*,#4669,.T.);
#6165=ORIENTED_EDGE('',*,*,#4691,.T.);
#6166=ORIENTED_EDGE('',*,*,#4740,.F.);
#6167=ORIENTED_EDGE('',*,*,#4738,.T.);
#6168=ORIENTED_EDGE('',*,*,#4723,.T.);
#6169=ORIENTED_EDGE('',*,*,#4729,.F.);
#6170=ORIENTED_EDGE('',*,*,#4734,.T.);
#6171=ORIENTED_EDGE('',*,*,#4737,.T.);
#6172=ORIENTED_EDGE('',*,*,#4735,.F.);
#6173=ORIENTED_EDGE('',*,*,#4704,.T.);
#6174=ORIENTED_EDGE('',*,*,#4685,.T.);
#6175=ORIENTED_EDGE('',*,*,#4716,.T.);
#6176=ORIENTED_EDGE('',*,*,#4741,.T.);
#6177=ORIENTED_EDGE('',*,*,#4742,.T.);
#6178=ORIENTED_EDGE('',*,*,#4743,.T.);
#6179=ORIENTED_EDGE('',*,*,#4744,.T.);
#6180=ORIENTED_EDGE('',*,*,#4681,.T.);
#6181=ORIENTED_EDGE('',*,*,#4703,.T.);
#6182=ORIENTED_EDGE('',*,*,#4745,.T.);
#6183=ORIENTED_EDGE('',*,*,#4746,.T.);
#6184=ORIENTED_EDGE('',*,*,#4747,.T.);
#6185=ORIENTED_EDGE('',*,*,#4748,.T.);
#6186=ORIENTED_EDGE('',*,*,#4677,.T.);
#6187=ORIENTED_EDGE('',*,*,#4700,.T.);
#6188=ORIENTED_EDGE('',*,*,#4749,.T.);
#6189=ORIENTED_EDGE('',*,*,#4750,.T.);
#6190=ORIENTED_EDGE('',*,*,#4751,.T.);
#6191=ORIENTED_EDGE('',*,*,#4752,.T.);
#6192=ORIENTED_EDGE('',*,*,#4673,.T.);
#6193=ORIENTED_EDGE('',*,*,#4697,.T.);
#6194=ORIENTED_EDGE('',*,*,#4753,.T.);
#6195=ORIENTED_EDGE('',*,*,#4754,.T.);
#6196=ORIENTED_EDGE('',*,*,#4755,.T.);
#6197=ORIENTED_EDGE('',*,*,#4756,.T.);
#6198=ORIENTED_EDGE('',*,*,#4757,.F.);
#6199=ORIENTED_EDGE('',*,*,#4758,.T.);
#6200=ORIENTED_EDGE('',*,*,#4759,.T.);
#6201=ORIENTED_EDGE('',*,*,#4760,.T.);
#6202=ORIENTED_EDGE('',*,*,#4761,.T.);
#6203=ORIENTED_EDGE('',*,*,#4762,.T.);
#6204=ORIENTED_EDGE('',*,*,#4763,.T.);
#6205=ORIENTED_EDGE('',*,*,#4764,.T.);
#6206=ORIENTED_EDGE('',*,*,#4765,.T.);
#6207=ORIENTED_EDGE('',*,*,#4766,.T.);
#6208=ORIENTED_EDGE('',*,*,#4767,.T.);
#6209=ORIENTED_EDGE('',*,*,#4768,.T.);
#6210=ORIENTED_EDGE('',*,*,#4769,.T.);
#6211=ORIENTED_EDGE('',*,*,#4770,.T.);
#6212=ORIENTED_EDGE('',*,*,#4771,.T.);
#6213=ORIENTED_EDGE('',*,*,#4772,.T.);
#6214=ORIENTED_EDGE('',*,*,#4773,.T.);
#6215=ORIENTED_EDGE('',*,*,#4774,.T.);
#6216=ORIENTED_EDGE('',*,*,#4775,.T.);
#6217=ORIENTED_EDGE('',*,*,#4776,.T.);
#6218=ORIENTED_EDGE('',*,*,#4777,.T.);
#6219=ORIENTED_EDGE('',*,*,#4778,.T.);
#6220=ORIENTED_EDGE('',*,*,#4779,.T.);
#6221=ORIENTED_EDGE('',*,*,#4780,.T.);
#6222=ORIENTED_EDGE('',*,*,#4781,.T.);
#6223=ORIENTED_EDGE('',*,*,#4782,.T.);
#6224=ORIENTED_EDGE('',*,*,#4783,.T.);
#6225=ORIENTED_EDGE('',*,*,#4784,.T.);
#6226=ORIENTED_EDGE('',*,*,#4785,.T.);
#6227=ORIENTED_EDGE('',*,*,#4786,.T.);
#6228=ORIENTED_EDGE('',*,*,#4787,.T.);
#6229=ORIENTED_EDGE('',*,*,#4788,.T.);
#6230=ORIENTED_EDGE('',*,*,#4789,.T.);
#6231=ORIENTED_EDGE('',*,*,#4790,.T.);
#6232=ORIENTED_EDGE('',*,*,#4791,.T.);
#6233=ORIENTED_EDGE('',*,*,#4792,.T.);
#6234=ORIENTED_EDGE('',*,*,#4793,.T.);
#6235=ORIENTED_EDGE('',*,*,#4794,.T.);
#6236=ORIENTED_EDGE('',*,*,#4795,.T.);
#6237=ORIENTED_EDGE('',*,*,#4796,.T.);
#6238=ORIENTED_EDGE('',*,*,#4797,.T.);
#6239=ORIENTED_EDGE('',*,*,#4798,.T.);
#6240=ORIENTED_EDGE('',*,*,#4799,.T.);
#6241=ORIENTED_EDGE('',*,*,#4800,.T.);
#6242=ORIENTED_EDGE('',*,*,#4801,.T.);
#6243=ORIENTED_EDGE('',*,*,#4802,.T.);
#6244=ORIENTED_EDGE('',*,*,#4803,.T.);
#6245=ORIENTED_EDGE('',*,*,#4804,.T.);
#6246=ORIENTED_EDGE('',*,*,#4805,.T.);
#6247=ORIENTED_EDGE('',*,*,#4806,.T.);
#6248=ORIENTED_EDGE('',*,*,#4807,.T.);
#6249=ORIENTED_EDGE('',*,*,#4808,.T.);
#6250=ORIENTED_EDGE('',*,*,#4809,.T.);
#6251=ORIENTED_EDGE('',*,*,#4810,.T.);
#6252=ORIENTED_EDGE('',*,*,#4811,.T.);
#6253=ORIENTED_EDGE('',*,*,#4812,.T.);
#6254=ORIENTED_EDGE('',*,*,#4813,.T.);
#6255=ORIENTED_EDGE('',*,*,#4814,.T.);
#6256=ORIENTED_EDGE('',*,*,#4815,.T.);
#6257=ORIENTED_EDGE('',*,*,#4816,.T.);
#6258=ORIENTED_EDGE('',*,*,#4817,.T.);
#6259=ORIENTED_EDGE('',*,*,#4818,.T.);
#6260=ORIENTED_EDGE('',*,*,#4819,.T.);
#6261=ORIENTED_EDGE('',*,*,#4820,.T.);
#6262=ORIENTED_EDGE('',*,*,#4821,.T.);
#6263=ORIENTED_EDGE('',*,*,#4822,.T.);
#6264=ORIENTED_EDGE('',*,*,#4823,.T.);
#6265=ORIENTED_EDGE('',*,*,#4824,.T.);
#6266=ORIENTED_EDGE('',*,*,#4825,.T.);
#6267=ORIENTED_EDGE('',*,*,#4826,.T.);
#6268=ORIENTED_EDGE('',*,*,#4827,.T.);
#6269=ORIENTED_EDGE('',*,*,#4828,.T.);
#6270=ORIENTED_EDGE('',*,*,#4829,.T.);
#6271=ORIENTED_EDGE('',*,*,#4830,.T.);
#6272=ORIENTED_EDGE('',*,*,#4831,.T.);
#6273=ORIENTED_EDGE('',*,*,#4832,.T.);
#6274=ORIENTED_EDGE('',*,*,#4833,.T.);
#6275=ORIENTED_EDGE('',*,*,#4834,.T.);
#6276=ORIENTED_EDGE('',*,*,#4835,.T.);
#6277=ORIENTED_EDGE('',*,*,#4836,.T.);
#6278=ORIENTED_EDGE('',*,*,#4837,.T.);
#6279=ORIENTED_EDGE('',*,*,#4838,.T.);
#6280=ORIENTED_EDGE('',*,*,#4839,.T.);
#6281=ORIENTED_EDGE('',*,*,#4840,.T.);
#6282=ORIENTED_EDGE('',*,*,#4841,.T.);
#6283=ORIENTED_EDGE('',*,*,#4842,.T.);
#6284=ORIENTED_EDGE('',*,*,#4843,.T.);
#6285=ORIENTED_EDGE('',*,*,#4844,.T.);
#6286=ORIENTED_EDGE('',*,*,#4845,.T.);
#6287=ORIENTED_EDGE('',*,*,#4846,.T.);
#6288=ORIENTED_EDGE('',*,*,#4847,.T.);
#6289=ORIENTED_EDGE('',*,*,#4848,.T.);
#6290=ORIENTED_EDGE('',*,*,#4849,.T.);
#6291=ORIENTED_EDGE('',*,*,#4850,.T.);
#6292=ORIENTED_EDGE('',*,*,#4851,.T.);
#6293=ORIENTED_EDGE('',*,*,#4852,.T.);
#6294=ORIENTED_EDGE('',*,*,#4853,.T.);
#6295=ORIENTED_EDGE('',*,*,#4854,.T.);
#6296=ORIENTED_EDGE('',*,*,#4855,.T.);
#6297=ORIENTED_EDGE('',*,*,#4856,.T.);
#6298=ORIENTED_EDGE('',*,*,#4857,.T.);
#6299=ORIENTED_EDGE('',*,*,#4858,.T.);
#6300=ORIENTED_EDGE('',*,*,#4859,.T.);
#6301=ORIENTED_EDGE('',*,*,#4860,.T.);
#6302=ORIENTED_EDGE('',*,*,#4861,.T.);
#6303=ORIENTED_EDGE('',*,*,#4862,.T.);
#6304=ORIENTED_EDGE('',*,*,#4863,.T.);
#6305=ORIENTED_EDGE('',*,*,#4864,.T.);
#6306=ORIENTED_EDGE('',*,*,#4865,.T.);
#6307=ORIENTED_EDGE('',*,*,#4866,.T.);
#6308=ORIENTED_EDGE('',*,*,#4867,.T.);
#6309=ORIENTED_EDGE('',*,*,#4868,.T.);
#6310=ORIENTED_EDGE('',*,*,#4869,.T.);
#6311=ORIENTED_EDGE('',*,*,#4870,.T.);
#6312=ORIENTED_EDGE('',*,*,#4871,.T.);
#6313=ORIENTED_EDGE('',*,*,#4872,.T.);
#6314=ORIENTED_EDGE('',*,*,#4873,.T.);
#6315=ORIENTED_EDGE('',*,*,#4874,.T.);
#6316=ORIENTED_EDGE('',*,*,#4875,.T.);
#6317=ORIENTED_EDGE('',*,*,#4876,.T.);
#6318=ORIENTED_EDGE('',*,*,#4877,.T.);
#6319=ORIENTED_EDGE('',*,*,#4878,.T.);
#6320=ORIENTED_EDGE('',*,*,#4879,.T.);
#6321=ORIENTED_EDGE('',*,*,#4880,.T.);
#6322=ORIENTED_EDGE('',*,*,#4881,.T.);
#6323=ORIENTED_EDGE('',*,*,#4882,.T.);
#6324=ORIENTED_EDGE('',*,*,#4883,.T.);
#6325=ORIENTED_EDGE('',*,*,#4884,.T.);
#6326=ORIENTED_EDGE('',*,*,#4885,.T.);
#6327=ORIENTED_EDGE('',*,*,#4886,.T.);
#6328=ORIENTED_EDGE('',*,*,#4887,.T.);
#6329=ORIENTED_EDGE('',*,*,#4888,.T.);
#6330=ORIENTED_EDGE('',*,*,#4889,.T.);
#6331=ORIENTED_EDGE('',*,*,#4890,.T.);
#6332=ORIENTED_EDGE('',*,*,#4891,.T.);
#6333=ORIENTED_EDGE('',*,*,#4892,.T.);
#6334=ORIENTED_EDGE('',*,*,#4893,.T.);
#6335=ORIENTED_EDGE('',*,*,#4894,.T.);
#6336=ORIENTED_EDGE('',*,*,#4895,.T.);
#6337=ORIENTED_EDGE('',*,*,#4896,.T.);
#6338=ORIENTED_EDGE('',*,*,#4897,.T.);
#6339=ORIENTED_EDGE('',*,*,#4898,.T.);
#6340=ORIENTED_EDGE('',*,*,#4899,.T.);
#6341=ORIENTED_EDGE('',*,*,#4900,.T.);
#6342=ORIENTED_EDGE('',*,*,#4901,.T.);
#6343=ORIENTED_EDGE('',*,*,#4902,.T.);
#6344=ORIENTED_EDGE('',*,*,#4903,.T.);
#6345=ORIENTED_EDGE('',*,*,#4904,.T.);
#6346=ORIENTED_EDGE('',*,*,#4905,.T.);
#6347=ORIENTED_EDGE('',*,*,#4906,.T.);
#6348=ORIENTED_EDGE('',*,*,#4907,.T.);
#6349=ORIENTED_EDGE('',*,*,#4908,.T.);
#6350=ORIENTED_EDGE('',*,*,#4909,.T.);
#6351=ORIENTED_EDGE('',*,*,#4910,.T.);
#6352=ORIENTED_EDGE('',*,*,#4911,.T.);
#6353=ORIENTED_EDGE('',*,*,#4912,.T.);
#6354=ORIENTED_EDGE('',*,*,#4913,.T.);
#6355=ORIENTED_EDGE('',*,*,#4914,.T.);
#6356=ORIENTED_EDGE('',*,*,#4915,.T.);
#6357=ORIENTED_EDGE('',*,*,#4916,.T.);
#6358=ORIENTED_EDGE('',*,*,#4917,.T.);
#6359=ORIENTED_EDGE('',*,*,#4918,.T.);
#6360=ORIENTED_EDGE('',*,*,#4919,.T.);
#6361=ORIENTED_EDGE('',*,*,#4920,.T.);
#6362=ORIENTED_EDGE('',*,*,#4921,.T.);
#6363=ORIENTED_EDGE('',*,*,#4922,.T.);
#6364=ORIENTED_EDGE('',*,*,#4923,.T.);
#6365=ORIENTED_EDGE('',*,*,#4924,.T.);
#6366=ORIENTED_EDGE('',*,*,#4925,.T.);
#6367=ORIENTED_EDGE('',*,*,#4926,.T.);
#6368=ORIENTED_EDGE('',*,*,#4927,.T.);
#6369=ORIENTED_EDGE('',*,*,#4928,.T.);
#6370=ORIENTED_EDGE('',*,*,#4929,.T.);
#6371=ORIENTED_EDGE('',*,*,#4930,.T.);
#6372=ORIENTED_EDGE('',*,*,#4931,.T.);
#6373=ORIENTED_EDGE('',*,*,#4932,.T.);
#6374=ORIENTED_EDGE('',*,*,#4933,.T.);
#6375=ORIENTED_EDGE('',*,*,#4934,.T.);
#6376=ORIENTED_EDGE('',*,*,#4935,.T.);
#6377=ORIENTED_EDGE('',*,*,#4936,.T.);
#6378=ORIENTED_EDGE('',*,*,#4937,.T.);
#6379=ORIENTED_EDGE('',*,*,#4938,.T.);
#6380=ORIENTED_EDGE('',*,*,#4939,.T.);
#6381=ORIENTED_EDGE('',*,*,#4940,.T.);
#6382=ORIENTED_EDGE('',*,*,#4941,.T.);
#6383=ORIENTED_EDGE('',*,*,#4942,.T.);
#6384=ORIENTED_EDGE('',*,*,#4943,.T.);
#6385=ORIENTED_EDGE('',*,*,#4944,.T.);
#6386=ORIENTED_EDGE('',*,*,#4945,.T.);
#6387=ORIENTED_EDGE('',*,*,#4946,.T.);
#6388=ORIENTED_EDGE('',*,*,#4947,.T.);
#6389=ORIENTED_EDGE('',*,*,#4948,.T.);
#6390=ORIENTED_EDGE('',*,*,#4949,.T.);
#6391=ORIENTED_EDGE('',*,*,#4950,.T.);
#6392=ORIENTED_EDGE('',*,*,#4951,.T.);
#6393=ORIENTED_EDGE('',*,*,#4952,.T.);
#6394=ORIENTED_EDGE('',*,*,#4953,.T.);
#6395=ORIENTED_EDGE('',*,*,#4954,.T.);
#6396=ORIENTED_EDGE('',*,*,#4955,.T.);
#6397=ORIENTED_EDGE('',*,*,#4956,.T.);
#6398=ORIENTED_EDGE('',*,*,#4957,.T.);
#6399=ORIENTED_EDGE('',*,*,#4958,.T.);
#6400=ORIENTED_EDGE('',*,*,#4959,.T.);
#6401=ORIENTED_EDGE('',*,*,#4960,.T.);
#6402=ORIENTED_EDGE('',*,*,#4961,.T.);
#6403=ORIENTED_EDGE('',*,*,#4962,.T.);
#6404=ORIENTED_EDGE('',*,*,#4963,.T.);
#6405=ORIENTED_EDGE('',*,*,#4964,.T.);
#6406=ORIENTED_EDGE('',*,*,#4965,.T.);
#6407=ORIENTED_EDGE('',*,*,#4966,.T.);
#6408=ORIENTED_EDGE('',*,*,#4967,.T.);
#6409=ORIENTED_EDGE('',*,*,#4968,.T.);
#6410=ORIENTED_EDGE('',*,*,#4969,.T.);
#6411=ORIENTED_EDGE('',*,*,#4970,.T.);
#6412=ORIENTED_EDGE('',*,*,#4971,.T.);
#6413=ORIENTED_EDGE('',*,*,#4972,.T.);
#6414=ORIENTED_EDGE('',*,*,#4973,.T.);
#6415=ORIENTED_EDGE('',*,*,#4974,.T.);
#6416=ORIENTED_EDGE('',*,*,#4975,.T.);
#6417=ORIENTED_EDGE('',*,*,#4976,.T.);
#6418=ORIENTED_EDGE('',*,*,#4977,.T.);
#6419=ORIENTED_EDGE('',*,*,#4978,.T.);
#6420=ORIENTED_EDGE('',*,*,#4979,.T.);
#6421=ORIENTED_EDGE('',*,*,#4980,.T.);
#6422=ORIENTED_EDGE('',*,*,#4981,.T.);
#6423=ORIENTED_EDGE('',*,*,#4982,.T.);
#6424=ORIENTED_EDGE('',*,*,#4983,.T.);
#6425=ORIENTED_EDGE('',*,*,#4984,.T.);
#6426=ORIENTED_EDGE('',*,*,#4985,.T.);
#6427=ORIENTED_EDGE('',*,*,#4986,.T.);
#6428=ORIENTED_EDGE('',*,*,#4987,.T.);
#6429=ORIENTED_EDGE('',*,*,#4988,.T.);
#6430=ORIENTED_EDGE('',*,*,#4989,.T.);
#6431=ORIENTED_EDGE('',*,*,#4990,.T.);
#6432=ORIENTED_EDGE('',*,*,#4991,.T.);
#6433=ORIENTED_EDGE('',*,*,#4992,.T.);
#6434=ORIENTED_EDGE('',*,*,#4993,.T.);
#6435=ORIENTED_EDGE('',*,*,#4994,.T.);
#6436=ORIENTED_EDGE('',*,*,#4995,.T.);
#6437=ORIENTED_EDGE('',*,*,#4996,.T.);
#6438=ORIENTED_EDGE('',*,*,#4997,.T.);
#6439=ORIENTED_EDGE('',*,*,#4998,.T.);
#6440=ORIENTED_EDGE('',*,*,#4999,.T.);
#6441=ORIENTED_EDGE('',*,*,#5000,.T.);
#6442=ORIENTED_EDGE('',*,*,#5001,.T.);
#6443=ORIENTED_EDGE('',*,*,#5002,.T.);
#6444=ORIENTED_EDGE('',*,*,#5003,.T.);
#6445=ORIENTED_EDGE('',*,*,#5004,.T.);
#6446=ORIENTED_EDGE('',*,*,#5005,.T.);
#6447=ORIENTED_EDGE('',*,*,#5006,.T.);
#6448=ORIENTED_EDGE('',*,*,#5007,.T.);
#6449=ORIENTED_EDGE('',*,*,#5008,.T.);
#6450=ORIENTED_EDGE('',*,*,#5009,.T.);
#6451=ORIENTED_EDGE('',*,*,#5010,.T.);
#6452=ORIENTED_EDGE('',*,*,#5011,.T.);
#6453=ORIENTED_EDGE('',*,*,#5012,.T.);
#6454=ORIENTED_EDGE('',*,*,#5013,.T.);
#6455=ORIENTED_EDGE('',*,*,#5014,.T.);
#6456=ORIENTED_EDGE('',*,*,#5015,.T.);
#6457=ORIENTED_EDGE('',*,*,#5016,.T.);
#6458=ORIENTED_EDGE('',*,*,#5017,.T.);
#6459=ORIENTED_EDGE('',*,*,#5018,.T.);
#6460=ORIENTED_EDGE('',*,*,#5019,.T.);
#6461=ORIENTED_EDGE('',*,*,#5020,.T.);
#6462=ORIENTED_EDGE('',*,*,#5021,.T.);
#6463=ORIENTED_EDGE('',*,*,#5022,.T.);
#6464=ORIENTED_EDGE('',*,*,#5023,.T.);
#6465=ORIENTED_EDGE('',*,*,#5024,.T.);
#6466=ORIENTED_EDGE('',*,*,#5025,.T.);
#6467=ORIENTED_EDGE('',*,*,#5026,.T.);
#6468=ORIENTED_EDGE('',*,*,#5027,.T.);
#6469=ORIENTED_EDGE('',*,*,#5028,.T.);
#6470=ORIENTED_EDGE('',*,*,#5029,.T.);
#6471=ORIENTED_EDGE('',*,*,#5030,.T.);
#6472=ORIENTED_EDGE('',*,*,#5031,.T.);
#6473=ORIENTED_EDGE('',*,*,#5032,.T.);
#6474=ORIENTED_EDGE('',*,*,#5033,.T.);
#6475=ORIENTED_EDGE('',*,*,#5034,.T.);
#6476=ORIENTED_EDGE('',*,*,#5035,.T.);
#6477=ORIENTED_EDGE('',*,*,#5036,.T.);
#6478=ORIENTED_EDGE('',*,*,#5037,.T.);
#6479=ORIENTED_EDGE('',*,*,#5038,.T.);
#6480=ORIENTED_EDGE('',*,*,#5039,.T.);
#6481=ORIENTED_EDGE('',*,*,#5040,.T.);
#6482=ORIENTED_EDGE('',*,*,#5041,.T.);
#6483=ORIENTED_EDGE('',*,*,#5042,.T.);
#6484=ORIENTED_EDGE('',*,*,#5043,.T.);
#6485=ORIENTED_EDGE('',*,*,#5044,.T.);
#6486=ORIENTED_EDGE('',*,*,#5045,.T.);
#6487=ORIENTED_EDGE('',*,*,#5046,.T.);
#6488=ORIENTED_EDGE('',*,*,#5047,.T.);
#6489=ORIENTED_EDGE('',*,*,#5048,.T.);
#6490=ORIENTED_EDGE('',*,*,#5049,.T.);
#6491=ORIENTED_EDGE('',*,*,#5050,.T.);
#6492=ORIENTED_EDGE('',*,*,#5051,.T.);
#6493=ORIENTED_EDGE('',*,*,#5052,.T.);
#6494=ORIENTED_EDGE('',*,*,#5053,.T.);
#6495=ORIENTED_EDGE('',*,*,#5054,.T.);
#6496=ORIENTED_EDGE('',*,*,#5055,.T.);
#6497=ORIENTED_EDGE('',*,*,#5056,.T.);
#6498=ORIENTED_EDGE('',*,*,#5057,.T.);
#6499=ORIENTED_EDGE('',*,*,#5058,.T.);
#6500=ORIENTED_EDGE('',*,*,#5059,.T.);
#6501=ORIENTED_EDGE('',*,*,#5060,.T.);
#6502=ORIENTED_EDGE('',*,*,#5061,.T.);
#6503=ORIENTED_EDGE('',*,*,#5062,.T.);
#6504=ORIENTED_EDGE('',*,*,#5063,.T.);
#6505=ORIENTED_EDGE('',*,*,#5064,.T.);
#6506=ORIENTED_EDGE('',*,*,#5065,.T.);
#6507=ORIENTED_EDGE('',*,*,#5066,.T.);
#6508=ORIENTED_EDGE('',*,*,#5067,.T.);
#6509=ORIENTED_EDGE('',*,*,#5068,.T.);
#6510=ORIENTED_EDGE('',*,*,#5069,.T.);
#6511=ORIENTED_EDGE('',*,*,#5070,.T.);
#6512=ORIENTED_EDGE('',*,*,#5071,.T.);
#6513=ORIENTED_EDGE('',*,*,#5072,.T.);
#6514=ORIENTED_EDGE('',*,*,#5073,.T.);
#6515=ORIENTED_EDGE('',*,*,#5074,.T.);
#6516=ORIENTED_EDGE('',*,*,#5075,.T.);
#6517=ORIENTED_EDGE('',*,*,#5076,.T.);
#6518=ORIENTED_EDGE('',*,*,#5077,.T.);
#6519=ORIENTED_EDGE('',*,*,#5078,.T.);
#6520=ORIENTED_EDGE('',*,*,#5079,.T.);
#6521=ORIENTED_EDGE('',*,*,#5080,.T.);
#6522=ORIENTED_EDGE('',*,*,#5081,.T.);
#6523=ORIENTED_EDGE('',*,*,#5082,.T.);
#6524=ORIENTED_EDGE('',*,*,#5083,.T.);
#6525=ORIENTED_EDGE('',*,*,#5084,.T.);
#6526=ORIENTED_EDGE('',*,*,#5085,.T.);
#6527=ORIENTED_EDGE('',*,*,#5086,.T.);
#6528=ORIENTED_EDGE('',*,*,#5087,.T.);
#6529=ORIENTED_EDGE('',*,*,#5088,.T.);
#6530=ORIENTED_EDGE('',*,*,#5089,.T.);
#6531=ORIENTED_EDGE('',*,*,#5090,.T.);
#6532=ORIENTED_EDGE('',*,*,#5091,.T.);
#6533=ORIENTED_EDGE('',*,*,#5092,.T.);
#6534=ORIENTED_EDGE('',*,*,#5093,.T.);
#6535=ORIENTED_EDGE('',*,*,#5094,.T.);
#6536=ORIENTED_EDGE('',*,*,#5095,.T.);
#6537=ORIENTED_EDGE('',*,*,#5096,.T.);
#6538=ORIENTED_EDGE('',*,*,#5097,.T.);
#6539=ORIENTED_EDGE('',*,*,#5098,.T.);
#6540=ORIENTED_EDGE('',*,*,#5099,.T.);
#6541=ORIENTED_EDGE('',*,*,#5100,.T.);
#6542=ORIENTED_EDGE('',*,*,#5101,.T.);
#6543=ORIENTED_EDGE('',*,*,#5102,.T.);
#6544=ORIENTED_EDGE('',*,*,#5103,.T.);
#6545=ORIENTED_EDGE('',*,*,#5104,.T.);
#6546=ORIENTED_EDGE('',*,*,#5105,.T.);
#6547=ORIENTED_EDGE('',*,*,#5106,.T.);
#6548=ORIENTED_EDGE('',*,*,#5107,.T.);
#6549=ORIENTED_EDGE('',*,*,#5108,.T.);
#6550=ORIENTED_EDGE('',*,*,#5109,.T.);
#6551=ORIENTED_EDGE('',*,*,#5110,.T.);
#6552=ORIENTED_EDGE('',*,*,#5111,.T.);
#6553=ORIENTED_EDGE('',*,*,#5112,.T.);
#6554=ORIENTED_EDGE('',*,*,#5113,.T.);
#6555=ORIENTED_EDGE('',*,*,#5114,.T.);
#6556=ORIENTED_EDGE('',*,*,#5115,.T.);
#6557=ORIENTED_EDGE('',*,*,#5116,.T.);
#6558=ORIENTED_EDGE('',*,*,#5117,.T.);
#6559=ORIENTED_EDGE('',*,*,#5118,.T.);
#6560=ORIENTED_EDGE('',*,*,#5119,.T.);
#6561=ORIENTED_EDGE('',*,*,#5120,.T.);
#6562=ORIENTED_EDGE('',*,*,#5121,.T.);
#6563=ORIENTED_EDGE('',*,*,#5122,.T.);
#6564=ORIENTED_EDGE('',*,*,#5123,.T.);
#6565=ORIENTED_EDGE('',*,*,#5124,.T.);
#6566=ORIENTED_EDGE('',*,*,#5125,.T.);
#6567=ORIENTED_EDGE('',*,*,#5126,.T.);
#6568=ORIENTED_EDGE('',*,*,#5127,.T.);
#6569=ORIENTED_EDGE('',*,*,#5128,.T.);
#6570=ORIENTED_EDGE('',*,*,#5129,.T.);
#6571=ORIENTED_EDGE('',*,*,#5130,.T.);
#6572=ORIENTED_EDGE('',*,*,#5131,.T.);
#6573=ORIENTED_EDGE('',*,*,#5132,.T.);
#6574=ORIENTED_EDGE('',*,*,#5133,.T.);
#6575=ORIENTED_EDGE('',*,*,#5134,.T.);
#6576=ORIENTED_EDGE('',*,*,#5135,.T.);
#6577=ORIENTED_EDGE('',*,*,#5136,.T.);
#6578=ORIENTED_EDGE('',*,*,#5137,.T.);
#6579=ORIENTED_EDGE('',*,*,#5138,.T.);
#6580=ORIENTED_EDGE('',*,*,#5139,.T.);
#6581=ORIENTED_EDGE('',*,*,#5140,.T.);
#6582=ORIENTED_EDGE('',*,*,#5141,.T.);
#6583=ORIENTED_EDGE('',*,*,#5142,.T.);
#6584=ORIENTED_EDGE('',*,*,#5143,.T.);
#6585=ORIENTED_EDGE('',*,*,#5144,.T.);
#6586=ORIENTED_EDGE('',*,*,#5145,.T.);
#6587=ORIENTED_EDGE('',*,*,#5146,.T.);
#6588=ORIENTED_EDGE('',*,*,#5147,.T.);
#6589=ORIENTED_EDGE('',*,*,#5148,.T.);
#6590=ORIENTED_EDGE('',*,*,#5149,.T.);
#6591=ORIENTED_EDGE('',*,*,#5150,.T.);
#6592=ORIENTED_EDGE('',*,*,#5151,.T.);
#6593=ORIENTED_EDGE('',*,*,#5152,.T.);
#6594=ORIENTED_EDGE('',*,*,#5153,.T.);
#6595=ORIENTED_EDGE('',*,*,#5154,.T.);
#6596=ORIENTED_EDGE('',*,*,#5155,.T.);
#6597=ORIENTED_EDGE('',*,*,#5156,.T.);
#6598=ORIENTED_EDGE('',*,*,#5157,.T.);
#6599=ORIENTED_EDGE('',*,*,#5158,.F.);
#6600=ORIENTED_EDGE('',*,*,#5159,.F.);
#6601=ORIENTED_EDGE('',*,*,#5160,.F.);
#6602=ORIENTED_EDGE('',*,*,#5161,.F.);
#6603=ORIENTED_EDGE('',*,*,#4713,.T.);
#6604=ORIENTED_EDGE('',*,*,#4739,.T.);
#6605=ORIENTED_EDGE('',*,*,#4740,.T.);
#6606=ORIENTED_EDGE('',*,*,#4690,.T.);
#6607=ORIENTED_EDGE('',*,*,#4665,.T.);
#6608=ORIENTED_EDGE('',*,*,#5162,.T.);
#6609=ORIENTED_EDGE('',*,*,#5163,.T.);
#6610=ORIENTED_EDGE('',*,*,#5164,.T.);
#6611=ORIENTED_EDGE('',*,*,#5165,.T.);
#6612=ORIENTED_EDGE('',*,*,#4695,.T.);
#6613=ORIENTED_EDGE('',*,*,#4671,.T.);
#6614=ORIENTED_EDGE('',*,*,#5166,.T.);
#6615=ORIENTED_EDGE('',*,*,#5167,.T.);
#6616=ORIENTED_EDGE('',*,*,#5168,.T.);
#6617=ORIENTED_EDGE('',*,*,#5169,.T.);
#6618=ORIENTED_EDGE('',*,*,#4698,.T.);
#6619=ORIENTED_EDGE('',*,*,#4675,.T.);
#6620=ORIENTED_EDGE('',*,*,#5170,.T.);
#6621=ORIENTED_EDGE('',*,*,#5171,.T.);
#6622=ORIENTED_EDGE('',*,*,#5172,.T.);
#6623=ORIENTED_EDGE('',*,*,#5173,.T.);
#6624=ORIENTED_EDGE('',*,*,#4701,.T.);
#6625=ORIENTED_EDGE('',*,*,#4679,.T.);
#6626=ORIENTED_EDGE('',*,*,#5174,.T.);
#6627=ORIENTED_EDGE('',*,*,#5175,.T.);
#6628=ORIENTED_EDGE('',*,*,#5176,.T.);
#6629=ORIENTED_EDGE('',*,*,#5177,.T.);
#6630=ORIENTED_EDGE('',*,*,#4714,.T.);
#6631=ORIENTED_EDGE('',*,*,#4683,.T.);
#6632=ORIENTED_EDGE('',*,*,#5178,.T.);
#6633=ORIENTED_EDGE('',*,*,#5179,.T.);
#6634=ORIENTED_EDGE('',*,*,#5180,.T.);
#6635=ORIENTED_EDGE('',*,*,#5181,.T.);
#6636=ORIENTED_EDGE('',*,*,#4692,.T.);
#6637=ORIENTED_EDGE('',*,*,#5182,.T.);
#6638=ORIENTED_EDGE('',*,*,#5183,.T.);
#6639=ORIENTED_EDGE('',*,*,#5184,.T.);
#6640=ORIENTED_EDGE('',*,*,#5185,.T.);
#6641=ORIENTED_EDGE('',*,*,#5186,.T.);
#6642=ORIENTED_EDGE('',*,*,#5187,.T.);
#6643=ORIENTED_EDGE('',*,*,#5188,.T.);
#6644=ORIENTED_EDGE('',*,*,#5189,.T.);
#6645=ORIENTED_EDGE('',*,*,#5190,.T.);
#6646=ORIENTED_EDGE('',*,*,#5191,.T.);
#6647=ORIENTED_EDGE('',*,*,#5192,.T.);
#6648=ORIENTED_EDGE('',*,*,#5193,.T.);
#6649=ORIENTED_EDGE('',*,*,#5194,.T.);
#6650=ORIENTED_EDGE('',*,*,#5195,.T.);
#6651=ORIENTED_EDGE('',*,*,#5196,.T.);
#6652=ORIENTED_EDGE('',*,*,#5197,.T.);
#6653=ORIENTED_EDGE('',*,*,#5198,.T.);
#6654=ORIENTED_EDGE('',*,*,#5199,.T.);
#6655=ORIENTED_EDGE('',*,*,#5200,.T.);
#6656=ORIENTED_EDGE('',*,*,#5201,.T.);
#6657=ORIENTED_EDGE('',*,*,#5202,.T.);
#6658=ORIENTED_EDGE('',*,*,#5203,.T.);
#6659=ORIENTED_EDGE('',*,*,#5204,.T.);
#6660=ORIENTED_EDGE('',*,*,#5205,.T.);
#6661=ORIENTED_EDGE('',*,*,#5206,.T.);
#6662=ORIENTED_EDGE('',*,*,#5207,.T.);
#6663=ORIENTED_EDGE('',*,*,#5208,.T.);
#6664=ORIENTED_EDGE('',*,*,#5209,.T.);
#6665=ORIENTED_EDGE('',*,*,#5210,.T.);
#6666=ORIENTED_EDGE('',*,*,#5211,.T.);
#6667=ORIENTED_EDGE('',*,*,#5212,.T.);
#6668=ORIENTED_EDGE('',*,*,#5213,.T.);
#6669=ORIENTED_EDGE('',*,*,#5214,.T.);
#6670=ORIENTED_EDGE('',*,*,#5215,.T.);
#6671=ORIENTED_EDGE('',*,*,#5216,.T.);
#6672=ORIENTED_EDGE('',*,*,#5217,.T.);
#6673=ORIENTED_EDGE('',*,*,#5218,.T.);
#6674=ORIENTED_EDGE('',*,*,#5219,.T.);
#6675=ORIENTED_EDGE('',*,*,#5220,.T.);
#6676=ORIENTED_EDGE('',*,*,#5221,.T.);
#6677=ORIENTED_EDGE('',*,*,#5222,.T.);
#6678=ORIENTED_EDGE('',*,*,#5223,.T.);
#6679=ORIENTED_EDGE('',*,*,#5224,.T.);
#6680=ORIENTED_EDGE('',*,*,#5225,.T.);
#6681=ORIENTED_EDGE('',*,*,#5226,.T.);
#6682=ORIENTED_EDGE('',*,*,#5227,.T.);
#6683=ORIENTED_EDGE('',*,*,#5228,.T.);
#6684=ORIENTED_EDGE('',*,*,#5229,.T.);
#6685=ORIENTED_EDGE('',*,*,#5230,.T.);
#6686=ORIENTED_EDGE('',*,*,#5231,.T.);
#6687=ORIENTED_EDGE('',*,*,#5232,.T.);
#6688=ORIENTED_EDGE('',*,*,#5233,.T.);
#6689=ORIENTED_EDGE('',*,*,#5234,.T.);
#6690=ORIENTED_EDGE('',*,*,#5235,.T.);
#6691=ORIENTED_EDGE('',*,*,#5236,.T.);
#6692=ORIENTED_EDGE('',*,*,#5237,.T.);
#6693=ORIENTED_EDGE('',*,*,#5238,.T.);
#6694=ORIENTED_EDGE('',*,*,#5239,.T.);
#6695=ORIENTED_EDGE('',*,*,#5240,.T.);
#6696=ORIENTED_EDGE('',*,*,#5241,.T.);
#6697=ORIENTED_EDGE('',*,*,#5242,.T.);
#6698=ORIENTED_EDGE('',*,*,#5243,.T.);
#6699=ORIENTED_EDGE('',*,*,#5244,.T.);
#6700=ORIENTED_EDGE('',*,*,#5245,.T.);
#6701=ORIENTED_EDGE('',*,*,#5246,.T.);
#6702=ORIENTED_EDGE('',*,*,#5247,.T.);
#6703=ORIENTED_EDGE('',*,*,#5248,.T.);
#6704=ORIENTED_EDGE('',*,*,#5249,.T.);
#6705=ORIENTED_EDGE('',*,*,#5250,.T.);
#6706=ORIENTED_EDGE('',*,*,#5251,.T.);
#6707=ORIENTED_EDGE('',*,*,#5252,.T.);
#6708=ORIENTED_EDGE('',*,*,#5253,.T.);
#6709=ORIENTED_EDGE('',*,*,#5254,.T.);
#6710=ORIENTED_EDGE('',*,*,#5255,.T.);
#6711=ORIENTED_EDGE('',*,*,#5256,.T.);
#6712=ORIENTED_EDGE('',*,*,#5257,.T.);
#6713=ORIENTED_EDGE('',*,*,#5258,.T.);
#6714=ORIENTED_EDGE('',*,*,#5259,.T.);
#6715=ORIENTED_EDGE('',*,*,#5260,.T.);
#6716=ORIENTED_EDGE('',*,*,#5261,.T.);
#6717=ORIENTED_EDGE('',*,*,#5262,.T.);
#6718=ORIENTED_EDGE('',*,*,#5263,.T.);
#6719=ORIENTED_EDGE('',*,*,#5264,.T.);
#6720=ORIENTED_EDGE('',*,*,#5265,.T.);
#6721=ORIENTED_EDGE('',*,*,#5266,.T.);
#6722=ORIENTED_EDGE('',*,*,#5267,.T.);
#6723=ORIENTED_EDGE('',*,*,#5268,.T.);
#6724=ORIENTED_EDGE('',*,*,#5269,.T.);
#6725=ORIENTED_EDGE('',*,*,#5270,.T.);
#6726=ORIENTED_EDGE('',*,*,#5271,.T.);
#6727=ORIENTED_EDGE('',*,*,#5272,.T.);
#6728=ORIENTED_EDGE('',*,*,#5273,.T.);
#6729=ORIENTED_EDGE('',*,*,#5274,.T.);
#6730=ORIENTED_EDGE('',*,*,#5275,.T.);
#6731=ORIENTED_EDGE('',*,*,#5276,.T.);
#6732=ORIENTED_EDGE('',*,*,#5277,.T.);
#6733=ORIENTED_EDGE('',*,*,#5278,.T.);
#6734=ORIENTED_EDGE('',*,*,#5279,.T.);
#6735=ORIENTED_EDGE('',*,*,#5280,.T.);
#6736=ORIENTED_EDGE('',*,*,#5281,.T.);
#6737=ORIENTED_EDGE('',*,*,#5282,.T.);
#6738=ORIENTED_EDGE('',*,*,#5283,.T.);
#6739=ORIENTED_EDGE('',*,*,#5284,.T.);
#6740=ORIENTED_EDGE('',*,*,#5285,.T.);
#6741=ORIENTED_EDGE('',*,*,#5286,.T.);
#6742=ORIENTED_EDGE('',*,*,#5287,.T.);
#6743=ORIENTED_EDGE('',*,*,#5288,.T.);
#6744=ORIENTED_EDGE('',*,*,#5289,.T.);
#6745=ORIENTED_EDGE('',*,*,#5290,.T.);
#6746=ORIENTED_EDGE('',*,*,#5291,.T.);
#6747=ORIENTED_EDGE('',*,*,#5292,.T.);
#6748=ORIENTED_EDGE('',*,*,#5293,.T.);
#6749=ORIENTED_EDGE('',*,*,#5294,.T.);
#6750=ORIENTED_EDGE('',*,*,#5295,.T.);
#6751=ORIENTED_EDGE('',*,*,#5296,.T.);
#6752=ORIENTED_EDGE('',*,*,#5297,.T.);
#6753=ORIENTED_EDGE('',*,*,#5298,.T.);
#6754=ORIENTED_EDGE('',*,*,#5299,.T.);
#6755=ORIENTED_EDGE('',*,*,#5300,.T.);
#6756=ORIENTED_EDGE('',*,*,#5301,.T.);
#6757=ORIENTED_EDGE('',*,*,#5302,.T.);
#6758=ORIENTED_EDGE('',*,*,#5303,.T.);
#6759=ORIENTED_EDGE('',*,*,#5304,.T.);
#6760=ORIENTED_EDGE('',*,*,#5305,.T.);
#6761=ORIENTED_EDGE('',*,*,#5306,.T.);
#6762=ORIENTED_EDGE('',*,*,#5307,.T.);
#6763=ORIENTED_EDGE('',*,*,#5308,.T.);
#6764=ORIENTED_EDGE('',*,*,#5309,.T.);
#6765=ORIENTED_EDGE('',*,*,#5310,.T.);
#6766=ORIENTED_EDGE('',*,*,#5311,.T.);
#6767=ORIENTED_EDGE('',*,*,#5312,.T.);
#6768=ORIENTED_EDGE('',*,*,#5313,.T.);
#6769=ORIENTED_EDGE('',*,*,#5314,.T.);
#6770=ORIENTED_EDGE('',*,*,#5315,.T.);
#6771=ORIENTED_EDGE('',*,*,#5316,.T.);
#6772=ORIENTED_EDGE('',*,*,#5317,.T.);
#6773=ORIENTED_EDGE('',*,*,#5318,.T.);
#6774=ORIENTED_EDGE('',*,*,#5319,.T.);
#6775=ORIENTED_EDGE('',*,*,#5320,.T.);
#6776=ORIENTED_EDGE('',*,*,#5321,.T.);
#6777=ORIENTED_EDGE('',*,*,#5322,.T.);
#6778=ORIENTED_EDGE('',*,*,#5323,.T.);
#6779=ORIENTED_EDGE('',*,*,#5324,.T.);
#6780=ORIENTED_EDGE('',*,*,#5325,.T.);
#6781=ORIENTED_EDGE('',*,*,#5326,.T.);
#6782=ORIENTED_EDGE('',*,*,#5327,.T.);
#6783=ORIENTED_EDGE('',*,*,#5328,.T.);
#6784=ORIENTED_EDGE('',*,*,#5329,.T.);
#6785=ORIENTED_EDGE('',*,*,#5330,.T.);
#6786=ORIENTED_EDGE('',*,*,#5331,.T.);
#6787=ORIENTED_EDGE('',*,*,#5332,.T.);
#6788=ORIENTED_EDGE('',*,*,#5333,.T.);
#6789=ORIENTED_EDGE('',*,*,#5334,.T.);
#6790=ORIENTED_EDGE('',*,*,#5335,.T.);
#6791=ORIENTED_EDGE('',*,*,#5336,.T.);
#6792=ORIENTED_EDGE('',*,*,#5337,.T.);
#6793=ORIENTED_EDGE('',*,*,#5338,.T.);
#6794=ORIENTED_EDGE('',*,*,#5339,.T.);
#6795=ORIENTED_EDGE('',*,*,#5340,.T.);
#6796=ORIENTED_EDGE('',*,*,#5341,.T.);
#6797=ORIENTED_EDGE('',*,*,#5342,.T.);
#6798=ORIENTED_EDGE('',*,*,#5343,.T.);
#6799=ORIENTED_EDGE('',*,*,#5344,.T.);
#6800=ORIENTED_EDGE('',*,*,#5345,.T.);
#6801=ORIENTED_EDGE('',*,*,#5346,.T.);
#6802=ORIENTED_EDGE('',*,*,#5347,.T.);
#6803=ORIENTED_EDGE('',*,*,#5348,.T.);
#6804=ORIENTED_EDGE('',*,*,#5349,.T.);
#6805=ORIENTED_EDGE('',*,*,#5350,.T.);
#6806=ORIENTED_EDGE('',*,*,#5351,.T.);
#6807=ORIENTED_EDGE('',*,*,#5352,.T.);
#6808=ORIENTED_EDGE('',*,*,#5353,.T.);
#6809=ORIENTED_EDGE('',*,*,#5354,.T.);
#6810=ORIENTED_EDGE('',*,*,#5355,.T.);
#6811=ORIENTED_EDGE('',*,*,#5356,.T.);
#6812=ORIENTED_EDGE('',*,*,#5357,.T.);
#6813=ORIENTED_EDGE('',*,*,#5358,.T.);
#6814=ORIENTED_EDGE('',*,*,#5359,.T.);
#6815=ORIENTED_EDGE('',*,*,#5360,.T.);
#6816=ORIENTED_EDGE('',*,*,#5361,.T.);
#6817=ORIENTED_EDGE('',*,*,#5362,.T.);
#6818=ORIENTED_EDGE('',*,*,#5363,.T.);
#6819=ORIENTED_EDGE('',*,*,#5364,.T.);
#6820=ORIENTED_EDGE('',*,*,#5365,.T.);
#6821=ORIENTED_EDGE('',*,*,#5366,.T.);
#6822=ORIENTED_EDGE('',*,*,#5367,.T.);
#6823=ORIENTED_EDGE('',*,*,#5368,.T.);
#6824=ORIENTED_EDGE('',*,*,#5369,.T.);
#6825=ORIENTED_EDGE('',*,*,#5370,.T.);
#6826=ORIENTED_EDGE('',*,*,#5371,.T.);
#6827=ORIENTED_EDGE('',*,*,#5372,.T.);
#6828=ORIENTED_EDGE('',*,*,#5373,.T.);
#6829=ORIENTED_EDGE('',*,*,#5374,.T.);
#6830=ORIENTED_EDGE('',*,*,#5375,.T.);
#6831=ORIENTED_EDGE('',*,*,#5376,.T.);
#6832=ORIENTED_EDGE('',*,*,#5377,.T.);
#6833=ORIENTED_EDGE('',*,*,#5378,.T.);
#6834=ORIENTED_EDGE('',*,*,#5379,.T.);
#6835=ORIENTED_EDGE('',*,*,#5380,.T.);
#6836=ORIENTED_EDGE('',*,*,#5381,.T.);
#6837=ORIENTED_EDGE('',*,*,#5382,.T.);
#6838=ORIENTED_EDGE('',*,*,#5383,.T.);
#6839=ORIENTED_EDGE('',*,*,#5384,.T.);
#6840=ORIENTED_EDGE('',*,*,#5385,.T.);
#6841=ORIENTED_EDGE('',*,*,#5386,.T.);
#6842=ORIENTED_EDGE('',*,*,#5387,.T.);
#6843=ORIENTED_EDGE('',*,*,#5388,.T.);
#6844=ORIENTED_EDGE('',*,*,#5389,.T.);
#6845=ORIENTED_EDGE('',*,*,#5390,.T.);
#6846=ORIENTED_EDGE('',*,*,#5391,.T.);
#6847=ORIENTED_EDGE('',*,*,#5392,.T.);
#6848=ORIENTED_EDGE('',*,*,#5393,.T.);
#6849=ORIENTED_EDGE('',*,*,#5394,.T.);
#6850=ORIENTED_EDGE('',*,*,#5395,.T.);
#6851=ORIENTED_EDGE('',*,*,#5396,.T.);
#6852=ORIENTED_EDGE('',*,*,#5397,.T.);
#6853=ORIENTED_EDGE('',*,*,#5398,.T.);
#6854=ORIENTED_EDGE('',*,*,#5399,.T.);
#6855=ORIENTED_EDGE('',*,*,#5400,.T.);
#6856=ORIENTED_EDGE('',*,*,#5401,.T.);
#6857=ORIENTED_EDGE('',*,*,#5402,.T.);
#6858=ORIENTED_EDGE('',*,*,#5403,.T.);
#6859=ORIENTED_EDGE('',*,*,#5404,.T.);
#6860=ORIENTED_EDGE('',*,*,#5405,.T.);
#6861=ORIENTED_EDGE('',*,*,#5406,.T.);
#6862=ORIENTED_EDGE('',*,*,#5407,.T.);
#6863=ORIENTED_EDGE('',*,*,#5408,.T.);
#6864=ORIENTED_EDGE('',*,*,#5409,.T.);
#6865=ORIENTED_EDGE('',*,*,#5410,.T.);
#6866=ORIENTED_EDGE('',*,*,#5411,.T.);
#6867=ORIENTED_EDGE('',*,*,#5412,.T.);
#6868=ORIENTED_EDGE('',*,*,#5413,.T.);
#6869=ORIENTED_EDGE('',*,*,#5414,.T.);
#6870=ORIENTED_EDGE('',*,*,#5415,.T.);
#6871=ORIENTED_EDGE('',*,*,#5416,.T.);
#6872=ORIENTED_EDGE('',*,*,#5417,.T.);
#6873=ORIENTED_EDGE('',*,*,#5418,.T.);
#6874=ORIENTED_EDGE('',*,*,#5419,.T.);
#6875=ORIENTED_EDGE('',*,*,#5420,.T.);
#6876=ORIENTED_EDGE('',*,*,#5421,.T.);
#6877=ORIENTED_EDGE('',*,*,#5422,.T.);
#6878=ORIENTED_EDGE('',*,*,#5423,.T.);
#6879=ORIENTED_EDGE('',*,*,#5424,.T.);
#6880=ORIENTED_EDGE('',*,*,#5425,.T.);
#6881=ORIENTED_EDGE('',*,*,#5426,.T.);
#6882=ORIENTED_EDGE('',*,*,#5427,.T.);
#6883=ORIENTED_EDGE('',*,*,#5428,.T.);
#6884=ORIENTED_EDGE('',*,*,#5429,.T.);
#6885=ORIENTED_EDGE('',*,*,#5430,.T.);
#6886=ORIENTED_EDGE('',*,*,#5431,.T.);
#6887=ORIENTED_EDGE('',*,*,#5432,.T.);
#6888=ORIENTED_EDGE('',*,*,#5433,.T.);
#6889=ORIENTED_EDGE('',*,*,#5434,.T.);
#6890=ORIENTED_EDGE('',*,*,#5435,.T.);
#6891=ORIENTED_EDGE('',*,*,#5436,.T.);
#6892=ORIENTED_EDGE('',*,*,#5437,.T.);
#6893=ORIENTED_EDGE('',*,*,#5438,.T.);
#6894=ORIENTED_EDGE('',*,*,#5439,.T.);
#6895=ORIENTED_EDGE('',*,*,#5440,.T.);
#6896=ORIENTED_EDGE('',*,*,#5441,.T.);
#6897=ORIENTED_EDGE('',*,*,#5442,.T.);
#6898=ORIENTED_EDGE('',*,*,#5443,.T.);
#6899=ORIENTED_EDGE('',*,*,#5444,.T.);
#6900=ORIENTED_EDGE('',*,*,#5445,.T.);
#6901=ORIENTED_EDGE('',*,*,#5446,.T.);
#6902=ORIENTED_EDGE('',*,*,#5447,.T.);
#6903=ORIENTED_EDGE('',*,*,#5448,.T.);
#6904=ORIENTED_EDGE('',*,*,#5449,.T.);
#6905=ORIENTED_EDGE('',*,*,#5450,.T.);
#6906=ORIENTED_EDGE('',*,*,#5451,.T.);
#6907=ORIENTED_EDGE('',*,*,#5452,.T.);
#6908=ORIENTED_EDGE('',*,*,#5453,.T.);
#6909=ORIENTED_EDGE('',*,*,#5454,.T.);
#6910=ORIENTED_EDGE('',*,*,#5455,.T.);
#6911=ORIENTED_EDGE('',*,*,#5456,.T.);
#6912=ORIENTED_EDGE('',*,*,#5457,.T.);
#6913=ORIENTED_EDGE('',*,*,#5458,.T.);
#6914=ORIENTED_EDGE('',*,*,#5459,.T.);
#6915=ORIENTED_EDGE('',*,*,#5460,.T.);
#6916=ORIENTED_EDGE('',*,*,#5461,.T.);
#6917=ORIENTED_EDGE('',*,*,#5462,.T.);
#6918=ORIENTED_EDGE('',*,*,#5463,.T.);
#6919=ORIENTED_EDGE('',*,*,#5464,.T.);
#6920=ORIENTED_EDGE('',*,*,#5465,.T.);
#6921=ORIENTED_EDGE('',*,*,#5466,.T.);
#6922=ORIENTED_EDGE('',*,*,#5467,.T.);
#6923=ORIENTED_EDGE('',*,*,#5468,.T.);
#6924=ORIENTED_EDGE('',*,*,#5469,.T.);
#6925=ORIENTED_EDGE('',*,*,#5470,.T.);
#6926=ORIENTED_EDGE('',*,*,#5471,.T.);
#6927=ORIENTED_EDGE('',*,*,#5472,.T.);
#6928=ORIENTED_EDGE('',*,*,#5473,.T.);
#6929=ORIENTED_EDGE('',*,*,#5474,.T.);
#6930=ORIENTED_EDGE('',*,*,#5475,.T.);
#6931=ORIENTED_EDGE('',*,*,#5476,.T.);
#6932=ORIENTED_EDGE('',*,*,#5477,.T.);
#6933=ORIENTED_EDGE('',*,*,#5478,.T.);
#6934=ORIENTED_EDGE('',*,*,#5479,.T.);
#6935=ORIENTED_EDGE('',*,*,#5480,.T.);
#6936=ORIENTED_EDGE('',*,*,#5481,.T.);
#6937=ORIENTED_EDGE('',*,*,#5482,.T.);
#6938=ORIENTED_EDGE('',*,*,#5483,.T.);
#6939=ORIENTED_EDGE('',*,*,#5484,.T.);
#6940=ORIENTED_EDGE('',*,*,#5485,.T.);
#6941=ORIENTED_EDGE('',*,*,#5486,.T.);
#6942=ORIENTED_EDGE('',*,*,#5487,.T.);
#6943=ORIENTED_EDGE('',*,*,#5488,.T.);
#6944=ORIENTED_EDGE('',*,*,#5489,.T.);
#6945=ORIENTED_EDGE('',*,*,#5490,.T.);
#6946=ORIENTED_EDGE('',*,*,#5491,.T.);
#6947=ORIENTED_EDGE('',*,*,#5492,.T.);
#6948=ORIENTED_EDGE('',*,*,#5493,.T.);
#6949=ORIENTED_EDGE('',*,*,#5494,.T.);
#6950=ORIENTED_EDGE('',*,*,#5495,.T.);
#6951=ORIENTED_EDGE('',*,*,#5496,.T.);
#6952=ORIENTED_EDGE('',*,*,#5497,.T.);
#6953=ORIENTED_EDGE('',*,*,#5498,.T.);
#6954=ORIENTED_EDGE('',*,*,#5499,.T.);
#6955=ORIENTED_EDGE('',*,*,#5500,.T.);
#6956=ORIENTED_EDGE('',*,*,#5501,.T.);
#6957=ORIENTED_EDGE('',*,*,#5502,.T.);
#6958=ORIENTED_EDGE('',*,*,#5503,.T.);
#6959=ORIENTED_EDGE('',*,*,#5504,.T.);
#6960=ORIENTED_EDGE('',*,*,#5505,.T.);
#6961=ORIENTED_EDGE('',*,*,#5506,.T.);
#6962=ORIENTED_EDGE('',*,*,#5507,.T.);
#6963=ORIENTED_EDGE('',*,*,#5508,.T.);
#6964=ORIENTED_EDGE('',*,*,#5509,.T.);
#6965=ORIENTED_EDGE('',*,*,#5510,.T.);
#6966=ORIENTED_EDGE('',*,*,#5511,.T.);
#6967=ORIENTED_EDGE('',*,*,#5512,.T.);
#6968=ORIENTED_EDGE('',*,*,#5513,.T.);
#6969=ORIENTED_EDGE('',*,*,#5514,.T.);
#6970=ORIENTED_EDGE('',*,*,#5515,.T.);
#6971=ORIENTED_EDGE('',*,*,#5516,.T.);
#6972=ORIENTED_EDGE('',*,*,#5517,.T.);
#6973=ORIENTED_EDGE('',*,*,#5518,.T.);
#6974=ORIENTED_EDGE('',*,*,#5519,.T.);
#6975=ORIENTED_EDGE('',*,*,#5520,.T.);
#6976=ORIENTED_EDGE('',*,*,#5521,.T.);
#6977=ORIENTED_EDGE('',*,*,#5522,.T.);
#6978=ORIENTED_EDGE('',*,*,#5523,.T.);
#6979=ORIENTED_EDGE('',*,*,#5524,.T.);
#6980=ORIENTED_EDGE('',*,*,#5525,.T.);
#6981=ORIENTED_EDGE('',*,*,#5526,.T.);
#6982=ORIENTED_EDGE('',*,*,#5527,.T.);
#6983=ORIENTED_EDGE('',*,*,#5528,.T.);
#6984=ORIENTED_EDGE('',*,*,#5529,.T.);
#6985=ORIENTED_EDGE('',*,*,#5530,.T.);
#6986=ORIENTED_EDGE('',*,*,#5531,.T.);
#6987=ORIENTED_EDGE('',*,*,#5532,.T.);
#6988=ORIENTED_EDGE('',*,*,#5533,.T.);
#6989=ORIENTED_EDGE('',*,*,#5534,.T.);
#6990=ORIENTED_EDGE('',*,*,#5535,.T.);
#6991=ORIENTED_EDGE('',*,*,#5536,.T.);
#6992=ORIENTED_EDGE('',*,*,#5537,.T.);
#6993=ORIENTED_EDGE('',*,*,#5538,.T.);
#6994=ORIENTED_EDGE('',*,*,#5539,.T.);
#6995=ORIENTED_EDGE('',*,*,#5540,.T.);
#6996=ORIENTED_EDGE('',*,*,#5541,.T.);
#6997=ORIENTED_EDGE('',*,*,#5542,.T.);
#6998=ORIENTED_EDGE('',*,*,#5543,.T.);
#6999=ORIENTED_EDGE('',*,*,#5544,.T.);
#7000=ORIENTED_EDGE('',*,*,#5545,.T.);
#7001=ORIENTED_EDGE('',*,*,#5546,.T.);
#7002=ORIENTED_EDGE('',*,*,#5547,.T.);
#7003=ORIENTED_EDGE('',*,*,#5548,.T.);
#7004=ORIENTED_EDGE('',*,*,#5549,.T.);
#7005=ORIENTED_EDGE('',*,*,#5550,.T.);
#7006=ORIENTED_EDGE('',*,*,#5551,.T.);
#7007=ORIENTED_EDGE('',*,*,#5552,.T.);
#7008=ORIENTED_EDGE('',*,*,#5553,.T.);
#7009=ORIENTED_EDGE('',*,*,#5554,.T.);
#7010=ORIENTED_EDGE('',*,*,#5555,.T.);
#7011=ORIENTED_EDGE('',*,*,#5556,.T.);
#7012=ORIENTED_EDGE('',*,*,#5557,.T.);
#7013=ORIENTED_EDGE('',*,*,#5558,.T.);
#7014=ORIENTED_EDGE('',*,*,#5559,.T.);
#7015=ORIENTED_EDGE('',*,*,#5560,.T.);
#7016=ORIENTED_EDGE('',*,*,#5561,.T.);
#7017=ORIENTED_EDGE('',*,*,#5562,.T.);
#7018=ORIENTED_EDGE('',*,*,#5563,.T.);
#7019=ORIENTED_EDGE('',*,*,#5564,.T.);
#7020=ORIENTED_EDGE('',*,*,#5565,.T.);
#7021=ORIENTED_EDGE('',*,*,#5566,.T.);
#7022=ORIENTED_EDGE('',*,*,#5567,.T.);
#7023=ORIENTED_EDGE('',*,*,#5568,.T.);
#7024=ORIENTED_EDGE('',*,*,#5569,.T.);
#7025=ORIENTED_EDGE('',*,*,#5570,.T.);
#7026=ORIENTED_EDGE('',*,*,#5571,.T.);
#7027=ORIENTED_EDGE('',*,*,#5572,.T.);
#7028=ORIENTED_EDGE('',*,*,#5573,.T.);
#7029=ORIENTED_EDGE('',*,*,#5574,.T.);
#7030=ORIENTED_EDGE('',*,*,#5575,.T.);
#7031=ORIENTED_EDGE('',*,*,#5576,.T.);
#7032=ORIENTED_EDGE('',*,*,#5577,.T.);
#7033=ORIENTED_EDGE('',*,*,#5578,.T.);
#7034=ORIENTED_EDGE('',*,*,#5579,.T.);
#7035=ORIENTED_EDGE('',*,*,#5580,.T.);
#7036=ORIENTED_EDGE('',*,*,#5581,.T.);
#7037=ORIENTED_EDGE('',*,*,#5582,.T.);
#7038=ORIENTED_EDGE('',*,*,#5583,.T.);
#7039=ORIENTED_EDGE('',*,*,#5584,.T.);
#7040=ORIENTED_EDGE('',*,*,#5585,.T.);
#7041=ORIENTED_EDGE('',*,*,#5586,.T.);
#7042=ORIENTED_EDGE('',*,*,#5587,.T.);
#7043=ORIENTED_EDGE('',*,*,#5588,.T.);
#7044=ORIENTED_EDGE('',*,*,#5589,.T.);
#7045=ORIENTED_EDGE('',*,*,#5590,.T.);
#7046=ORIENTED_EDGE('',*,*,#5591,.T.);
#7047=ORIENTED_EDGE('',*,*,#5592,.T.);
#7048=ORIENTED_EDGE('',*,*,#5593,.T.);
#7049=ORIENTED_EDGE('',*,*,#5179,.F.);
#7050=ORIENTED_EDGE('',*,*,#5594,.T.);
#7051=ORIENTED_EDGE('',*,*,#4709,.T.);
#7052=ORIENTED_EDGE('',*,*,#5595,.T.);
#7053=ORIENTED_EDGE('',*,*,#5595,.F.);
#7054=ORIENTED_EDGE('',*,*,#4708,.F.);
#7055=ORIENTED_EDGE('',*,*,#5596,.F.);
#7056=ORIENTED_EDGE('',*,*,#5180,.F.);
#7057=ORIENTED_EDGE('',*,*,#5181,.F.);
#7058=ORIENTED_EDGE('',*,*,#5596,.T.);
#7059=ORIENTED_EDGE('',*,*,#4707,.T.);
#7060=ORIENTED_EDGE('',*,*,#4693,.T.);
#7061=ORIENTED_EDGE('',*,*,#4688,.T.);
#7062=ORIENTED_EDGE('',*,*,#4710,.F.);
#7063=ORIENTED_EDGE('',*,*,#5594,.F.);
#7064=ORIENTED_EDGE('',*,*,#5178,.F.);
#7065=ORIENTED_EDGE('',*,*,#5158,.T.);
#7066=ORIENTED_EDGE('',*,*,#5597,.T.);
#7067=ORIENTED_EDGE('',*,*,#5598,.F.);
#7068=ORIENTED_EDGE('',*,*,#5599,.F.);
#7069=ORIENTED_EDGE('',*,*,#5600,.F.);
#7070=ORIENTED_EDGE('',*,*,#5597,.F.);
#7071=ORIENTED_EDGE('',*,*,#5161,.T.);
#7072=ORIENTED_EDGE('',*,*,#5601,.T.);
#7073=ORIENTED_EDGE('',*,*,#5602,.F.);
#7074=ORIENTED_EDGE('',*,*,#5601,.F.);
#7075=ORIENTED_EDGE('',*,*,#5160,.T.);
#7076=ORIENTED_EDGE('',*,*,#5603,.T.);
#7077=ORIENTED_EDGE('',*,*,#5604,.F.);
#7078=ORIENTED_EDGE('',*,*,#5603,.F.);
#7079=ORIENTED_EDGE('',*,*,#5159,.T.);
#7080=ORIENTED_EDGE('',*,*,#5599,.T.);
#7081=ORIENTED_EDGE('',*,*,#5604,.T.);
#7082=ORIENTED_EDGE('',*,*,#5598,.T.);
#7083=ORIENTED_EDGE('',*,*,#5600,.T.);
#7084=ORIENTED_EDGE('',*,*,#5602,.T.);
#7085=ORIENTED_EDGE('',*,*,#5605,.T.);
#7086=ORIENTED_EDGE('',*,*,#5606,.T.);
#7087=ORIENTED_EDGE('',*,*,#5607,.T.);
#7088=ORIENTED_EDGE('',*,*,#5608,.T.);
#7089=ORIENTED_EDGE('',*,*,#5609,.T.);
#7090=ORIENTED_EDGE('',*,*,#5610,.T.);
#7091=ORIENTED_EDGE('',*,*,#5611,.T.);
#7092=ORIENTED_EDGE('',*,*,#5612,.T.);
#7093=ORIENTED_EDGE('',*,*,#5613,.T.);
#7094=ORIENTED_EDGE('',*,*,#5614,.T.);
#7095=ORIENTED_EDGE('',*,*,#5615,.T.);
#7096=ORIENTED_EDGE('',*,*,#5616,.T.);
#7097=ORIENTED_EDGE('',*,*,#5617,.F.);
#7098=ORIENTED_EDGE('',*,*,#5618,.F.);
#7099=ORIENTED_EDGE('',*,*,#5619,.T.);
#7100=ORIENTED_EDGE('',*,*,#4757,.T.);
#7101=ORIENTED_EDGE('',*,*,#5619,.F.);
#7102=ORIENTED_EDGE('',*,*,#5620,.F.);
#7103=ORIENTED_EDGE('',*,*,#5621,.T.);
#7104=ORIENTED_EDGE('',*,*,#5617,.T.);
#7105=ORIENTED_EDGE('',*,*,#5621,.F.);
#7106=ORIENTED_EDGE('',*,*,#5618,.T.);
#7107=ORIENTED_EDGE('',*,*,#5620,.T.);
#7108=ORIENTED_EDGE('',*,*,#5622,.F.);
#7109=ORIENTED_EDGE('',*,*,#5623,.T.);
#7110=ORIENTED_EDGE('',*,*,#5624,.T.);
#7111=ORIENTED_EDGE('',*,*,#5605,.F.);
#7112=ORIENTED_EDGE('',*,*,#5625,.F.);
#7113=ORIENTED_EDGE('',*,*,#5626,.T.);
#7114=ORIENTED_EDGE('',*,*,#5622,.T.);
#7115=ORIENTED_EDGE('',*,*,#5608,.F.);
#7116=ORIENTED_EDGE('',*,*,#5627,.F.);
#7117=ORIENTED_EDGE('',*,*,#5628,.T.);
#7118=ORIENTED_EDGE('',*,*,#5590,.F.);
#7119=ORIENTED_EDGE('',*,*,#5629,.F.);
#7120=ORIENTED_EDGE('',*,*,#5630,.F.);
#7121=ORIENTED_EDGE('',*,*,#5631,.T.);
#7122=ORIENTED_EDGE('',*,*,#5591,.F.);
#7123=ORIENTED_EDGE('',*,*,#5628,.F.);
#7124=ORIENTED_EDGE('',*,*,#5632,.F.);
#7125=ORIENTED_EDGE('',*,*,#5633,.T.);
#7126=ORIENTED_EDGE('',*,*,#5592,.F.);
#7127=ORIENTED_EDGE('',*,*,#5631,.F.);
#7128=ORIENTED_EDGE('',*,*,#5634,.F.);
#7129=ORIENTED_EDGE('',*,*,#5629,.T.);
#7130=ORIENTED_EDGE('',*,*,#5593,.F.);
#7131=ORIENTED_EDGE('',*,*,#5633,.F.);
#7132=ORIENTED_EDGE('',*,*,#5151,.F.);
#7133=ORIENTED_EDGE('',*,*,#5635,.T.);
#7134=ORIENTED_EDGE('',*,*,#5189,.F.);
#7135=ORIENTED_EDGE('',*,*,#5636,.F.);
#7136=ORIENTED_EDGE('',*,*,#5152,.F.);
#7137=ORIENTED_EDGE('',*,*,#5636,.T.);
#7138=ORIENTED_EDGE('',*,*,#5188,.F.);
#7139=ORIENTED_EDGE('',*,*,#5637,.F.);
#7140=ORIENTED_EDGE('',*,*,#5153,.F.);
#7141=ORIENTED_EDGE('',*,*,#5637,.T.);
#7142=ORIENTED_EDGE('',*,*,#5187,.F.);
#7143=ORIENTED_EDGE('',*,*,#5638,.F.);
#7144=ORIENTED_EDGE('',*,*,#5154,.F.);
#7145=ORIENTED_EDGE('',*,*,#5638,.T.);
#7146=ORIENTED_EDGE('',*,*,#5186,.F.);
#7147=ORIENTED_EDGE('',*,*,#5639,.F.);
#7148=ORIENTED_EDGE('',*,*,#5155,.F.);
#7149=ORIENTED_EDGE('',*,*,#5639,.T.);
#7150=ORIENTED_EDGE('',*,*,#5185,.F.);
#7151=ORIENTED_EDGE('',*,*,#5640,.F.);
#7152=ORIENTED_EDGE('',*,*,#5156,.F.);
#7153=ORIENTED_EDGE('',*,*,#5640,.T.);
#7154=ORIENTED_EDGE('',*,*,#5184,.F.);
#7155=ORIENTED_EDGE('',*,*,#5641,.F.);
#7156=ORIENTED_EDGE('',*,*,#5157,.F.);
#7157=ORIENTED_EDGE('',*,*,#5641,.T.);
#7158=ORIENTED_EDGE('',*,*,#5183,.F.);
#7159=ORIENTED_EDGE('',*,*,#5642,.F.);
#7160=ORIENTED_EDGE('',*,*,#5150,.F.);
#7161=ORIENTED_EDGE('',*,*,#5642,.T.);
#7162=ORIENTED_EDGE('',*,*,#5182,.F.);
#7163=ORIENTED_EDGE('',*,*,#5635,.F.);
#7164=ORIENTED_EDGE('',*,*,#5143,.F.);
#7165=ORIENTED_EDGE('',*,*,#5643,.T.);
#7166=ORIENTED_EDGE('',*,*,#5197,.F.);
#7167=ORIENTED_EDGE('',*,*,#5644,.F.);
#7168=ORIENTED_EDGE('',*,*,#5144,.F.);
#7169=ORIENTED_EDGE('',*,*,#5644,.T.);
#7170=ORIENTED_EDGE('',*,*,#5196,.F.);
#7171=ORIENTED_EDGE('',*,*,#5645,.F.);
#7172=ORIENTED_EDGE('',*,*,#5145,.F.);
#7173=ORIENTED_EDGE('',*,*,#5645,.T.);
#7174=ORIENTED_EDGE('',*,*,#5195,.F.);
#7175=ORIENTED_EDGE('',*,*,#5646,.F.);
#7176=ORIENTED_EDGE('',*,*,#5146,.F.);
#7177=ORIENTED_EDGE('',*,*,#5646,.T.);
#7178=ORIENTED_EDGE('',*,*,#5194,.F.);
#7179=ORIENTED_EDGE('',*,*,#5647,.F.);
#7180=ORIENTED_EDGE('',*,*,#5147,.F.);
#7181=ORIENTED_EDGE('',*,*,#5647,.T.);
#7182=ORIENTED_EDGE('',*,*,#5193,.F.);
#7183=ORIENTED_EDGE('',*,*,#5648,.F.);
#7184=ORIENTED_EDGE('',*,*,#5148,.F.);
#7185=ORIENTED_EDGE('',*,*,#5648,.T.);
#7186=ORIENTED_EDGE('',*,*,#5192,.F.);
#7187=ORIENTED_EDGE('',*,*,#5649,.F.);
#7188=ORIENTED_EDGE('',*,*,#5149,.F.);
#7189=ORIENTED_EDGE('',*,*,#5649,.T.);
#7190=ORIENTED_EDGE('',*,*,#5191,.F.);
#7191=ORIENTED_EDGE('',*,*,#5650,.F.);
#7192=ORIENTED_EDGE('',*,*,#5142,.F.);
#7193=ORIENTED_EDGE('',*,*,#5650,.T.);
#7194=ORIENTED_EDGE('',*,*,#5190,.F.);
#7195=ORIENTED_EDGE('',*,*,#5643,.F.);
#7196=ORIENTED_EDGE('',*,*,#5135,.F.);
#7197=ORIENTED_EDGE('',*,*,#5651,.T.);
#7198=ORIENTED_EDGE('',*,*,#5205,.F.);
#7199=ORIENTED_EDGE('',*,*,#5652,.F.);
#7200=ORIENTED_EDGE('',*,*,#5136,.F.);
#7201=ORIENTED_EDGE('',*,*,#5652,.T.);
#7202=ORIENTED_EDGE('',*,*,#5204,.F.);
#7203=ORIENTED_EDGE('',*,*,#5653,.F.);
#7204=ORIENTED_EDGE('',*,*,#5137,.F.);
#7205=ORIENTED_EDGE('',*,*,#5653,.T.);
#7206=ORIENTED_EDGE('',*,*,#5203,.F.);
#7207=ORIENTED_EDGE('',*,*,#5654,.F.);
#7208=ORIENTED_EDGE('',*,*,#5138,.F.);
#7209=ORIENTED_EDGE('',*,*,#5654,.T.);
#7210=ORIENTED_EDGE('',*,*,#5202,.F.);
#7211=ORIENTED_EDGE('',*,*,#5655,.F.);
#7212=ORIENTED_EDGE('',*,*,#5139,.F.);
#7213=ORIENTED_EDGE('',*,*,#5655,.T.);
#7214=ORIENTED_EDGE('',*,*,#5201,.F.);
#7215=ORIENTED_EDGE('',*,*,#5656,.F.);
#7216=ORIENTED_EDGE('',*,*,#5140,.F.);
#7217=ORIENTED_EDGE('',*,*,#5656,.T.);
#7218=ORIENTED_EDGE('',*,*,#5200,.F.);
#7219=ORIENTED_EDGE('',*,*,#5657,.F.);
#7220=ORIENTED_EDGE('',*,*,#5141,.F.);
#7221=ORIENTED_EDGE('',*,*,#5657,.T.);
#7222=ORIENTED_EDGE('',*,*,#5199,.F.);
#7223=ORIENTED_EDGE('',*,*,#5658,.F.);
#7224=ORIENTED_EDGE('',*,*,#5134,.F.);
#7225=ORIENTED_EDGE('',*,*,#5658,.T.);
#7226=ORIENTED_EDGE('',*,*,#5198,.F.);
#7227=ORIENTED_EDGE('',*,*,#5651,.F.);
#7228=ORIENTED_EDGE('',*,*,#5127,.F.);
#7229=ORIENTED_EDGE('',*,*,#5659,.T.);
#7230=ORIENTED_EDGE('',*,*,#5213,.F.);
#7231=ORIENTED_EDGE('',*,*,#5660,.F.);
#7232=ORIENTED_EDGE('',*,*,#5128,.F.);
#7233=ORIENTED_EDGE('',*,*,#5660,.T.);
#7234=ORIENTED_EDGE('',*,*,#5212,.F.);
#7235=ORIENTED_EDGE('',*,*,#5661,.F.);
#7236=ORIENTED_EDGE('',*,*,#5129,.F.);
#7237=ORIENTED_EDGE('',*,*,#5661,.T.);
#7238=ORIENTED_EDGE('',*,*,#5211,.F.);
#7239=ORIENTED_EDGE('',*,*,#5662,.F.);
#7240=ORIENTED_EDGE('',*,*,#5130,.F.);
#7241=ORIENTED_EDGE('',*,*,#5662,.T.);
#7242=ORIENTED_EDGE('',*,*,#5210,.F.);
#7243=ORIENTED_EDGE('',*,*,#5663,.F.);
#7244=ORIENTED_EDGE('',*,*,#5131,.F.);
#7245=ORIENTED_EDGE('',*,*,#5663,.T.);
#7246=ORIENTED_EDGE('',*,*,#5209,.F.);
#7247=ORIENTED_EDGE('',*,*,#5664,.F.);
#7248=ORIENTED_EDGE('',*,*,#5132,.F.);
#7249=ORIENTED_EDGE('',*,*,#5664,.T.);
#7250=ORIENTED_EDGE('',*,*,#5208,.F.);
#7251=ORIENTED_EDGE('',*,*,#5665,.F.);
#7252=ORIENTED_EDGE('',*,*,#5133,.F.);
#7253=ORIENTED_EDGE('',*,*,#5665,.T.);
#7254=ORIENTED_EDGE('',*,*,#5207,.F.);
#7255=ORIENTED_EDGE('',*,*,#5666,.F.);
#7256=ORIENTED_EDGE('',*,*,#5126,.F.);
#7257=ORIENTED_EDGE('',*,*,#5666,.T.);
#7258=ORIENTED_EDGE('',*,*,#5206,.F.);
#7259=ORIENTED_EDGE('',*,*,#5659,.F.);
#7260=ORIENTED_EDGE('',*,*,#5119,.F.);
#7261=ORIENTED_EDGE('',*,*,#5667,.T.);
#7262=ORIENTED_EDGE('',*,*,#5221,.F.);
#7263=ORIENTED_EDGE('',*,*,#5668,.F.);
#7264=ORIENTED_EDGE('',*,*,#5120,.F.);
#7265=ORIENTED_EDGE('',*,*,#5668,.T.);
#7266=ORIENTED_EDGE('',*,*,#5220,.F.);
#7267=ORIENTED_EDGE('',*,*,#5669,.F.);
#7268=ORIENTED_EDGE('',*,*,#5121,.F.);
#7269=ORIENTED_EDGE('',*,*,#5669,.T.);
#7270=ORIENTED_EDGE('',*,*,#5219,.F.);
#7271=ORIENTED_EDGE('',*,*,#5670,.F.);
#7272=ORIENTED_EDGE('',*,*,#5122,.F.);
#7273=ORIENTED_EDGE('',*,*,#5670,.T.);
#7274=ORIENTED_EDGE('',*,*,#5218,.F.);
#7275=ORIENTED_EDGE('',*,*,#5671,.F.);
#7276=ORIENTED_EDGE('',*,*,#5123,.F.);
#7277=ORIENTED_EDGE('',*,*,#5671,.T.);
#7278=ORIENTED_EDGE('',*,*,#5217,.F.);
#7279=ORIENTED_EDGE('',*,*,#5672,.F.);
#7280=ORIENTED_EDGE('',*,*,#5124,.F.);
#7281=ORIENTED_EDGE('',*,*,#5672,.T.);
#7282=ORIENTED_EDGE('',*,*,#5216,.F.);
#7283=ORIENTED_EDGE('',*,*,#5673,.F.);
#7284=ORIENTED_EDGE('',*,*,#5125,.F.);
#7285=ORIENTED_EDGE('',*,*,#5673,.T.);
#7286=ORIENTED_EDGE('',*,*,#5215,.F.);
#7287=ORIENTED_EDGE('',*,*,#5674,.F.);
#7288=ORIENTED_EDGE('',*,*,#5118,.F.);
#7289=ORIENTED_EDGE('',*,*,#5674,.T.);
#7290=ORIENTED_EDGE('',*,*,#5214,.F.);
#7291=ORIENTED_EDGE('',*,*,#5667,.F.);
#7292=ORIENTED_EDGE('',*,*,#5111,.F.);
#7293=ORIENTED_EDGE('',*,*,#5675,.T.);
#7294=ORIENTED_EDGE('',*,*,#5229,.F.);
#7295=ORIENTED_EDGE('',*,*,#5676,.F.);
#7296=ORIENTED_EDGE('',*,*,#5112,.F.);
#7297=ORIENTED_EDGE('',*,*,#5676,.T.);
#7298=ORIENTED_EDGE('',*,*,#5228,.F.);
#7299=ORIENTED_EDGE('',*,*,#5677,.F.);
#7300=ORIENTED_EDGE('',*,*,#5113,.F.);
#7301=ORIENTED_EDGE('',*,*,#5677,.T.);
#7302=ORIENTED_EDGE('',*,*,#5227,.F.);
#7303=ORIENTED_EDGE('',*,*,#5678,.F.);
#7304=ORIENTED_EDGE('',*,*,#5114,.F.);
#7305=ORIENTED_EDGE('',*,*,#5678,.T.);
#7306=ORIENTED_EDGE('',*,*,#5226,.F.);
#7307=ORIENTED_EDGE('',*,*,#5679,.F.);
#7308=ORIENTED_EDGE('',*,*,#5115,.F.);
#7309=ORIENTED_EDGE('',*,*,#5679,.T.);
#7310=ORIENTED_EDGE('',*,*,#5225,.F.);
#7311=ORIENTED_EDGE('',*,*,#5680,.F.);
#7312=ORIENTED_EDGE('',*,*,#5116,.F.);
#7313=ORIENTED_EDGE('',*,*,#5680,.T.);
#7314=ORIENTED_EDGE('',*,*,#5224,.F.);
#7315=ORIENTED_EDGE('',*,*,#5681,.F.);
#7316=ORIENTED_EDGE('',*,*,#5117,.F.);
#7317=ORIENTED_EDGE('',*,*,#5681,.T.);
#7318=ORIENTED_EDGE('',*,*,#5223,.F.);
#7319=ORIENTED_EDGE('',*,*,#5682,.F.);
#7320=ORIENTED_EDGE('',*,*,#5110,.F.);
#7321=ORIENTED_EDGE('',*,*,#5682,.T.);
#7322=ORIENTED_EDGE('',*,*,#5222,.F.);
#7323=ORIENTED_EDGE('',*,*,#5675,.F.);
#7324=ORIENTED_EDGE('',*,*,#5103,.F.);
#7325=ORIENTED_EDGE('',*,*,#5683,.T.);
#7326=ORIENTED_EDGE('',*,*,#5237,.F.);
#7327=ORIENTED_EDGE('',*,*,#5684,.F.);
#7328=ORIENTED_EDGE('',*,*,#5104,.F.);
#7329=ORIENTED_EDGE('',*,*,#5684,.T.);
#7330=ORIENTED_EDGE('',*,*,#5236,.F.);
#7331=ORIENTED_EDGE('',*,*,#5685,.F.);
#7332=ORIENTED_EDGE('',*,*,#5105,.F.);
#7333=ORIENTED_EDGE('',*,*,#5685,.T.);
#7334=ORIENTED_EDGE('',*,*,#5235,.F.);
#7335=ORIENTED_EDGE('',*,*,#5686,.F.);
#7336=ORIENTED_EDGE('',*,*,#5106,.F.);
#7337=ORIENTED_EDGE('',*,*,#5686,.T.);
#7338=ORIENTED_EDGE('',*,*,#5234,.F.);
#7339=ORIENTED_EDGE('',*,*,#5687,.F.);
#7340=ORIENTED_EDGE('',*,*,#5107,.F.);
#7341=ORIENTED_EDGE('',*,*,#5687,.T.);
#7342=ORIENTED_EDGE('',*,*,#5233,.F.);
#7343=ORIENTED_EDGE('',*,*,#5688,.F.);
#7344=ORIENTED_EDGE('',*,*,#5108,.F.);
#7345=ORIENTED_EDGE('',*,*,#5688,.T.);
#7346=ORIENTED_EDGE('',*,*,#5232,.F.);
#7347=ORIENTED_EDGE('',*,*,#5689,.F.);
#7348=ORIENTED_EDGE('',*,*,#5109,.F.);
#7349=ORIENTED_EDGE('',*,*,#5689,.T.);
#7350=ORIENTED_EDGE('',*,*,#5231,.F.);
#7351=ORIENTED_EDGE('',*,*,#5690,.F.);
#7352=ORIENTED_EDGE('',*,*,#5102,.F.);
#7353=ORIENTED_EDGE('',*,*,#5690,.T.);
#7354=ORIENTED_EDGE('',*,*,#5230,.F.);
#7355=ORIENTED_EDGE('',*,*,#5683,.F.);
#7356=ORIENTED_EDGE('',*,*,#5095,.F.);
#7357=ORIENTED_EDGE('',*,*,#5691,.T.);
#7358=ORIENTED_EDGE('',*,*,#5245,.F.);
#7359=ORIENTED_EDGE('',*,*,#5692,.F.);
#7360=ORIENTED_EDGE('',*,*,#5096,.F.);
#7361=ORIENTED_EDGE('',*,*,#5692,.T.);
#7362=ORIENTED_EDGE('',*,*,#5244,.F.);
#7363=ORIENTED_EDGE('',*,*,#5693,.F.);
#7364=ORIENTED_EDGE('',*,*,#5097,.F.);
#7365=ORIENTED_EDGE('',*,*,#5693,.T.);
#7366=ORIENTED_EDGE('',*,*,#5243,.F.);
#7367=ORIENTED_EDGE('',*,*,#5694,.F.);
#7368=ORIENTED_EDGE('',*,*,#5098,.F.);
#7369=ORIENTED_EDGE('',*,*,#5694,.T.);
#7370=ORIENTED_EDGE('',*,*,#5242,.F.);
#7371=ORIENTED_EDGE('',*,*,#5695,.F.);
#7372=ORIENTED_EDGE('',*,*,#5099,.F.);
#7373=ORIENTED_EDGE('',*,*,#5695,.T.);
#7374=ORIENTED_EDGE('',*,*,#5241,.F.);
#7375=ORIENTED_EDGE('',*,*,#5696,.F.);
#7376=ORIENTED_EDGE('',*,*,#5100,.F.);
#7377=ORIENTED_EDGE('',*,*,#5696,.T.);
#7378=ORIENTED_EDGE('',*,*,#5240,.F.);
#7379=ORIENTED_EDGE('',*,*,#5697,.F.);
#7380=ORIENTED_EDGE('',*,*,#5101,.F.);
#7381=ORIENTED_EDGE('',*,*,#5697,.T.);
#7382=ORIENTED_EDGE('',*,*,#5239,.F.);
#7383=ORIENTED_EDGE('',*,*,#5698,.F.);
#7384=ORIENTED_EDGE('',*,*,#5094,.F.);
#7385=ORIENTED_EDGE('',*,*,#5698,.T.);
#7386=ORIENTED_EDGE('',*,*,#5238,.F.);
#7387=ORIENTED_EDGE('',*,*,#5691,.F.);
#7388=ORIENTED_EDGE('',*,*,#5087,.F.);
#7389=ORIENTED_EDGE('',*,*,#5699,.T.);
#7390=ORIENTED_EDGE('',*,*,#5253,.F.);
#7391=ORIENTED_EDGE('',*,*,#5700,.F.);
#7392=ORIENTED_EDGE('',*,*,#5088,.F.);
#7393=ORIENTED_EDGE('',*,*,#5700,.T.);
#7394=ORIENTED_EDGE('',*,*,#5252,.F.);
#7395=ORIENTED_EDGE('',*,*,#5701,.F.);
#7396=ORIENTED_EDGE('',*,*,#5089,.F.);
#7397=ORIENTED_EDGE('',*,*,#5701,.T.);
#7398=ORIENTED_EDGE('',*,*,#5251,.F.);
#7399=ORIENTED_EDGE('',*,*,#5702,.F.);
#7400=ORIENTED_EDGE('',*,*,#5090,.F.);
#7401=ORIENTED_EDGE('',*,*,#5702,.T.);
#7402=ORIENTED_EDGE('',*,*,#5250,.F.);
#7403=ORIENTED_EDGE('',*,*,#5703,.F.);
#7404=ORIENTED_EDGE('',*,*,#5091,.F.);
#7405=ORIENTED_EDGE('',*,*,#5703,.T.);
#7406=ORIENTED_EDGE('',*,*,#5249,.F.);
#7407=ORIENTED_EDGE('',*,*,#5704,.F.);
#7408=ORIENTED_EDGE('',*,*,#5092,.F.);
#7409=ORIENTED_EDGE('',*,*,#5704,.T.);
#7410=ORIENTED_EDGE('',*,*,#5248,.F.);
#7411=ORIENTED_EDGE('',*,*,#5705,.F.);
#7412=ORIENTED_EDGE('',*,*,#5093,.F.);
#7413=ORIENTED_EDGE('',*,*,#5705,.T.);
#7414=ORIENTED_EDGE('',*,*,#5247,.F.);
#7415=ORIENTED_EDGE('',*,*,#5706,.F.);
#7416=ORIENTED_EDGE('',*,*,#5086,.F.);
#7417=ORIENTED_EDGE('',*,*,#5706,.T.);
#7418=ORIENTED_EDGE('',*,*,#5246,.F.);
#7419=ORIENTED_EDGE('',*,*,#5699,.F.);
#7420=ORIENTED_EDGE('',*,*,#5079,.F.);
#7421=ORIENTED_EDGE('',*,*,#5707,.T.);
#7422=ORIENTED_EDGE('',*,*,#5261,.F.);
#7423=ORIENTED_EDGE('',*,*,#5708,.F.);
#7424=ORIENTED_EDGE('',*,*,#5080,.F.);
#7425=ORIENTED_EDGE('',*,*,#5708,.T.);
#7426=ORIENTED_EDGE('',*,*,#5260,.F.);
#7427=ORIENTED_EDGE('',*,*,#5709,.F.);
#7428=ORIENTED_EDGE('',*,*,#5081,.F.);
#7429=ORIENTED_EDGE('',*,*,#5709,.T.);
#7430=ORIENTED_EDGE('',*,*,#5259,.F.);
#7431=ORIENTED_EDGE('',*,*,#5710,.F.);
#7432=ORIENTED_EDGE('',*,*,#5082,.F.);
#7433=ORIENTED_EDGE('',*,*,#5710,.T.);
#7434=ORIENTED_EDGE('',*,*,#5258,.F.);
#7435=ORIENTED_EDGE('',*,*,#5711,.F.);
#7436=ORIENTED_EDGE('',*,*,#5083,.F.);
#7437=ORIENTED_EDGE('',*,*,#5711,.T.);
#7438=ORIENTED_EDGE('',*,*,#5257,.F.);
#7439=ORIENTED_EDGE('',*,*,#5712,.F.);
#7440=ORIENTED_EDGE('',*,*,#5084,.F.);
#7441=ORIENTED_EDGE('',*,*,#5712,.T.);
#7442=ORIENTED_EDGE('',*,*,#5256,.F.);
#7443=ORIENTED_EDGE('',*,*,#5713,.F.);
#7444=ORIENTED_EDGE('',*,*,#5085,.F.);
#7445=ORIENTED_EDGE('',*,*,#5713,.T.);
#7446=ORIENTED_EDGE('',*,*,#5255,.F.);
#7447=ORIENTED_EDGE('',*,*,#5714,.F.);
#7448=ORIENTED_EDGE('',*,*,#5078,.F.);
#7449=ORIENTED_EDGE('',*,*,#5714,.T.);
#7450=ORIENTED_EDGE('',*,*,#5254,.F.);
#7451=ORIENTED_EDGE('',*,*,#5707,.F.);
#7452=ORIENTED_EDGE('',*,*,#5071,.F.);
#7453=ORIENTED_EDGE('',*,*,#5715,.T.);
#7454=ORIENTED_EDGE('',*,*,#5269,.F.);
#7455=ORIENTED_EDGE('',*,*,#5716,.F.);
#7456=ORIENTED_EDGE('',*,*,#5072,.F.);
#7457=ORIENTED_EDGE('',*,*,#5716,.T.);
#7458=ORIENTED_EDGE('',*,*,#5268,.F.);
#7459=ORIENTED_EDGE('',*,*,#5717,.F.);
#7460=ORIENTED_EDGE('',*,*,#5073,.F.);
#7461=ORIENTED_EDGE('',*,*,#5717,.T.);
#7462=ORIENTED_EDGE('',*,*,#5267,.F.);
#7463=ORIENTED_EDGE('',*,*,#5718,.F.);
#7464=ORIENTED_EDGE('',*,*,#5074,.F.);
#7465=ORIENTED_EDGE('',*,*,#5718,.T.);
#7466=ORIENTED_EDGE('',*,*,#5266,.F.);
#7467=ORIENTED_EDGE('',*,*,#5719,.F.);
#7468=ORIENTED_EDGE('',*,*,#5075,.F.);
#7469=ORIENTED_EDGE('',*,*,#5719,.T.);
#7470=ORIENTED_EDGE('',*,*,#5265,.F.);
#7471=ORIENTED_EDGE('',*,*,#5720,.F.);
#7472=ORIENTED_EDGE('',*,*,#5076,.F.);
#7473=ORIENTED_EDGE('',*,*,#5720,.T.);
#7474=ORIENTED_EDGE('',*,*,#5264,.F.);
#7475=ORIENTED_EDGE('',*,*,#5721,.F.);
#7476=ORIENTED_EDGE('',*,*,#5077,.F.);
#7477=ORIENTED_EDGE('',*,*,#5721,.T.);
#7478=ORIENTED_EDGE('',*,*,#5263,.F.);
#7479=ORIENTED_EDGE('',*,*,#5722,.F.);
#7480=ORIENTED_EDGE('',*,*,#5070,.F.);
#7481=ORIENTED_EDGE('',*,*,#5722,.T.);
#7482=ORIENTED_EDGE('',*,*,#5262,.F.);
#7483=ORIENTED_EDGE('',*,*,#5715,.F.);
#7484=ORIENTED_EDGE('',*,*,#5063,.F.);
#7485=ORIENTED_EDGE('',*,*,#5723,.T.);
#7486=ORIENTED_EDGE('',*,*,#5277,.F.);
#7487=ORIENTED_EDGE('',*,*,#5724,.F.);
#7488=ORIENTED_EDGE('',*,*,#5064,.F.);
#7489=ORIENTED_EDGE('',*,*,#5724,.T.);
#7490=ORIENTED_EDGE('',*,*,#5276,.F.);
#7491=ORIENTED_EDGE('',*,*,#5725,.F.);
#7492=ORIENTED_EDGE('',*,*,#5065,.F.);
#7493=ORIENTED_EDGE('',*,*,#5725,.T.);
#7494=ORIENTED_EDGE('',*,*,#5275,.F.);
#7495=ORIENTED_EDGE('',*,*,#5726,.F.);
#7496=ORIENTED_EDGE('',*,*,#5066,.F.);
#7497=ORIENTED_EDGE('',*,*,#5726,.T.);
#7498=ORIENTED_EDGE('',*,*,#5274,.F.);
#7499=ORIENTED_EDGE('',*,*,#5727,.F.);
#7500=ORIENTED_EDGE('',*,*,#5067,.F.);
#7501=ORIENTED_EDGE('',*,*,#5727,.T.);
#7502=ORIENTED_EDGE('',*,*,#5273,.F.);
#7503=ORIENTED_EDGE('',*,*,#5728,.F.);
#7504=ORIENTED_EDGE('',*,*,#5068,.F.);
#7505=ORIENTED_EDGE('',*,*,#5728,.T.);
#7506=ORIENTED_EDGE('',*,*,#5272,.F.);
#7507=ORIENTED_EDGE('',*,*,#5729,.F.);
#7508=ORIENTED_EDGE('',*,*,#5069,.F.);
#7509=ORIENTED_EDGE('',*,*,#5729,.T.);
#7510=ORIENTED_EDGE('',*,*,#5271,.F.);
#7511=ORIENTED_EDGE('',*,*,#5730,.F.);
#7512=ORIENTED_EDGE('',*,*,#5062,.F.);
#7513=ORIENTED_EDGE('',*,*,#5730,.T.);
#7514=ORIENTED_EDGE('',*,*,#5270,.F.);
#7515=ORIENTED_EDGE('',*,*,#5723,.F.);
#7516=ORIENTED_EDGE('',*,*,#5055,.F.);
#7517=ORIENTED_EDGE('',*,*,#5731,.T.);
#7518=ORIENTED_EDGE('',*,*,#5285,.F.);
#7519=ORIENTED_EDGE('',*,*,#5732,.F.);
#7520=ORIENTED_EDGE('',*,*,#5056,.F.);
#7521=ORIENTED_EDGE('',*,*,#5732,.T.);
#7522=ORIENTED_EDGE('',*,*,#5284,.F.);
#7523=ORIENTED_EDGE('',*,*,#5733,.F.);
#7524=ORIENTED_EDGE('',*,*,#5057,.F.);
#7525=ORIENTED_EDGE('',*,*,#5733,.T.);
#7526=ORIENTED_EDGE('',*,*,#5283,.F.);
#7527=ORIENTED_EDGE('',*,*,#5734,.F.);
#7528=ORIENTED_EDGE('',*,*,#5058,.F.);
#7529=ORIENTED_EDGE('',*,*,#5734,.T.);
#7530=ORIENTED_EDGE('',*,*,#5282,.F.);
#7531=ORIENTED_EDGE('',*,*,#5735,.F.);
#7532=ORIENTED_EDGE('',*,*,#5059,.F.);
#7533=ORIENTED_EDGE('',*,*,#5735,.T.);
#7534=ORIENTED_EDGE('',*,*,#5281,.F.);
#7535=ORIENTED_EDGE('',*,*,#5736,.F.);
#7536=ORIENTED_EDGE('',*,*,#5060,.F.);
#7537=ORIENTED_EDGE('',*,*,#5736,.T.);
#7538=ORIENTED_EDGE('',*,*,#5280,.F.);
#7539=ORIENTED_EDGE('',*,*,#5737,.F.);
#7540=ORIENTED_EDGE('',*,*,#5061,.F.);
#7541=ORIENTED_EDGE('',*,*,#5737,.T.);
#7542=ORIENTED_EDGE('',*,*,#5279,.F.);
#7543=ORIENTED_EDGE('',*,*,#5738,.F.);
#7544=ORIENTED_EDGE('',*,*,#5054,.F.);
#7545=ORIENTED_EDGE('',*,*,#5738,.T.);
#7546=ORIENTED_EDGE('',*,*,#5278,.F.);
#7547=ORIENTED_EDGE('',*,*,#5731,.F.);
#7548=ORIENTED_EDGE('',*,*,#5047,.F.);
#7549=ORIENTED_EDGE('',*,*,#5739,.T.);
#7550=ORIENTED_EDGE('',*,*,#5293,.F.);
#7551=ORIENTED_EDGE('',*,*,#5740,.F.);
#7552=ORIENTED_EDGE('',*,*,#5048,.F.);
#7553=ORIENTED_EDGE('',*,*,#5740,.T.);
#7554=ORIENTED_EDGE('',*,*,#5292,.F.);
#7555=ORIENTED_EDGE('',*,*,#5741,.F.);
#7556=ORIENTED_EDGE('',*,*,#5049,.F.);
#7557=ORIENTED_EDGE('',*,*,#5741,.T.);
#7558=ORIENTED_EDGE('',*,*,#5291,.F.);
#7559=ORIENTED_EDGE('',*,*,#5742,.F.);
#7560=ORIENTED_EDGE('',*,*,#5050,.F.);
#7561=ORIENTED_EDGE('',*,*,#5742,.T.);
#7562=ORIENTED_EDGE('',*,*,#5290,.F.);
#7563=ORIENTED_EDGE('',*,*,#5743,.F.);
#7564=ORIENTED_EDGE('',*,*,#5051,.F.);
#7565=ORIENTED_EDGE('',*,*,#5743,.T.);
#7566=ORIENTED_EDGE('',*,*,#5289,.F.);
#7567=ORIENTED_EDGE('',*,*,#5744,.F.);
#7568=ORIENTED_EDGE('',*,*,#5052,.F.);
#7569=ORIENTED_EDGE('',*,*,#5744,.T.);
#7570=ORIENTED_EDGE('',*,*,#5288,.F.);
#7571=ORIENTED_EDGE('',*,*,#5745,.F.);
#7572=ORIENTED_EDGE('',*,*,#5053,.F.);
#7573=ORIENTED_EDGE('',*,*,#5745,.T.);
#7574=ORIENTED_EDGE('',*,*,#5287,.F.);
#7575=ORIENTED_EDGE('',*,*,#5746,.F.);
#7576=ORIENTED_EDGE('',*,*,#5046,.F.);
#7577=ORIENTED_EDGE('',*,*,#5746,.T.);
#7578=ORIENTED_EDGE('',*,*,#5286,.F.);
#7579=ORIENTED_EDGE('',*,*,#5739,.F.);
#7580=ORIENTED_EDGE('',*,*,#5039,.F.);
#7581=ORIENTED_EDGE('',*,*,#5747,.T.);
#7582=ORIENTED_EDGE('',*,*,#5301,.F.);
#7583=ORIENTED_EDGE('',*,*,#5748,.F.);
#7584=ORIENTED_EDGE('',*,*,#5040,.F.);
#7585=ORIENTED_EDGE('',*,*,#5748,.T.);
#7586=ORIENTED_EDGE('',*,*,#5300,.F.);
#7587=ORIENTED_EDGE('',*,*,#5749,.F.);
#7588=ORIENTED_EDGE('',*,*,#5041,.F.);
#7589=ORIENTED_EDGE('',*,*,#5749,.T.);
#7590=ORIENTED_EDGE('',*,*,#5299,.F.);
#7591=ORIENTED_EDGE('',*,*,#5750,.F.);
#7592=ORIENTED_EDGE('',*,*,#5042,.F.);
#7593=ORIENTED_EDGE('',*,*,#5750,.T.);
#7594=ORIENTED_EDGE('',*,*,#5298,.F.);
#7595=ORIENTED_EDGE('',*,*,#5751,.F.);
#7596=ORIENTED_EDGE('',*,*,#5043,.F.);
#7597=ORIENTED_EDGE('',*,*,#5751,.T.);
#7598=ORIENTED_EDGE('',*,*,#5297,.F.);
#7599=ORIENTED_EDGE('',*,*,#5752,.F.);
#7600=ORIENTED_EDGE('',*,*,#5044,.F.);
#7601=ORIENTED_EDGE('',*,*,#5752,.T.);
#7602=ORIENTED_EDGE('',*,*,#5296,.F.);
#7603=ORIENTED_EDGE('',*,*,#5753,.F.);
#7604=ORIENTED_EDGE('',*,*,#5045,.F.);
#7605=ORIENTED_EDGE('',*,*,#5753,.T.);
#7606=ORIENTED_EDGE('',*,*,#5295,.F.);
#7607=ORIENTED_EDGE('',*,*,#5754,.F.);
#7608=ORIENTED_EDGE('',*,*,#5038,.F.);
#7609=ORIENTED_EDGE('',*,*,#5754,.T.);
#7610=ORIENTED_EDGE('',*,*,#5294,.F.);
#7611=ORIENTED_EDGE('',*,*,#5747,.F.);
#7612=ORIENTED_EDGE('',*,*,#5031,.F.);
#7613=ORIENTED_EDGE('',*,*,#5755,.T.);
#7614=ORIENTED_EDGE('',*,*,#5309,.F.);
#7615=ORIENTED_EDGE('',*,*,#5756,.F.);
#7616=ORIENTED_EDGE('',*,*,#5032,.F.);
#7617=ORIENTED_EDGE('',*,*,#5756,.T.);
#7618=ORIENTED_EDGE('',*,*,#5308,.F.);
#7619=ORIENTED_EDGE('',*,*,#5757,.F.);
#7620=ORIENTED_EDGE('',*,*,#5033,.F.);
#7621=ORIENTED_EDGE('',*,*,#5757,.T.);
#7622=ORIENTED_EDGE('',*,*,#5307,.F.);
#7623=ORIENTED_EDGE('',*,*,#5758,.F.);
#7624=ORIENTED_EDGE('',*,*,#5034,.F.);
#7625=ORIENTED_EDGE('',*,*,#5758,.T.);
#7626=ORIENTED_EDGE('',*,*,#5306,.F.);
#7627=ORIENTED_EDGE('',*,*,#5759,.F.);
#7628=ORIENTED_EDGE('',*,*,#5035,.F.);
#7629=ORIENTED_EDGE('',*,*,#5759,.T.);
#7630=ORIENTED_EDGE('',*,*,#5305,.F.);
#7631=ORIENTED_EDGE('',*,*,#5760,.F.);
#7632=ORIENTED_EDGE('',*,*,#5036,.F.);
#7633=ORIENTED_EDGE('',*,*,#5760,.T.);
#7634=ORIENTED_EDGE('',*,*,#5304,.F.);
#7635=ORIENTED_EDGE('',*,*,#5761,.F.);
#7636=ORIENTED_EDGE('',*,*,#5037,.F.);
#7637=ORIENTED_EDGE('',*,*,#5761,.T.);
#7638=ORIENTED_EDGE('',*,*,#5303,.F.);
#7639=ORIENTED_EDGE('',*,*,#5762,.F.);
#7640=ORIENTED_EDGE('',*,*,#5030,.F.);
#7641=ORIENTED_EDGE('',*,*,#5762,.T.);
#7642=ORIENTED_EDGE('',*,*,#5302,.F.);
#7643=ORIENTED_EDGE('',*,*,#5755,.F.);
#7644=ORIENTED_EDGE('',*,*,#5023,.F.);
#7645=ORIENTED_EDGE('',*,*,#5763,.T.);
#7646=ORIENTED_EDGE('',*,*,#5317,.F.);
#7647=ORIENTED_EDGE('',*,*,#5764,.F.);
#7648=ORIENTED_EDGE('',*,*,#5024,.F.);
#7649=ORIENTED_EDGE('',*,*,#5764,.T.);
#7650=ORIENTED_EDGE('',*,*,#5316,.F.);
#7651=ORIENTED_EDGE('',*,*,#5765,.F.);
#7652=ORIENTED_EDGE('',*,*,#5025,.F.);
#7653=ORIENTED_EDGE('',*,*,#5765,.T.);
#7654=ORIENTED_EDGE('',*,*,#5315,.F.);
#7655=ORIENTED_EDGE('',*,*,#5766,.F.);
#7656=ORIENTED_EDGE('',*,*,#5026,.F.);
#7657=ORIENTED_EDGE('',*,*,#5766,.T.);
#7658=ORIENTED_EDGE('',*,*,#5314,.F.);
#7659=ORIENTED_EDGE('',*,*,#5767,.F.);
#7660=ORIENTED_EDGE('',*,*,#5027,.F.);
#7661=ORIENTED_EDGE('',*,*,#5767,.T.);
#7662=ORIENTED_EDGE('',*,*,#5313,.F.);
#7663=ORIENTED_EDGE('',*,*,#5768,.F.);
#7664=ORIENTED_EDGE('',*,*,#5028,.F.);
#7665=ORIENTED_EDGE('',*,*,#5768,.T.);
#7666=ORIENTED_EDGE('',*,*,#5312,.F.);
#7667=ORIENTED_EDGE('',*,*,#5769,.F.);
#7668=ORIENTED_EDGE('',*,*,#5029,.F.);
#7669=ORIENTED_EDGE('',*,*,#5769,.T.);
#7670=ORIENTED_EDGE('',*,*,#5311,.F.);
#7671=ORIENTED_EDGE('',*,*,#5770,.F.);
#7672=ORIENTED_EDGE('',*,*,#5022,.F.);
#7673=ORIENTED_EDGE('',*,*,#5770,.T.);
#7674=ORIENTED_EDGE('',*,*,#5310,.F.);
#7675=ORIENTED_EDGE('',*,*,#5763,.F.);
#7676=ORIENTED_EDGE('',*,*,#5015,.F.);
#7677=ORIENTED_EDGE('',*,*,#5771,.T.);
#7678=ORIENTED_EDGE('',*,*,#5325,.F.);
#7679=ORIENTED_EDGE('',*,*,#5772,.F.);
#7680=ORIENTED_EDGE('',*,*,#5016,.F.);
#7681=ORIENTED_EDGE('',*,*,#5772,.T.);
#7682=ORIENTED_EDGE('',*,*,#5324,.F.);
#7683=ORIENTED_EDGE('',*,*,#5773,.F.);
#7684=ORIENTED_EDGE('',*,*,#5017,.F.);
#7685=ORIENTED_EDGE('',*,*,#5773,.T.);
#7686=ORIENTED_EDGE('',*,*,#5323,.F.);
#7687=ORIENTED_EDGE('',*,*,#5774,.F.);
#7688=ORIENTED_EDGE('',*,*,#5018,.F.);
#7689=ORIENTED_EDGE('',*,*,#5774,.T.);
#7690=ORIENTED_EDGE('',*,*,#5322,.F.);
#7691=ORIENTED_EDGE('',*,*,#5775,.F.);
#7692=ORIENTED_EDGE('',*,*,#5019,.F.);
#7693=ORIENTED_EDGE('',*,*,#5775,.T.);
#7694=ORIENTED_EDGE('',*,*,#5321,.F.);
#7695=ORIENTED_EDGE('',*,*,#5776,.F.);
#7696=ORIENTED_EDGE('',*,*,#5020,.F.);
#7697=ORIENTED_EDGE('',*,*,#5776,.T.);
#7698=ORIENTED_EDGE('',*,*,#5320,.F.);
#7699=ORIENTED_EDGE('',*,*,#5777,.F.);
#7700=ORIENTED_EDGE('',*,*,#5021,.F.);
#7701=ORIENTED_EDGE('',*,*,#5777,.T.);
#7702=ORIENTED_EDGE('',*,*,#5319,.F.);
#7703=ORIENTED_EDGE('',*,*,#5778,.F.);
#7704=ORIENTED_EDGE('',*,*,#5014,.F.);
#7705=ORIENTED_EDGE('',*,*,#5778,.T.);
#7706=ORIENTED_EDGE('',*,*,#5318,.F.);
#7707=ORIENTED_EDGE('',*,*,#5771,.F.);
#7708=ORIENTED_EDGE('',*,*,#5007,.F.);
#7709=ORIENTED_EDGE('',*,*,#5779,.T.);
#7710=ORIENTED_EDGE('',*,*,#5333,.F.);
#7711=ORIENTED_EDGE('',*,*,#5780,.F.);
#7712=ORIENTED_EDGE('',*,*,#5008,.F.);
#7713=ORIENTED_EDGE('',*,*,#5780,.T.);
#7714=ORIENTED_EDGE('',*,*,#5332,.F.);
#7715=ORIENTED_EDGE('',*,*,#5781,.F.);
#7716=ORIENTED_EDGE('',*,*,#5009,.F.);
#7717=ORIENTED_EDGE('',*,*,#5781,.T.);
#7718=ORIENTED_EDGE('',*,*,#5331,.F.);
#7719=ORIENTED_EDGE('',*,*,#5782,.F.);
#7720=ORIENTED_EDGE('',*,*,#5010,.F.);
#7721=ORIENTED_EDGE('',*,*,#5782,.T.);
#7722=ORIENTED_EDGE('',*,*,#5330,.F.);
#7723=ORIENTED_EDGE('',*,*,#5783,.F.);
#7724=ORIENTED_EDGE('',*,*,#5011,.F.);
#7725=ORIENTED_EDGE('',*,*,#5783,.T.);
#7726=ORIENTED_EDGE('',*,*,#5329,.F.);
#7727=ORIENTED_EDGE('',*,*,#5784,.F.);
#7728=ORIENTED_EDGE('',*,*,#5012,.F.);
#7729=ORIENTED_EDGE('',*,*,#5784,.T.);
#7730=ORIENTED_EDGE('',*,*,#5328,.F.);
#7731=ORIENTED_EDGE('',*,*,#5785,.F.);
#7732=ORIENTED_EDGE('',*,*,#5013,.F.);
#7733=ORIENTED_EDGE('',*,*,#5785,.T.);
#7734=ORIENTED_EDGE('',*,*,#5327,.F.);
#7735=ORIENTED_EDGE('',*,*,#5786,.F.);
#7736=ORIENTED_EDGE('',*,*,#5006,.F.);
#7737=ORIENTED_EDGE('',*,*,#5786,.T.);
#7738=ORIENTED_EDGE('',*,*,#5326,.F.);
#7739=ORIENTED_EDGE('',*,*,#5779,.F.);
#7740=ORIENTED_EDGE('',*,*,#4749,.F.);
#7741=ORIENTED_EDGE('',*,*,#4699,.T.);
#7742=ORIENTED_EDGE('',*,*,#5169,.F.);
#7743=ORIENTED_EDGE('',*,*,#5787,.F.);
#7744=ORIENTED_EDGE('',*,*,#4750,.F.);
#7745=ORIENTED_EDGE('',*,*,#5787,.T.);
#7746=ORIENTED_EDGE('',*,*,#5168,.F.);
#7747=ORIENTED_EDGE('',*,*,#5788,.F.);
#7748=ORIENTED_EDGE('',*,*,#4751,.F.);
#7749=ORIENTED_EDGE('',*,*,#5788,.T.);
#7750=ORIENTED_EDGE('',*,*,#5167,.F.);
#7751=ORIENTED_EDGE('',*,*,#5789,.F.);
#7752=ORIENTED_EDGE('',*,*,#4674,.T.);
#7753=ORIENTED_EDGE('',*,*,#4752,.F.);
#7754=ORIENTED_EDGE('',*,*,#5789,.T.);
#7755=ORIENTED_EDGE('',*,*,#5166,.F.);
#7756=ORIENTED_EDGE('',*,*,#4999,.F.);
#7757=ORIENTED_EDGE('',*,*,#5790,.T.);
#7758=ORIENTED_EDGE('',*,*,#5341,.F.);
#7759=ORIENTED_EDGE('',*,*,#5791,.F.);
#7760=ORIENTED_EDGE('',*,*,#5000,.F.);
#7761=ORIENTED_EDGE('',*,*,#5791,.T.);
#7762=ORIENTED_EDGE('',*,*,#5340,.F.);
#7763=ORIENTED_EDGE('',*,*,#5792,.F.);
#7764=ORIENTED_EDGE('',*,*,#5001,.F.);
#7765=ORIENTED_EDGE('',*,*,#5792,.T.);
#7766=ORIENTED_EDGE('',*,*,#5339,.F.);
#7767=ORIENTED_EDGE('',*,*,#5793,.F.);
#7768=ORIENTED_EDGE('',*,*,#5002,.F.);
#7769=ORIENTED_EDGE('',*,*,#5793,.T.);
#7770=ORIENTED_EDGE('',*,*,#5338,.F.);
#7771=ORIENTED_EDGE('',*,*,#5794,.F.);
#7772=ORIENTED_EDGE('',*,*,#5003,.F.);
#7773=ORIENTED_EDGE('',*,*,#5794,.T.);
#7774=ORIENTED_EDGE('',*,*,#5337,.F.);
#7775=ORIENTED_EDGE('',*,*,#5795,.F.);
#7776=ORIENTED_EDGE('',*,*,#5004,.F.);
#7777=ORIENTED_EDGE('',*,*,#5795,.T.);
#7778=ORIENTED_EDGE('',*,*,#5336,.F.);
#7779=ORIENTED_EDGE('',*,*,#5796,.F.);
#7780=ORIENTED_EDGE('',*,*,#5005,.F.);
#7781=ORIENTED_EDGE('',*,*,#5796,.T.);
#7782=ORIENTED_EDGE('',*,*,#5335,.F.);
#7783=ORIENTED_EDGE('',*,*,#5797,.F.);
#7784=ORIENTED_EDGE('',*,*,#4998,.F.);
#7785=ORIENTED_EDGE('',*,*,#5797,.T.);
#7786=ORIENTED_EDGE('',*,*,#5334,.F.);
#7787=ORIENTED_EDGE('',*,*,#5790,.F.);
#7788=ORIENTED_EDGE('',*,*,#4991,.F.);
#7789=ORIENTED_EDGE('',*,*,#5798,.T.);
#7790=ORIENTED_EDGE('',*,*,#5349,.F.);
#7791=ORIENTED_EDGE('',*,*,#5799,.F.);
#7792=ORIENTED_EDGE('',*,*,#4992,.F.);
#7793=ORIENTED_EDGE('',*,*,#5799,.T.);
#7794=ORIENTED_EDGE('',*,*,#5348,.F.);
#7795=ORIENTED_EDGE('',*,*,#5800,.F.);
#7796=ORIENTED_EDGE('',*,*,#4993,.F.);
#7797=ORIENTED_EDGE('',*,*,#5800,.T.);
#7798=ORIENTED_EDGE('',*,*,#5347,.F.);
#7799=ORIENTED_EDGE('',*,*,#5801,.F.);
#7800=ORIENTED_EDGE('',*,*,#4994,.F.);
#7801=ORIENTED_EDGE('',*,*,#5801,.T.);
#7802=ORIENTED_EDGE('',*,*,#5346,.F.);
#7803=ORIENTED_EDGE('',*,*,#5802,.F.);
#7804=ORIENTED_EDGE('',*,*,#4995,.F.);
#7805=ORIENTED_EDGE('',*,*,#5802,.T.);
#7806=ORIENTED_EDGE('',*,*,#5345,.F.);
#7807=ORIENTED_EDGE('',*,*,#5803,.F.);
#7808=ORIENTED_EDGE('',*,*,#4996,.F.);
#7809=ORIENTED_EDGE('',*,*,#5803,.T.);
#7810=ORIENTED_EDGE('',*,*,#5344,.F.);
#7811=ORIENTED_EDGE('',*,*,#5804,.F.);
#7812=ORIENTED_EDGE('',*,*,#4997,.F.);
#7813=ORIENTED_EDGE('',*,*,#5804,.T.);
#7814=ORIENTED_EDGE('',*,*,#5343,.F.);
#7815=ORIENTED_EDGE('',*,*,#5805,.F.);
#7816=ORIENTED_EDGE('',*,*,#4990,.F.);
#7817=ORIENTED_EDGE('',*,*,#5805,.T.);
#7818=ORIENTED_EDGE('',*,*,#5342,.F.);
#7819=ORIENTED_EDGE('',*,*,#5798,.F.);
#7820=ORIENTED_EDGE('',*,*,#4983,.F.);
#7821=ORIENTED_EDGE('',*,*,#5806,.T.);
#7822=ORIENTED_EDGE('',*,*,#5357,.F.);
#7823=ORIENTED_EDGE('',*,*,#5807,.F.);
#7824=ORIENTED_EDGE('',*,*,#4984,.F.);
#7825=ORIENTED_EDGE('',*,*,#5807,.T.);
#7826=ORIENTED_EDGE('',*,*,#5356,.F.);
#7827=ORIENTED_EDGE('',*,*,#5808,.F.);
#7828=ORIENTED_EDGE('',*,*,#4985,.F.);
#7829=ORIENTED_EDGE('',*,*,#5808,.T.);
#7830=ORIENTED_EDGE('',*,*,#5355,.F.);
#7831=ORIENTED_EDGE('',*,*,#5809,.F.);
#7832=ORIENTED_EDGE('',*,*,#4986,.F.);
#7833=ORIENTED_EDGE('',*,*,#5809,.T.);
#7834=ORIENTED_EDGE('',*,*,#5354,.F.);
#7835=ORIENTED_EDGE('',*,*,#5810,.F.);
#7836=ORIENTED_EDGE('',*,*,#4987,.F.);
#7837=ORIENTED_EDGE('',*,*,#5810,.T.);
#7838=ORIENTED_EDGE('',*,*,#5353,.F.);
#7839=ORIENTED_EDGE('',*,*,#5811,.F.);
#7840=ORIENTED_EDGE('',*,*,#4988,.F.);
#7841=ORIENTED_EDGE('',*,*,#5811,.T.);
#7842=ORIENTED_EDGE('',*,*,#5352,.F.);
#7843=ORIENTED_EDGE('',*,*,#5812,.F.);
#7844=ORIENTED_EDGE('',*,*,#4989,.F.);
#7845=ORIENTED_EDGE('',*,*,#5812,.T.);
#7846=ORIENTED_EDGE('',*,*,#5351,.F.);
#7847=ORIENTED_EDGE('',*,*,#5813,.F.);
#7848=ORIENTED_EDGE('',*,*,#4982,.F.);
#7849=ORIENTED_EDGE('',*,*,#5813,.T.);
#7850=ORIENTED_EDGE('',*,*,#5350,.F.);
#7851=ORIENTED_EDGE('',*,*,#5806,.F.);
#7852=ORIENTED_EDGE('',*,*,#4975,.F.);
#7853=ORIENTED_EDGE('',*,*,#5814,.T.);
#7854=ORIENTED_EDGE('',*,*,#5365,.F.);
#7855=ORIENTED_EDGE('',*,*,#5815,.F.);
#7856=ORIENTED_EDGE('',*,*,#4976,.F.);
#7857=ORIENTED_EDGE('',*,*,#5815,.T.);
#7858=ORIENTED_EDGE('',*,*,#5364,.F.);
#7859=ORIENTED_EDGE('',*,*,#5816,.F.);
#7860=ORIENTED_EDGE('',*,*,#4977,.F.);
#7861=ORIENTED_EDGE('',*,*,#5816,.T.);
#7862=ORIENTED_EDGE('',*,*,#5363,.F.);
#7863=ORIENTED_EDGE('',*,*,#5817,.F.);
#7864=ORIENTED_EDGE('',*,*,#4978,.F.);
#7865=ORIENTED_EDGE('',*,*,#5817,.T.);
#7866=ORIENTED_EDGE('',*,*,#5362,.F.);
#7867=ORIENTED_EDGE('',*,*,#5818,.F.);
#7868=ORIENTED_EDGE('',*,*,#4979,.F.);
#7869=ORIENTED_EDGE('',*,*,#5818,.T.);
#7870=ORIENTED_EDGE('',*,*,#5361,.F.);
#7871=ORIENTED_EDGE('',*,*,#5819,.F.);
#7872=ORIENTED_EDGE('',*,*,#4980,.F.);
#7873=ORIENTED_EDGE('',*,*,#5819,.T.);
#7874=ORIENTED_EDGE('',*,*,#5360,.F.);
#7875=ORIENTED_EDGE('',*,*,#5820,.F.);
#7876=ORIENTED_EDGE('',*,*,#4981,.F.);
#7877=ORIENTED_EDGE('',*,*,#5820,.T.);
#7878=ORIENTED_EDGE('',*,*,#5359,.F.);
#7879=ORIENTED_EDGE('',*,*,#5821,.F.);
#7880=ORIENTED_EDGE('',*,*,#4974,.F.);
#7881=ORIENTED_EDGE('',*,*,#5821,.T.);
#7882=ORIENTED_EDGE('',*,*,#5358,.F.);
#7883=ORIENTED_EDGE('',*,*,#5814,.F.);
#7884=ORIENTED_EDGE('',*,*,#4967,.F.);
#7885=ORIENTED_EDGE('',*,*,#5822,.T.);
#7886=ORIENTED_EDGE('',*,*,#5373,.F.);
#7887=ORIENTED_EDGE('',*,*,#5823,.F.);
#7888=ORIENTED_EDGE('',*,*,#4968,.F.);
#7889=ORIENTED_EDGE('',*,*,#5823,.T.);
#7890=ORIENTED_EDGE('',*,*,#5372,.F.);
#7891=ORIENTED_EDGE('',*,*,#5824,.F.);
#7892=ORIENTED_EDGE('',*,*,#4969,.F.);
#7893=ORIENTED_EDGE('',*,*,#5824,.T.);
#7894=ORIENTED_EDGE('',*,*,#5371,.F.);
#7895=ORIENTED_EDGE('',*,*,#5825,.F.);
#7896=ORIENTED_EDGE('',*,*,#4970,.F.);
#7897=ORIENTED_EDGE('',*,*,#5825,.T.);
#7898=ORIENTED_EDGE('',*,*,#5370,.F.);
#7899=ORIENTED_EDGE('',*,*,#5826,.F.);
#7900=ORIENTED_EDGE('',*,*,#4971,.F.);
#7901=ORIENTED_EDGE('',*,*,#5826,.T.);
#7902=ORIENTED_EDGE('',*,*,#5369,.F.);
#7903=ORIENTED_EDGE('',*,*,#5827,.F.);
#7904=ORIENTED_EDGE('',*,*,#4972,.F.);
#7905=ORIENTED_EDGE('',*,*,#5827,.T.);
#7906=ORIENTED_EDGE('',*,*,#5368,.F.);
#7907=ORIENTED_EDGE('',*,*,#5828,.F.);
#7908=ORIENTED_EDGE('',*,*,#4973,.F.);
#7909=ORIENTED_EDGE('',*,*,#5828,.T.);
#7910=ORIENTED_EDGE('',*,*,#5367,.F.);
#7911=ORIENTED_EDGE('',*,*,#5829,.F.);
#7912=ORIENTED_EDGE('',*,*,#4966,.F.);
#7913=ORIENTED_EDGE('',*,*,#5829,.T.);
#7914=ORIENTED_EDGE('',*,*,#5366,.F.);
#7915=ORIENTED_EDGE('',*,*,#5822,.F.);
#7916=ORIENTED_EDGE('',*,*,#4959,.F.);
#7917=ORIENTED_EDGE('',*,*,#5830,.T.);
#7918=ORIENTED_EDGE('',*,*,#5381,.F.);
#7919=ORIENTED_EDGE('',*,*,#5831,.F.);
#7920=ORIENTED_EDGE('',*,*,#4960,.F.);
#7921=ORIENTED_EDGE('',*,*,#5831,.T.);
#7922=ORIENTED_EDGE('',*,*,#5380,.F.);
#7923=ORIENTED_EDGE('',*,*,#5832,.F.);
#7924=ORIENTED_EDGE('',*,*,#4961,.F.);
#7925=ORIENTED_EDGE('',*,*,#5832,.T.);
#7926=ORIENTED_EDGE('',*,*,#5379,.F.);
#7927=ORIENTED_EDGE('',*,*,#5833,.F.);
#7928=ORIENTED_EDGE('',*,*,#4962,.F.);
#7929=ORIENTED_EDGE('',*,*,#5833,.T.);
#7930=ORIENTED_EDGE('',*,*,#5378,.F.);
#7931=ORIENTED_EDGE('',*,*,#5834,.F.);
#7932=ORIENTED_EDGE('',*,*,#4963,.F.);
#7933=ORIENTED_EDGE('',*,*,#5834,.T.);
#7934=ORIENTED_EDGE('',*,*,#5377,.F.);
#7935=ORIENTED_EDGE('',*,*,#5835,.F.);
#7936=ORIENTED_EDGE('',*,*,#4964,.F.);
#7937=ORIENTED_EDGE('',*,*,#5835,.T.);
#7938=ORIENTED_EDGE('',*,*,#5376,.F.);
#7939=ORIENTED_EDGE('',*,*,#5836,.F.);
#7940=ORIENTED_EDGE('',*,*,#4965,.F.);
#7941=ORIENTED_EDGE('',*,*,#5836,.T.);
#7942=ORIENTED_EDGE('',*,*,#5375,.F.);
#7943=ORIENTED_EDGE('',*,*,#5837,.F.);
#7944=ORIENTED_EDGE('',*,*,#4958,.F.);
#7945=ORIENTED_EDGE('',*,*,#5837,.T.);
#7946=ORIENTED_EDGE('',*,*,#5374,.F.);
#7947=ORIENTED_EDGE('',*,*,#5830,.F.);
#7948=ORIENTED_EDGE('',*,*,#4951,.F.);
#7949=ORIENTED_EDGE('',*,*,#5838,.T.);
#7950=ORIENTED_EDGE('',*,*,#5389,.F.);
#7951=ORIENTED_EDGE('',*,*,#5839,.F.);
#7952=ORIENTED_EDGE('',*,*,#4952,.F.);
#7953=ORIENTED_EDGE('',*,*,#5839,.T.);
#7954=ORIENTED_EDGE('',*,*,#5388,.F.);
#7955=ORIENTED_EDGE('',*,*,#5840,.F.);
#7956=ORIENTED_EDGE('',*,*,#4953,.F.);
#7957=ORIENTED_EDGE('',*,*,#5840,.T.);
#7958=ORIENTED_EDGE('',*,*,#5387,.F.);
#7959=ORIENTED_EDGE('',*,*,#5841,.F.);
#7960=ORIENTED_EDGE('',*,*,#4954,.F.);
#7961=ORIENTED_EDGE('',*,*,#5841,.T.);
#7962=ORIENTED_EDGE('',*,*,#5386,.F.);
#7963=ORIENTED_EDGE('',*,*,#5842,.F.);
#7964=ORIENTED_EDGE('',*,*,#4955,.F.);
#7965=ORIENTED_EDGE('',*,*,#5842,.T.);
#7966=ORIENTED_EDGE('',*,*,#5385,.F.);
#7967=ORIENTED_EDGE('',*,*,#5843,.F.);
#7968=ORIENTED_EDGE('',*,*,#4956,.F.);
#7969=ORIENTED_EDGE('',*,*,#5843,.T.);
#7970=ORIENTED_EDGE('',*,*,#5384,.F.);
#7971=ORIENTED_EDGE('',*,*,#5844,.F.);
#7972=ORIENTED_EDGE('',*,*,#4957,.F.);
#7973=ORIENTED_EDGE('',*,*,#5844,.T.);
#7974=ORIENTED_EDGE('',*,*,#5383,.F.);
#7975=ORIENTED_EDGE('',*,*,#5845,.F.);
#7976=ORIENTED_EDGE('',*,*,#4950,.F.);
#7977=ORIENTED_EDGE('',*,*,#5845,.T.);
#7978=ORIENTED_EDGE('',*,*,#5382,.F.);
#7979=ORIENTED_EDGE('',*,*,#5838,.F.);
#7980=ORIENTED_EDGE('',*,*,#4943,.F.);
#7981=ORIENTED_EDGE('',*,*,#5846,.T.);
#7982=ORIENTED_EDGE('',*,*,#5397,.F.);
#7983=ORIENTED_EDGE('',*,*,#5847,.F.);
#7984=ORIENTED_EDGE('',*,*,#4944,.F.);
#7985=ORIENTED_EDGE('',*,*,#5847,.T.);
#7986=ORIENTED_EDGE('',*,*,#5396,.F.);
#7987=ORIENTED_EDGE('',*,*,#5848,.F.);
#7988=ORIENTED_EDGE('',*,*,#4945,.F.);
#7989=ORIENTED_EDGE('',*,*,#5848,.T.);
#7990=ORIENTED_EDGE('',*,*,#5395,.F.);
#7991=ORIENTED_EDGE('',*,*,#5849,.F.);
#7992=ORIENTED_EDGE('',*,*,#4946,.F.);
#7993=ORIENTED_EDGE('',*,*,#5849,.T.);
#7994=ORIENTED_EDGE('',*,*,#5394,.F.);
#7995=ORIENTED_EDGE('',*,*,#5850,.F.);
#7996=ORIENTED_EDGE('',*,*,#4947,.F.);
#7997=ORIENTED_EDGE('',*,*,#5850,.T.);
#7998=ORIENTED_EDGE('',*,*,#5393,.F.);
#7999=ORIENTED_EDGE('',*,*,#5851,.F.);
#8000=ORIENTED_EDGE('',*,*,#4948,.F.);
#8001=ORIENTED_EDGE('',*,*,#5851,.T.);
#8002=ORIENTED_EDGE('',*,*,#5392,.F.);
#8003=ORIENTED_EDGE('',*,*,#5852,.F.);
#8004=ORIENTED_EDGE('',*,*,#4949,.F.);
#8005=ORIENTED_EDGE('',*,*,#5852,.T.);
#8006=ORIENTED_EDGE('',*,*,#5391,.F.);
#8007=ORIENTED_EDGE('',*,*,#5853,.F.);
#8008=ORIENTED_EDGE('',*,*,#4942,.F.);
#8009=ORIENTED_EDGE('',*,*,#5853,.T.);
#8010=ORIENTED_EDGE('',*,*,#5390,.F.);
#8011=ORIENTED_EDGE('',*,*,#5846,.F.);
#8012=ORIENTED_EDGE('',*,*,#4753,.F.);
#8013=ORIENTED_EDGE('',*,*,#4696,.T.);
#8014=ORIENTED_EDGE('',*,*,#5165,.F.);
#8015=ORIENTED_EDGE('',*,*,#5854,.F.);
#8016=ORIENTED_EDGE('',*,*,#4754,.F.);
#8017=ORIENTED_EDGE('',*,*,#5854,.T.);
#8018=ORIENTED_EDGE('',*,*,#5164,.F.);
#8019=ORIENTED_EDGE('',*,*,#5855,.F.);
#8020=ORIENTED_EDGE('',*,*,#4755,.F.);
#8021=ORIENTED_EDGE('',*,*,#5855,.T.);
#8022=ORIENTED_EDGE('',*,*,#5163,.F.);
#8023=ORIENTED_EDGE('',*,*,#5856,.F.);
#8024=ORIENTED_EDGE('',*,*,#4670,.T.);
#8025=ORIENTED_EDGE('',*,*,#4756,.F.);
#8026=ORIENTED_EDGE('',*,*,#5856,.T.);
#8027=ORIENTED_EDGE('',*,*,#5162,.F.);
#8028=ORIENTED_EDGE('',*,*,#4935,.F.);
#8029=ORIENTED_EDGE('',*,*,#5857,.T.);
#8030=ORIENTED_EDGE('',*,*,#5405,.F.);
#8031=ORIENTED_EDGE('',*,*,#5858,.F.);
#8032=ORIENTED_EDGE('',*,*,#4936,.F.);
#8033=ORIENTED_EDGE('',*,*,#5858,.T.);
#8034=ORIENTED_EDGE('',*,*,#5404,.F.);
#8035=ORIENTED_EDGE('',*,*,#5859,.F.);
#8036=ORIENTED_EDGE('',*,*,#4937,.F.);
#8037=ORIENTED_EDGE('',*,*,#5859,.T.);
#8038=ORIENTED_EDGE('',*,*,#5403,.F.);
#8039=ORIENTED_EDGE('',*,*,#5860,.F.);
#8040=ORIENTED_EDGE('',*,*,#4938,.F.);
#8041=ORIENTED_EDGE('',*,*,#5860,.T.);
#8042=ORIENTED_EDGE('',*,*,#5402,.F.);
#8043=ORIENTED_EDGE('',*,*,#5861,.F.);
#8044=ORIENTED_EDGE('',*,*,#4939,.F.);
#8045=ORIENTED_EDGE('',*,*,#5861,.T.);
#8046=ORIENTED_EDGE('',*,*,#5401,.F.);
#8047=ORIENTED_EDGE('',*,*,#5862,.F.);
#8048=ORIENTED_EDGE('',*,*,#4940,.F.);
#8049=ORIENTED_EDGE('',*,*,#5862,.T.);
#8050=ORIENTED_EDGE('',*,*,#5400,.F.);
#8051=ORIENTED_EDGE('',*,*,#5863,.F.);
#8052=ORIENTED_EDGE('',*,*,#4941,.F.);
#8053=ORIENTED_EDGE('',*,*,#5863,.T.);
#8054=ORIENTED_EDGE('',*,*,#5399,.F.);
#8055=ORIENTED_EDGE('',*,*,#5864,.F.);
#8056=ORIENTED_EDGE('',*,*,#4934,.F.);
#8057=ORIENTED_EDGE('',*,*,#5864,.T.);
#8058=ORIENTED_EDGE('',*,*,#5398,.F.);
#8059=ORIENTED_EDGE('',*,*,#5857,.F.);
#8060=ORIENTED_EDGE('',*,*,#4927,.F.);
#8061=ORIENTED_EDGE('',*,*,#5865,.T.);
#8062=ORIENTED_EDGE('',*,*,#5413,.F.);
#8063=ORIENTED_EDGE('',*,*,#5866,.F.);
#8064=ORIENTED_EDGE('',*,*,#4928,.F.);
#8065=ORIENTED_EDGE('',*,*,#5866,.T.);
#8066=ORIENTED_EDGE('',*,*,#5412,.F.);
#8067=ORIENTED_EDGE('',*,*,#5867,.F.);
#8068=ORIENTED_EDGE('',*,*,#4929,.F.);
#8069=ORIENTED_EDGE('',*,*,#5867,.T.);
#8070=ORIENTED_EDGE('',*,*,#5411,.F.);
#8071=ORIENTED_EDGE('',*,*,#5868,.F.);
#8072=ORIENTED_EDGE('',*,*,#4930,.F.);
#8073=ORIENTED_EDGE('',*,*,#5868,.T.);
#8074=ORIENTED_EDGE('',*,*,#5410,.F.);
#8075=ORIENTED_EDGE('',*,*,#5869,.F.);
#8076=ORIENTED_EDGE('',*,*,#4931,.F.);
#8077=ORIENTED_EDGE('',*,*,#5869,.T.);
#8078=ORIENTED_EDGE('',*,*,#5409,.F.);
#8079=ORIENTED_EDGE('',*,*,#5870,.F.);
#8080=ORIENTED_EDGE('',*,*,#4932,.F.);
#8081=ORIENTED_EDGE('',*,*,#5870,.T.);
#8082=ORIENTED_EDGE('',*,*,#5408,.F.);
#8083=ORIENTED_EDGE('',*,*,#5871,.F.);
#8084=ORIENTED_EDGE('',*,*,#4933,.F.);
#8085=ORIENTED_EDGE('',*,*,#5871,.T.);
#8086=ORIENTED_EDGE('',*,*,#5407,.F.);
#8087=ORIENTED_EDGE('',*,*,#5872,.F.);
#8088=ORIENTED_EDGE('',*,*,#4926,.F.);
#8089=ORIENTED_EDGE('',*,*,#5872,.T.);
#8090=ORIENTED_EDGE('',*,*,#5406,.F.);
#8091=ORIENTED_EDGE('',*,*,#5865,.F.);
#8092=ORIENTED_EDGE('',*,*,#4919,.F.);
#8093=ORIENTED_EDGE('',*,*,#5873,.T.);
#8094=ORIENTED_EDGE('',*,*,#5421,.F.);
#8095=ORIENTED_EDGE('',*,*,#5874,.F.);
#8096=ORIENTED_EDGE('',*,*,#4920,.F.);
#8097=ORIENTED_EDGE('',*,*,#5874,.T.);
#8098=ORIENTED_EDGE('',*,*,#5420,.F.);
#8099=ORIENTED_EDGE('',*,*,#5875,.F.);
#8100=ORIENTED_EDGE('',*,*,#4921,.F.);
#8101=ORIENTED_EDGE('',*,*,#5875,.T.);
#8102=ORIENTED_EDGE('',*,*,#5419,.F.);
#8103=ORIENTED_EDGE('',*,*,#5876,.F.);
#8104=ORIENTED_EDGE('',*,*,#4922,.F.);
#8105=ORIENTED_EDGE('',*,*,#5876,.T.);
#8106=ORIENTED_EDGE('',*,*,#5418,.F.);
#8107=ORIENTED_EDGE('',*,*,#5877,.F.);
#8108=ORIENTED_EDGE('',*,*,#4923,.F.);
#8109=ORIENTED_EDGE('',*,*,#5877,.T.);
#8110=ORIENTED_EDGE('',*,*,#5417,.F.);
#8111=ORIENTED_EDGE('',*,*,#5878,.F.);
#8112=ORIENTED_EDGE('',*,*,#4924,.F.);
#8113=ORIENTED_EDGE('',*,*,#5878,.T.);
#8114=ORIENTED_EDGE('',*,*,#5416,.F.);
#8115=ORIENTED_EDGE('',*,*,#5879,.F.);
#8116=ORIENTED_EDGE('',*,*,#4925,.F.);
#8117=ORIENTED_EDGE('',*,*,#5879,.T.);
#8118=ORIENTED_EDGE('',*,*,#5415,.F.);
#8119=ORIENTED_EDGE('',*,*,#5880,.F.);
#8120=ORIENTED_EDGE('',*,*,#4918,.F.);
#8121=ORIENTED_EDGE('',*,*,#5880,.T.);
#8122=ORIENTED_EDGE('',*,*,#5414,.F.);
#8123=ORIENTED_EDGE('',*,*,#5873,.F.);
#8124=ORIENTED_EDGE('',*,*,#4741,.F.);
#8125=ORIENTED_EDGE('',*,*,#4715,.T.);
#8126=ORIENTED_EDGE('',*,*,#5177,.F.);
#8127=ORIENTED_EDGE('',*,*,#5881,.F.);
#8128=ORIENTED_EDGE('',*,*,#4742,.F.);
#8129=ORIENTED_EDGE('',*,*,#5881,.T.);
#8130=ORIENTED_EDGE('',*,*,#5176,.F.);
#8131=ORIENTED_EDGE('',*,*,#5882,.F.);
#8132=ORIENTED_EDGE('',*,*,#4743,.F.);
#8133=ORIENTED_EDGE('',*,*,#5882,.T.);
#8134=ORIENTED_EDGE('',*,*,#5175,.F.);
#8135=ORIENTED_EDGE('',*,*,#5883,.F.);
#8136=ORIENTED_EDGE('',*,*,#4682,.T.);
#8137=ORIENTED_EDGE('',*,*,#4744,.F.);
#8138=ORIENTED_EDGE('',*,*,#5883,.T.);
#8139=ORIENTED_EDGE('',*,*,#5174,.F.);
#8140=ORIENTED_EDGE('',*,*,#4911,.F.);
#8141=ORIENTED_EDGE('',*,*,#5884,.T.);
#8142=ORIENTED_EDGE('',*,*,#5429,.F.);
#8143=ORIENTED_EDGE('',*,*,#5885,.F.);
#8144=ORIENTED_EDGE('',*,*,#4912,.F.);
#8145=ORIENTED_EDGE('',*,*,#5885,.T.);
#8146=ORIENTED_EDGE('',*,*,#5428,.F.);
#8147=ORIENTED_EDGE('',*,*,#5886,.F.);
#8148=ORIENTED_EDGE('',*,*,#4913,.F.);
#8149=ORIENTED_EDGE('',*,*,#5886,.T.);
#8150=ORIENTED_EDGE('',*,*,#5427,.F.);
#8151=ORIENTED_EDGE('',*,*,#5887,.F.);
#8152=ORIENTED_EDGE('',*,*,#4914,.F.);
#8153=ORIENTED_EDGE('',*,*,#5887,.T.);
#8154=ORIENTED_EDGE('',*,*,#5426,.F.);
#8155=ORIENTED_EDGE('',*,*,#5888,.F.);
#8156=ORIENTED_EDGE('',*,*,#4915,.F.);
#8157=ORIENTED_EDGE('',*,*,#5888,.T.);
#8158=ORIENTED_EDGE('',*,*,#5425,.F.);
#8159=ORIENTED_EDGE('',*,*,#5889,.F.);
#8160=ORIENTED_EDGE('',*,*,#4916,.F.);
#8161=ORIENTED_EDGE('',*,*,#5889,.T.);
#8162=ORIENTED_EDGE('',*,*,#5424,.F.);
#8163=ORIENTED_EDGE('',*,*,#5890,.F.);
#8164=ORIENTED_EDGE('',*,*,#4917,.F.);
#8165=ORIENTED_EDGE('',*,*,#5890,.T.);
#8166=ORIENTED_EDGE('',*,*,#5423,.F.);
#8167=ORIENTED_EDGE('',*,*,#5891,.F.);
#8168=ORIENTED_EDGE('',*,*,#4910,.F.);
#8169=ORIENTED_EDGE('',*,*,#5891,.T.);
#8170=ORIENTED_EDGE('',*,*,#5422,.F.);
#8171=ORIENTED_EDGE('',*,*,#5884,.F.);
#8172=ORIENTED_EDGE('',*,*,#4903,.F.);
#8173=ORIENTED_EDGE('',*,*,#5892,.T.);
#8174=ORIENTED_EDGE('',*,*,#5437,.F.);
#8175=ORIENTED_EDGE('',*,*,#5893,.F.);
#8176=ORIENTED_EDGE('',*,*,#4904,.F.);
#8177=ORIENTED_EDGE('',*,*,#5893,.T.);
#8178=ORIENTED_EDGE('',*,*,#5436,.F.);
#8179=ORIENTED_EDGE('',*,*,#5894,.F.);
#8180=ORIENTED_EDGE('',*,*,#4905,.F.);
#8181=ORIENTED_EDGE('',*,*,#5894,.T.);
#8182=ORIENTED_EDGE('',*,*,#5435,.F.);
#8183=ORIENTED_EDGE('',*,*,#5895,.F.);
#8184=ORIENTED_EDGE('',*,*,#4906,.F.);
#8185=ORIENTED_EDGE('',*,*,#5895,.T.);
#8186=ORIENTED_EDGE('',*,*,#5434,.F.);
#8187=ORIENTED_EDGE('',*,*,#5896,.F.);
#8188=ORIENTED_EDGE('',*,*,#4907,.F.);
#8189=ORIENTED_EDGE('',*,*,#5896,.T.);
#8190=ORIENTED_EDGE('',*,*,#5433,.F.);
#8191=ORIENTED_EDGE('',*,*,#5897,.F.);
#8192=ORIENTED_EDGE('',*,*,#4908,.F.);
#8193=ORIENTED_EDGE('',*,*,#5897,.T.);
#8194=ORIENTED_EDGE('',*,*,#5432,.F.);
#8195=ORIENTED_EDGE('',*,*,#5898,.F.);
#8196=ORIENTED_EDGE('',*,*,#4909,.F.);
#8197=ORIENTED_EDGE('',*,*,#5898,.T.);
#8198=ORIENTED_EDGE('',*,*,#5431,.F.);
#8199=ORIENTED_EDGE('',*,*,#5899,.F.);
#8200=ORIENTED_EDGE('',*,*,#4902,.F.);
#8201=ORIENTED_EDGE('',*,*,#5899,.T.);
#8202=ORIENTED_EDGE('',*,*,#5430,.F.);
#8203=ORIENTED_EDGE('',*,*,#5892,.F.);
#8204=ORIENTED_EDGE('',*,*,#4895,.F.);
#8205=ORIENTED_EDGE('',*,*,#5900,.T.);
#8206=ORIENTED_EDGE('',*,*,#5445,.F.);
#8207=ORIENTED_EDGE('',*,*,#5901,.F.);
#8208=ORIENTED_EDGE('',*,*,#4896,.F.);
#8209=ORIENTED_EDGE('',*,*,#5901,.T.);
#8210=ORIENTED_EDGE('',*,*,#5444,.F.);
#8211=ORIENTED_EDGE('',*,*,#5902,.F.);
#8212=ORIENTED_EDGE('',*,*,#4897,.F.);
#8213=ORIENTED_EDGE('',*,*,#5902,.T.);
#8214=ORIENTED_EDGE('',*,*,#5443,.F.);
#8215=ORIENTED_EDGE('',*,*,#5903,.F.);
#8216=ORIENTED_EDGE('',*,*,#4898,.F.);
#8217=ORIENTED_EDGE('',*,*,#5903,.T.);
#8218=ORIENTED_EDGE('',*,*,#5442,.F.);
#8219=ORIENTED_EDGE('',*,*,#5904,.F.);
#8220=ORIENTED_EDGE('',*,*,#4899,.F.);
#8221=ORIENTED_EDGE('',*,*,#5904,.T.);
#8222=ORIENTED_EDGE('',*,*,#5441,.F.);
#8223=ORIENTED_EDGE('',*,*,#5905,.F.);
#8224=ORIENTED_EDGE('',*,*,#4900,.F.);
#8225=ORIENTED_EDGE('',*,*,#5905,.T.);
#8226=ORIENTED_EDGE('',*,*,#5440,.F.);
#8227=ORIENTED_EDGE('',*,*,#5906,.F.);
#8228=ORIENTED_EDGE('',*,*,#4901,.F.);
#8229=ORIENTED_EDGE('',*,*,#5906,.T.);
#8230=ORIENTED_EDGE('',*,*,#5439,.F.);
#8231=ORIENTED_EDGE('',*,*,#5907,.F.);
#8232=ORIENTED_EDGE('',*,*,#4894,.F.);
#8233=ORIENTED_EDGE('',*,*,#5907,.T.);
#8234=ORIENTED_EDGE('',*,*,#5438,.F.);
#8235=ORIENTED_EDGE('',*,*,#5900,.F.);
#8236=ORIENTED_EDGE('',*,*,#4745,.F.);
#8237=ORIENTED_EDGE('',*,*,#4702,.T.);
#8238=ORIENTED_EDGE('',*,*,#5173,.F.);
#8239=ORIENTED_EDGE('',*,*,#5908,.F.);
#8240=ORIENTED_EDGE('',*,*,#4746,.F.);
#8241=ORIENTED_EDGE('',*,*,#5908,.T.);
#8242=ORIENTED_EDGE('',*,*,#5172,.F.);
#8243=ORIENTED_EDGE('',*,*,#5909,.F.);
#8244=ORIENTED_EDGE('',*,*,#4747,.F.);
#8245=ORIENTED_EDGE('',*,*,#5909,.T.);
#8246=ORIENTED_EDGE('',*,*,#5171,.F.);
#8247=ORIENTED_EDGE('',*,*,#5910,.F.);
#8248=ORIENTED_EDGE('',*,*,#4678,.T.);
#8249=ORIENTED_EDGE('',*,*,#4748,.F.);
#8250=ORIENTED_EDGE('',*,*,#5910,.T.);
#8251=ORIENTED_EDGE('',*,*,#5170,.F.);
#8252=ORIENTED_EDGE('',*,*,#4887,.F.);
#8253=ORIENTED_EDGE('',*,*,#5911,.T.);
#8254=ORIENTED_EDGE('',*,*,#5453,.F.);
#8255=ORIENTED_EDGE('',*,*,#5912,.F.);
#8256=ORIENTED_EDGE('',*,*,#4888,.F.);
#8257=ORIENTED_EDGE('',*,*,#5912,.T.);
#8258=ORIENTED_EDGE('',*,*,#5452,.F.);
#8259=ORIENTED_EDGE('',*,*,#5913,.F.);
#8260=ORIENTED_EDGE('',*,*,#4889,.F.);
#8261=ORIENTED_EDGE('',*,*,#5913,.T.);
#8262=ORIENTED_EDGE('',*,*,#5451,.F.);
#8263=ORIENTED_EDGE('',*,*,#5914,.F.);
#8264=ORIENTED_EDGE('',*,*,#4890,.F.);
#8265=ORIENTED_EDGE('',*,*,#5914,.T.);
#8266=ORIENTED_EDGE('',*,*,#5450,.F.);
#8267=ORIENTED_EDGE('',*,*,#5915,.F.);
#8268=ORIENTED_EDGE('',*,*,#4891,.F.);
#8269=ORIENTED_EDGE('',*,*,#5915,.T.);
#8270=ORIENTED_EDGE('',*,*,#5449,.F.);
#8271=ORIENTED_EDGE('',*,*,#5916,.F.);
#8272=ORIENTED_EDGE('',*,*,#4892,.F.);
#8273=ORIENTED_EDGE('',*,*,#5916,.T.);
#8274=ORIENTED_EDGE('',*,*,#5448,.F.);
#8275=ORIENTED_EDGE('',*,*,#5917,.F.);
#8276=ORIENTED_EDGE('',*,*,#4893,.F.);
#8277=ORIENTED_EDGE('',*,*,#5917,.T.);
#8278=ORIENTED_EDGE('',*,*,#5447,.F.);
#8279=ORIENTED_EDGE('',*,*,#5918,.F.);
#8280=ORIENTED_EDGE('',*,*,#4886,.F.);
#8281=ORIENTED_EDGE('',*,*,#5918,.T.);
#8282=ORIENTED_EDGE('',*,*,#5446,.F.);
#8283=ORIENTED_EDGE('',*,*,#5911,.F.);
#8284=ORIENTED_EDGE('',*,*,#4879,.F.);
#8285=ORIENTED_EDGE('',*,*,#5919,.T.);
#8286=ORIENTED_EDGE('',*,*,#5461,.F.);
#8287=ORIENTED_EDGE('',*,*,#5920,.F.);
#8288=ORIENTED_EDGE('',*,*,#4880,.F.);
#8289=ORIENTED_EDGE('',*,*,#5920,.T.);
#8290=ORIENTED_EDGE('',*,*,#5460,.F.);
#8291=ORIENTED_EDGE('',*,*,#5921,.F.);
#8292=ORIENTED_EDGE('',*,*,#4881,.F.);
#8293=ORIENTED_EDGE('',*,*,#5921,.T.);
#8294=ORIENTED_EDGE('',*,*,#5459,.F.);
#8295=ORIENTED_EDGE('',*,*,#5922,.F.);
#8296=ORIENTED_EDGE('',*,*,#4882,.F.);
#8297=ORIENTED_EDGE('',*,*,#5922,.T.);
#8298=ORIENTED_EDGE('',*,*,#5458,.F.);
#8299=ORIENTED_EDGE('',*,*,#5923,.F.);
#8300=ORIENTED_EDGE('',*,*,#4883,.F.);
#8301=ORIENTED_EDGE('',*,*,#5923,.T.);
#8302=ORIENTED_EDGE('',*,*,#5457,.F.);
#8303=ORIENTED_EDGE('',*,*,#5924,.F.);
#8304=ORIENTED_EDGE('',*,*,#4884,.F.);
#8305=ORIENTED_EDGE('',*,*,#5924,.T.);
#8306=ORIENTED_EDGE('',*,*,#5456,.F.);
#8307=ORIENTED_EDGE('',*,*,#5925,.F.);
#8308=ORIENTED_EDGE('',*,*,#4885,.F.);
#8309=ORIENTED_EDGE('',*,*,#5925,.T.);
#8310=ORIENTED_EDGE('',*,*,#5455,.F.);
#8311=ORIENTED_EDGE('',*,*,#5926,.F.);
#8312=ORIENTED_EDGE('',*,*,#4878,.F.);
#8313=ORIENTED_EDGE('',*,*,#5926,.T.);
#8314=ORIENTED_EDGE('',*,*,#5454,.F.);
#8315=ORIENTED_EDGE('',*,*,#5919,.F.);
#8316=ORIENTED_EDGE('',*,*,#4871,.F.);
#8317=ORIENTED_EDGE('',*,*,#5927,.T.);
#8318=ORIENTED_EDGE('',*,*,#5469,.F.);
#8319=ORIENTED_EDGE('',*,*,#5928,.F.);
#8320=ORIENTED_EDGE('',*,*,#4872,.F.);
#8321=ORIENTED_EDGE('',*,*,#5928,.T.);
#8322=ORIENTED_EDGE('',*,*,#5468,.F.);
#8323=ORIENTED_EDGE('',*,*,#5929,.F.);
#8324=ORIENTED_EDGE('',*,*,#4873,.F.);
#8325=ORIENTED_EDGE('',*,*,#5929,.T.);
#8326=ORIENTED_EDGE('',*,*,#5467,.F.);
#8327=ORIENTED_EDGE('',*,*,#5930,.F.);
#8328=ORIENTED_EDGE('',*,*,#4874,.F.);
#8329=ORIENTED_EDGE('',*,*,#5930,.T.);
#8330=ORIENTED_EDGE('',*,*,#5466,.F.);
#8331=ORIENTED_EDGE('',*,*,#5931,.F.);
#8332=ORIENTED_EDGE('',*,*,#4875,.F.);
#8333=ORIENTED_EDGE('',*,*,#5931,.T.);
#8334=ORIENTED_EDGE('',*,*,#5465,.F.);
#8335=ORIENTED_EDGE('',*,*,#5932,.F.);
#8336=ORIENTED_EDGE('',*,*,#4876,.F.);
#8337=ORIENTED_EDGE('',*,*,#5932,.T.);
#8338=ORIENTED_EDGE('',*,*,#5464,.F.);
#8339=ORIENTED_EDGE('',*,*,#5933,.F.);
#8340=ORIENTED_EDGE('',*,*,#4877,.F.);
#8341=ORIENTED_EDGE('',*,*,#5933,.T.);
#8342=ORIENTED_EDGE('',*,*,#5463,.F.);
#8343=ORIENTED_EDGE('',*,*,#5934,.F.);
#8344=ORIENTED_EDGE('',*,*,#4870,.F.);
#8345=ORIENTED_EDGE('',*,*,#5934,.T.);
#8346=ORIENTED_EDGE('',*,*,#5462,.F.);
#8347=ORIENTED_EDGE('',*,*,#5927,.F.);
#8348=ORIENTED_EDGE('',*,*,#4863,.F.);
#8349=ORIENTED_EDGE('',*,*,#5935,.T.);
#8350=ORIENTED_EDGE('',*,*,#5477,.F.);
#8351=ORIENTED_EDGE('',*,*,#5936,.F.);
#8352=ORIENTED_EDGE('',*,*,#4864,.F.);
#8353=ORIENTED_EDGE('',*,*,#5936,.T.);
#8354=ORIENTED_EDGE('',*,*,#5476,.F.);
#8355=ORIENTED_EDGE('',*,*,#5937,.F.);
#8356=ORIENTED_EDGE('',*,*,#4865,.F.);
#8357=ORIENTED_EDGE('',*,*,#5937,.T.);
#8358=ORIENTED_EDGE('',*,*,#5475,.F.);
#8359=ORIENTED_EDGE('',*,*,#5938,.F.);
#8360=ORIENTED_EDGE('',*,*,#4866,.F.);
#8361=ORIENTED_EDGE('',*,*,#5938,.T.);
#8362=ORIENTED_EDGE('',*,*,#5474,.F.);
#8363=ORIENTED_EDGE('',*,*,#5939,.F.);
#8364=ORIENTED_EDGE('',*,*,#4867,.F.);
#8365=ORIENTED_EDGE('',*,*,#5939,.T.);
#8366=ORIENTED_EDGE('',*,*,#5473,.F.);
#8367=ORIENTED_EDGE('',*,*,#5940,.F.);
#8368=ORIENTED_EDGE('',*,*,#4868,.F.);
#8369=ORIENTED_EDGE('',*,*,#5940,.T.);
#8370=ORIENTED_EDGE('',*,*,#5472,.F.);
#8371=ORIENTED_EDGE('',*,*,#5941,.F.);
#8372=ORIENTED_EDGE('',*,*,#4869,.F.);
#8373=ORIENTED_EDGE('',*,*,#5941,.T.);
#8374=ORIENTED_EDGE('',*,*,#5471,.F.);
#8375=ORIENTED_EDGE('',*,*,#5942,.F.);
#8376=ORIENTED_EDGE('',*,*,#4862,.F.);
#8377=ORIENTED_EDGE('',*,*,#5942,.T.);
#8378=ORIENTED_EDGE('',*,*,#5470,.F.);
#8379=ORIENTED_EDGE('',*,*,#5935,.F.);
#8380=ORIENTED_EDGE('',*,*,#4855,.F.);
#8381=ORIENTED_EDGE('',*,*,#5943,.T.);
#8382=ORIENTED_EDGE('',*,*,#5485,.F.);
#8383=ORIENTED_EDGE('',*,*,#5944,.F.);
#8384=ORIENTED_EDGE('',*,*,#4856,.F.);
#8385=ORIENTED_EDGE('',*,*,#5944,.T.);
#8386=ORIENTED_EDGE('',*,*,#5484,.F.);
#8387=ORIENTED_EDGE('',*,*,#5945,.F.);
#8388=ORIENTED_EDGE('',*,*,#4857,.F.);
#8389=ORIENTED_EDGE('',*,*,#5945,.T.);
#8390=ORIENTED_EDGE('',*,*,#5483,.F.);
#8391=ORIENTED_EDGE('',*,*,#5946,.F.);
#8392=ORIENTED_EDGE('',*,*,#4858,.F.);
#8393=ORIENTED_EDGE('',*,*,#5946,.T.);
#8394=ORIENTED_EDGE('',*,*,#5482,.F.);
#8395=ORIENTED_EDGE('',*,*,#5947,.F.);
#8396=ORIENTED_EDGE('',*,*,#4859,.F.);
#8397=ORIENTED_EDGE('',*,*,#5947,.T.);
#8398=ORIENTED_EDGE('',*,*,#5481,.F.);
#8399=ORIENTED_EDGE('',*,*,#5948,.F.);
#8400=ORIENTED_EDGE('',*,*,#4860,.F.);
#8401=ORIENTED_EDGE('',*,*,#5948,.T.);
#8402=ORIENTED_EDGE('',*,*,#5480,.F.);
#8403=ORIENTED_EDGE('',*,*,#5949,.F.);
#8404=ORIENTED_EDGE('',*,*,#4861,.F.);
#8405=ORIENTED_EDGE('',*,*,#5949,.T.);
#8406=ORIENTED_EDGE('',*,*,#5479,.F.);
#8407=ORIENTED_EDGE('',*,*,#5950,.F.);
#8408=ORIENTED_EDGE('',*,*,#4854,.F.);
#8409=ORIENTED_EDGE('',*,*,#5950,.T.);
#8410=ORIENTED_EDGE('',*,*,#5478,.F.);
#8411=ORIENTED_EDGE('',*,*,#5943,.F.);
#8412=ORIENTED_EDGE('',*,*,#4847,.F.);
#8413=ORIENTED_EDGE('',*,*,#5951,.T.);
#8414=ORIENTED_EDGE('',*,*,#5493,.F.);
#8415=ORIENTED_EDGE('',*,*,#5952,.F.);
#8416=ORIENTED_EDGE('',*,*,#4848,.F.);
#8417=ORIENTED_EDGE('',*,*,#5952,.T.);
#8418=ORIENTED_EDGE('',*,*,#5492,.F.);
#8419=ORIENTED_EDGE('',*,*,#5953,.F.);
#8420=ORIENTED_EDGE('',*,*,#4849,.F.);
#8421=ORIENTED_EDGE('',*,*,#5953,.T.);
#8422=ORIENTED_EDGE('',*,*,#5491,.F.);
#8423=ORIENTED_EDGE('',*,*,#5954,.F.);
#8424=ORIENTED_EDGE('',*,*,#4850,.F.);
#8425=ORIENTED_EDGE('',*,*,#5954,.T.);
#8426=ORIENTED_EDGE('',*,*,#5490,.F.);
#8427=ORIENTED_EDGE('',*,*,#5955,.F.);
#8428=ORIENTED_EDGE('',*,*,#4851,.F.);
#8429=ORIENTED_EDGE('',*,*,#5955,.T.);
#8430=ORIENTED_EDGE('',*,*,#5489,.F.);
#8431=ORIENTED_EDGE('',*,*,#5956,.F.);
#8432=ORIENTED_EDGE('',*,*,#4852,.F.);
#8433=ORIENTED_EDGE('',*,*,#5956,.T.);
#8434=ORIENTED_EDGE('',*,*,#5488,.F.);
#8435=ORIENTED_EDGE('',*,*,#5957,.F.);
#8436=ORIENTED_EDGE('',*,*,#4853,.F.);
#8437=ORIENTED_EDGE('',*,*,#5957,.T.);
#8438=ORIENTED_EDGE('',*,*,#5487,.F.);
#8439=ORIENTED_EDGE('',*,*,#5958,.F.);
#8440=ORIENTED_EDGE('',*,*,#4846,.F.);
#8441=ORIENTED_EDGE('',*,*,#5958,.T.);
#8442=ORIENTED_EDGE('',*,*,#5486,.F.);
#8443=ORIENTED_EDGE('',*,*,#5951,.F.);
#8444=ORIENTED_EDGE('',*,*,#4839,.F.);
#8445=ORIENTED_EDGE('',*,*,#5959,.T.);
#8446=ORIENTED_EDGE('',*,*,#5501,.F.);
#8447=ORIENTED_EDGE('',*,*,#5960,.F.);
#8448=ORIENTED_EDGE('',*,*,#4840,.F.);
#8449=ORIENTED_EDGE('',*,*,#5960,.T.);
#8450=ORIENTED_EDGE('',*,*,#5500,.F.);
#8451=ORIENTED_EDGE('',*,*,#5961,.F.);
#8452=ORIENTED_EDGE('',*,*,#4841,.F.);
#8453=ORIENTED_EDGE('',*,*,#5961,.T.);
#8454=ORIENTED_EDGE('',*,*,#5499,.F.);
#8455=ORIENTED_EDGE('',*,*,#5962,.F.);
#8456=ORIENTED_EDGE('',*,*,#4842,.F.);
#8457=ORIENTED_EDGE('',*,*,#5962,.T.);
#8458=ORIENTED_EDGE('',*,*,#5498,.F.);
#8459=ORIENTED_EDGE('',*,*,#5963,.F.);
#8460=ORIENTED_EDGE('',*,*,#4843,.F.);
#8461=ORIENTED_EDGE('',*,*,#5963,.T.);
#8462=ORIENTED_EDGE('',*,*,#5497,.F.);
#8463=ORIENTED_EDGE('',*,*,#5964,.F.);
#8464=ORIENTED_EDGE('',*,*,#4844,.F.);
#8465=ORIENTED_EDGE('',*,*,#5964,.T.);
#8466=ORIENTED_EDGE('',*,*,#5496,.F.);
#8467=ORIENTED_EDGE('',*,*,#5965,.F.);
#8468=ORIENTED_EDGE('',*,*,#4845,.F.);
#8469=ORIENTED_EDGE('',*,*,#5965,.T.);
#8470=ORIENTED_EDGE('',*,*,#5495,.F.);
#8471=ORIENTED_EDGE('',*,*,#5966,.F.);
#8472=ORIENTED_EDGE('',*,*,#4838,.F.);
#8473=ORIENTED_EDGE('',*,*,#5966,.T.);
#8474=ORIENTED_EDGE('',*,*,#5494,.F.);
#8475=ORIENTED_EDGE('',*,*,#5959,.F.);
#8476=ORIENTED_EDGE('',*,*,#4831,.F.);
#8477=ORIENTED_EDGE('',*,*,#5967,.T.);
#8478=ORIENTED_EDGE('',*,*,#5509,.F.);
#8479=ORIENTED_EDGE('',*,*,#5968,.F.);
#8480=ORIENTED_EDGE('',*,*,#4832,.F.);
#8481=ORIENTED_EDGE('',*,*,#5968,.T.);
#8482=ORIENTED_EDGE('',*,*,#5508,.F.);
#8483=ORIENTED_EDGE('',*,*,#5969,.F.);
#8484=ORIENTED_EDGE('',*,*,#4833,.F.);
#8485=ORIENTED_EDGE('',*,*,#5969,.T.);
#8486=ORIENTED_EDGE('',*,*,#5507,.F.);
#8487=ORIENTED_EDGE('',*,*,#5970,.F.);
#8488=ORIENTED_EDGE('',*,*,#4834,.F.);
#8489=ORIENTED_EDGE('',*,*,#5970,.T.);
#8490=ORIENTED_EDGE('',*,*,#5506,.F.);
#8491=ORIENTED_EDGE('',*,*,#5971,.F.);
#8492=ORIENTED_EDGE('',*,*,#4835,.F.);
#8493=ORIENTED_EDGE('',*,*,#5971,.T.);
#8494=ORIENTED_EDGE('',*,*,#5505,.F.);
#8495=ORIENTED_EDGE('',*,*,#5972,.F.);
#8496=ORIENTED_EDGE('',*,*,#4836,.F.);
#8497=ORIENTED_EDGE('',*,*,#5972,.T.);
#8498=ORIENTED_EDGE('',*,*,#5504,.F.);
#8499=ORIENTED_EDGE('',*,*,#5973,.F.);
#8500=ORIENTED_EDGE('',*,*,#4837,.F.);
#8501=ORIENTED_EDGE('',*,*,#5973,.T.);
#8502=ORIENTED_EDGE('',*,*,#5503,.F.);
#8503=ORIENTED_EDGE('',*,*,#5974,.F.);
#8504=ORIENTED_EDGE('',*,*,#4830,.F.);
#8505=ORIENTED_EDGE('',*,*,#5974,.T.);
#8506=ORIENTED_EDGE('',*,*,#5502,.F.);
#8507=ORIENTED_EDGE('',*,*,#5967,.F.);
#8508=ORIENTED_EDGE('',*,*,#4823,.F.);
#8509=ORIENTED_EDGE('',*,*,#5975,.T.);
#8510=ORIENTED_EDGE('',*,*,#5517,.F.);
#8511=ORIENTED_EDGE('',*,*,#5976,.F.);
#8512=ORIENTED_EDGE('',*,*,#4824,.F.);
#8513=ORIENTED_EDGE('',*,*,#5976,.T.);
#8514=ORIENTED_EDGE('',*,*,#5516,.F.);
#8515=ORIENTED_EDGE('',*,*,#5977,.F.);
#8516=ORIENTED_EDGE('',*,*,#4825,.F.);
#8517=ORIENTED_EDGE('',*,*,#5977,.T.);
#8518=ORIENTED_EDGE('',*,*,#5515,.F.);
#8519=ORIENTED_EDGE('',*,*,#5978,.F.);
#8520=ORIENTED_EDGE('',*,*,#4826,.F.);
#8521=ORIENTED_EDGE('',*,*,#5978,.T.);
#8522=ORIENTED_EDGE('',*,*,#5514,.F.);
#8523=ORIENTED_EDGE('',*,*,#5979,.F.);
#8524=ORIENTED_EDGE('',*,*,#4827,.F.);
#8525=ORIENTED_EDGE('',*,*,#5979,.T.);
#8526=ORIENTED_EDGE('',*,*,#5513,.F.);
#8527=ORIENTED_EDGE('',*,*,#5980,.F.);
#8528=ORIENTED_EDGE('',*,*,#4828,.F.);
#8529=ORIENTED_EDGE('',*,*,#5980,.T.);
#8530=ORIENTED_EDGE('',*,*,#5512,.F.);
#8531=ORIENTED_EDGE('',*,*,#5981,.F.);
#8532=ORIENTED_EDGE('',*,*,#4829,.F.);
#8533=ORIENTED_EDGE('',*,*,#5981,.T.);
#8534=ORIENTED_EDGE('',*,*,#5511,.F.);
#8535=ORIENTED_EDGE('',*,*,#5982,.F.);
#8536=ORIENTED_EDGE('',*,*,#4822,.F.);
#8537=ORIENTED_EDGE('',*,*,#5982,.T.);
#8538=ORIENTED_EDGE('',*,*,#5510,.F.);
#8539=ORIENTED_EDGE('',*,*,#5975,.F.);
#8540=ORIENTED_EDGE('',*,*,#4815,.F.);
#8541=ORIENTED_EDGE('',*,*,#5983,.T.);
#8542=ORIENTED_EDGE('',*,*,#5525,.F.);
#8543=ORIENTED_EDGE('',*,*,#5984,.F.);
#8544=ORIENTED_EDGE('',*,*,#4816,.F.);
#8545=ORIENTED_EDGE('',*,*,#5984,.T.);
#8546=ORIENTED_EDGE('',*,*,#5524,.F.);
#8547=ORIENTED_EDGE('',*,*,#5985,.F.);
#8548=ORIENTED_EDGE('',*,*,#4817,.F.);
#8549=ORIENTED_EDGE('',*,*,#5985,.T.);
#8550=ORIENTED_EDGE('',*,*,#5523,.F.);
#8551=ORIENTED_EDGE('',*,*,#5986,.F.);
#8552=ORIENTED_EDGE('',*,*,#4818,.F.);
#8553=ORIENTED_EDGE('',*,*,#5986,.T.);
#8554=ORIENTED_EDGE('',*,*,#5522,.F.);
#8555=ORIENTED_EDGE('',*,*,#5987,.F.);
#8556=ORIENTED_EDGE('',*,*,#4819,.F.);
#8557=ORIENTED_EDGE('',*,*,#5987,.T.);
#8558=ORIENTED_EDGE('',*,*,#5521,.F.);
#8559=ORIENTED_EDGE('',*,*,#5988,.F.);
#8560=ORIENTED_EDGE('',*,*,#4820,.F.);
#8561=ORIENTED_EDGE('',*,*,#5988,.T.);
#8562=ORIENTED_EDGE('',*,*,#5520,.F.);
#8563=ORIENTED_EDGE('',*,*,#5989,.F.);
#8564=ORIENTED_EDGE('',*,*,#4821,.F.);
#8565=ORIENTED_EDGE('',*,*,#5989,.T.);
#8566=ORIENTED_EDGE('',*,*,#5519,.F.);
#8567=ORIENTED_EDGE('',*,*,#5990,.F.);
#8568=ORIENTED_EDGE('',*,*,#4814,.F.);
#8569=ORIENTED_EDGE('',*,*,#5990,.T.);
#8570=ORIENTED_EDGE('',*,*,#5518,.F.);
#8571=ORIENTED_EDGE('',*,*,#5983,.F.);
#8572=ORIENTED_EDGE('',*,*,#4807,.F.);
#8573=ORIENTED_EDGE('',*,*,#5991,.T.);
#8574=ORIENTED_EDGE('',*,*,#5533,.F.);
#8575=ORIENTED_EDGE('',*,*,#5992,.F.);
#8576=ORIENTED_EDGE('',*,*,#4808,.F.);
#8577=ORIENTED_EDGE('',*,*,#5992,.T.);
#8578=ORIENTED_EDGE('',*,*,#5532,.F.);
#8579=ORIENTED_EDGE('',*,*,#5993,.F.);
#8580=ORIENTED_EDGE('',*,*,#4809,.F.);
#8581=ORIENTED_EDGE('',*,*,#5993,.T.);
#8582=ORIENTED_EDGE('',*,*,#5531,.F.);
#8583=ORIENTED_EDGE('',*,*,#5994,.F.);
#8584=ORIENTED_EDGE('',*,*,#4810,.F.);
#8585=ORIENTED_EDGE('',*,*,#5994,.T.);
#8586=ORIENTED_EDGE('',*,*,#5530,.F.);
#8587=ORIENTED_EDGE('',*,*,#5995,.F.);
#8588=ORIENTED_EDGE('',*,*,#4811,.F.);
#8589=ORIENTED_EDGE('',*,*,#5995,.T.);
#8590=ORIENTED_EDGE('',*,*,#5529,.F.);
#8591=ORIENTED_EDGE('',*,*,#5996,.F.);
#8592=ORIENTED_EDGE('',*,*,#4812,.F.);
#8593=ORIENTED_EDGE('',*,*,#5996,.T.);
#8594=ORIENTED_EDGE('',*,*,#5528,.F.);
#8595=ORIENTED_EDGE('',*,*,#5997,.F.);
#8596=ORIENTED_EDGE('',*,*,#4813,.F.);
#8597=ORIENTED_EDGE('',*,*,#5997,.T.);
#8598=ORIENTED_EDGE('',*,*,#5527,.F.);
#8599=ORIENTED_EDGE('',*,*,#5998,.F.);
#8600=ORIENTED_EDGE('',*,*,#4806,.F.);
#8601=ORIENTED_EDGE('',*,*,#5998,.T.);
#8602=ORIENTED_EDGE('',*,*,#5526,.F.);
#8603=ORIENTED_EDGE('',*,*,#5991,.F.);
#8604=ORIENTED_EDGE('',*,*,#4799,.F.);
#8605=ORIENTED_EDGE('',*,*,#5999,.T.);
#8606=ORIENTED_EDGE('',*,*,#5541,.F.);
#8607=ORIENTED_EDGE('',*,*,#6000,.F.);
#8608=ORIENTED_EDGE('',*,*,#4800,.F.);
#8609=ORIENTED_EDGE('',*,*,#6000,.T.);
#8610=ORIENTED_EDGE('',*,*,#5540,.F.);
#8611=ORIENTED_EDGE('',*,*,#6001,.F.);
#8612=ORIENTED_EDGE('',*,*,#4801,.F.);
#8613=ORIENTED_EDGE('',*,*,#6001,.T.);
#8614=ORIENTED_EDGE('',*,*,#5539,.F.);
#8615=ORIENTED_EDGE('',*,*,#6002,.F.);
#8616=ORIENTED_EDGE('',*,*,#4802,.F.);
#8617=ORIENTED_EDGE('',*,*,#6002,.T.);
#8618=ORIENTED_EDGE('',*,*,#5538,.F.);
#8619=ORIENTED_EDGE('',*,*,#6003,.F.);
#8620=ORIENTED_EDGE('',*,*,#4803,.F.);
#8621=ORIENTED_EDGE('',*,*,#6003,.T.);
#8622=ORIENTED_EDGE('',*,*,#5537,.F.);
#8623=ORIENTED_EDGE('',*,*,#6004,.F.);
#8624=ORIENTED_EDGE('',*,*,#4804,.F.);
#8625=ORIENTED_EDGE('',*,*,#6004,.T.);
#8626=ORIENTED_EDGE('',*,*,#5536,.F.);
#8627=ORIENTED_EDGE('',*,*,#6005,.F.);
#8628=ORIENTED_EDGE('',*,*,#4805,.F.);
#8629=ORIENTED_EDGE('',*,*,#6005,.T.);
#8630=ORIENTED_EDGE('',*,*,#5535,.F.);
#8631=ORIENTED_EDGE('',*,*,#6006,.F.);
#8632=ORIENTED_EDGE('',*,*,#4798,.F.);
#8633=ORIENTED_EDGE('',*,*,#6006,.T.);
#8634=ORIENTED_EDGE('',*,*,#5534,.F.);
#8635=ORIENTED_EDGE('',*,*,#5999,.F.);
#8636=ORIENTED_EDGE('',*,*,#4791,.F.);
#8637=ORIENTED_EDGE('',*,*,#6007,.T.);
#8638=ORIENTED_EDGE('',*,*,#5549,.F.);
#8639=ORIENTED_EDGE('',*,*,#6008,.F.);
#8640=ORIENTED_EDGE('',*,*,#4792,.F.);
#8641=ORIENTED_EDGE('',*,*,#6008,.T.);
#8642=ORIENTED_EDGE('',*,*,#5548,.F.);
#8643=ORIENTED_EDGE('',*,*,#6009,.F.);
#8644=ORIENTED_EDGE('',*,*,#4793,.F.);
#8645=ORIENTED_EDGE('',*,*,#6009,.T.);
#8646=ORIENTED_EDGE('',*,*,#5547,.F.);
#8647=ORIENTED_EDGE('',*,*,#6010,.F.);
#8648=ORIENTED_EDGE('',*,*,#4794,.F.);
#8649=ORIENTED_EDGE('',*,*,#6010,.T.);
#8650=ORIENTED_EDGE('',*,*,#5546,.F.);
#8651=ORIENTED_EDGE('',*,*,#6011,.F.);
#8652=ORIENTED_EDGE('',*,*,#4795,.F.);
#8653=ORIENTED_EDGE('',*,*,#6011,.T.);
#8654=ORIENTED_EDGE('',*,*,#5545,.F.);
#8655=ORIENTED_EDGE('',*,*,#6012,.F.);
#8656=ORIENTED_EDGE('',*,*,#4796,.F.);
#8657=ORIENTED_EDGE('',*,*,#6012,.T.);
#8658=ORIENTED_EDGE('',*,*,#5544,.F.);
#8659=ORIENTED_EDGE('',*,*,#6013,.F.);
#8660=ORIENTED_EDGE('',*,*,#4797,.F.);
#8661=ORIENTED_EDGE('',*,*,#6013,.T.);
#8662=ORIENTED_EDGE('',*,*,#5543,.F.);
#8663=ORIENTED_EDGE('',*,*,#6014,.F.);
#8664=ORIENTED_EDGE('',*,*,#4790,.F.);
#8665=ORIENTED_EDGE('',*,*,#6014,.T.);
#8666=ORIENTED_EDGE('',*,*,#5542,.F.);
#8667=ORIENTED_EDGE('',*,*,#6007,.F.);
#8668=ORIENTED_EDGE('',*,*,#4783,.F.);
#8669=ORIENTED_EDGE('',*,*,#6015,.T.);
#8670=ORIENTED_EDGE('',*,*,#5557,.F.);
#8671=ORIENTED_EDGE('',*,*,#6016,.F.);
#8672=ORIENTED_EDGE('',*,*,#4784,.F.);
#8673=ORIENTED_EDGE('',*,*,#6016,.T.);
#8674=ORIENTED_EDGE('',*,*,#5556,.F.);
#8675=ORIENTED_EDGE('',*,*,#6017,.F.);
#8676=ORIENTED_EDGE('',*,*,#4785,.F.);
#8677=ORIENTED_EDGE('',*,*,#6017,.T.);
#8678=ORIENTED_EDGE('',*,*,#5555,.F.);
#8679=ORIENTED_EDGE('',*,*,#6018,.F.);
#8680=ORIENTED_EDGE('',*,*,#4786,.F.);
#8681=ORIENTED_EDGE('',*,*,#6018,.T.);
#8682=ORIENTED_EDGE('',*,*,#5554,.F.);
#8683=ORIENTED_EDGE('',*,*,#6019,.F.);
#8684=ORIENTED_EDGE('',*,*,#4787,.F.);
#8685=ORIENTED_EDGE('',*,*,#6019,.T.);
#8686=ORIENTED_EDGE('',*,*,#5553,.F.);
#8687=ORIENTED_EDGE('',*,*,#6020,.F.);
#8688=ORIENTED_EDGE('',*,*,#4788,.F.);
#8689=ORIENTED_EDGE('',*,*,#6020,.T.);
#8690=ORIENTED_EDGE('',*,*,#5552,.F.);
#8691=ORIENTED_EDGE('',*,*,#6021,.F.);
#8692=ORIENTED_EDGE('',*,*,#4789,.F.);
#8693=ORIENTED_EDGE('',*,*,#6021,.T.);
#8694=ORIENTED_EDGE('',*,*,#5551,.F.);
#8695=ORIENTED_EDGE('',*,*,#6022,.F.);
#8696=ORIENTED_EDGE('',*,*,#4782,.F.);
#8697=ORIENTED_EDGE('',*,*,#6022,.T.);
#8698=ORIENTED_EDGE('',*,*,#5550,.F.);
#8699=ORIENTED_EDGE('',*,*,#6015,.F.);
#8700=ORIENTED_EDGE('',*,*,#5609,.F.);
#8701=ORIENTED_EDGE('',*,*,#6023,.T.);
#8702=ORIENTED_EDGE('',*,*,#5565,.F.);
#8703=ORIENTED_EDGE('',*,*,#6024,.F.);
#8704=ORIENTED_EDGE('',*,*,#5610,.F.);
#8705=ORIENTED_EDGE('',*,*,#6024,.T.);
#8706=ORIENTED_EDGE('',*,*,#5564,.F.);
#8707=ORIENTED_EDGE('',*,*,#6025,.F.);
#8708=ORIENTED_EDGE('',*,*,#5611,.F.);
#8709=ORIENTED_EDGE('',*,*,#6025,.T.);
#8710=ORIENTED_EDGE('',*,*,#5563,.F.);
#8711=ORIENTED_EDGE('',*,*,#6026,.F.);
#8712=ORIENTED_EDGE('',*,*,#5612,.F.);
#8713=ORIENTED_EDGE('',*,*,#6026,.T.);
#8714=ORIENTED_EDGE('',*,*,#5562,.F.);
#8715=ORIENTED_EDGE('',*,*,#6027,.F.);
#8716=ORIENTED_EDGE('',*,*,#5613,.F.);
#8717=ORIENTED_EDGE('',*,*,#6027,.T.);
#8718=ORIENTED_EDGE('',*,*,#5561,.F.);
#8719=ORIENTED_EDGE('',*,*,#6028,.F.);
#8720=ORIENTED_EDGE('',*,*,#5614,.F.);
#8721=ORIENTED_EDGE('',*,*,#6028,.T.);
#8722=ORIENTED_EDGE('',*,*,#5560,.F.);
#8723=ORIENTED_EDGE('',*,*,#6029,.F.);
#8724=ORIENTED_EDGE('',*,*,#5615,.F.);
#8725=ORIENTED_EDGE('',*,*,#6029,.T.);
#8726=ORIENTED_EDGE('',*,*,#5559,.F.);
#8727=ORIENTED_EDGE('',*,*,#6030,.F.);
#8728=ORIENTED_EDGE('',*,*,#5616,.F.);
#8729=ORIENTED_EDGE('',*,*,#6030,.T.);
#8730=ORIENTED_EDGE('',*,*,#5558,.F.);
#8731=ORIENTED_EDGE('',*,*,#6023,.F.);
#8732=ORIENTED_EDGE('',*,*,#4775,.F.);
#8733=ORIENTED_EDGE('',*,*,#6031,.T.);
#8734=ORIENTED_EDGE('',*,*,#5573,.F.);
#8735=ORIENTED_EDGE('',*,*,#6032,.F.);
#8736=ORIENTED_EDGE('',*,*,#4776,.F.);
#8737=ORIENTED_EDGE('',*,*,#6032,.T.);
#8738=ORIENTED_EDGE('',*,*,#5572,.F.);
#8739=ORIENTED_EDGE('',*,*,#6033,.F.);
#8740=ORIENTED_EDGE('',*,*,#4777,.F.);
#8741=ORIENTED_EDGE('',*,*,#6033,.T.);
#8742=ORIENTED_EDGE('',*,*,#5571,.F.);
#8743=ORIENTED_EDGE('',*,*,#6034,.F.);
#8744=ORIENTED_EDGE('',*,*,#4778,.F.);
#8745=ORIENTED_EDGE('',*,*,#6034,.T.);
#8746=ORIENTED_EDGE('',*,*,#5570,.F.);
#8747=ORIENTED_EDGE('',*,*,#6035,.F.);
#8748=ORIENTED_EDGE('',*,*,#4779,.F.);
#8749=ORIENTED_EDGE('',*,*,#6035,.T.);
#8750=ORIENTED_EDGE('',*,*,#5569,.F.);
#8751=ORIENTED_EDGE('',*,*,#6036,.F.);
#8752=ORIENTED_EDGE('',*,*,#4780,.F.);
#8753=ORIENTED_EDGE('',*,*,#6036,.T.);
#8754=ORIENTED_EDGE('',*,*,#5568,.F.);
#8755=ORIENTED_EDGE('',*,*,#6037,.F.);
#8756=ORIENTED_EDGE('',*,*,#4781,.F.);
#8757=ORIENTED_EDGE('',*,*,#6037,.T.);
#8758=ORIENTED_EDGE('',*,*,#5567,.F.);
#8759=ORIENTED_EDGE('',*,*,#6038,.F.);
#8760=ORIENTED_EDGE('',*,*,#4774,.F.);
#8761=ORIENTED_EDGE('',*,*,#6038,.T.);
#8762=ORIENTED_EDGE('',*,*,#5566,.F.);
#8763=ORIENTED_EDGE('',*,*,#6031,.F.);
#8764=ORIENTED_EDGE('',*,*,#4767,.F.);
#8765=ORIENTED_EDGE('',*,*,#6039,.T.);
#8766=ORIENTED_EDGE('',*,*,#5581,.F.);
#8767=ORIENTED_EDGE('',*,*,#6040,.F.);
#8768=ORIENTED_EDGE('',*,*,#4768,.F.);
#8769=ORIENTED_EDGE('',*,*,#6040,.T.);
#8770=ORIENTED_EDGE('',*,*,#5580,.F.);
#8771=ORIENTED_EDGE('',*,*,#6041,.F.);
#8772=ORIENTED_EDGE('',*,*,#4769,.F.);
#8773=ORIENTED_EDGE('',*,*,#6041,.T.);
#8774=ORIENTED_EDGE('',*,*,#5579,.F.);
#8775=ORIENTED_EDGE('',*,*,#6042,.F.);
#8776=ORIENTED_EDGE('',*,*,#4770,.F.);
#8777=ORIENTED_EDGE('',*,*,#6042,.T.);
#8778=ORIENTED_EDGE('',*,*,#5578,.F.);
#8779=ORIENTED_EDGE('',*,*,#6043,.F.);
#8780=ORIENTED_EDGE('',*,*,#4771,.F.);
#8781=ORIENTED_EDGE('',*,*,#6043,.T.);
#8782=ORIENTED_EDGE('',*,*,#5577,.F.);
#8783=ORIENTED_EDGE('',*,*,#6044,.F.);
#8784=ORIENTED_EDGE('',*,*,#4772,.F.);
#8785=ORIENTED_EDGE('',*,*,#6044,.T.);
#8786=ORIENTED_EDGE('',*,*,#5576,.F.);
#8787=ORIENTED_EDGE('',*,*,#6045,.F.);
#8788=ORIENTED_EDGE('',*,*,#4773,.F.);
#8789=ORIENTED_EDGE('',*,*,#6045,.T.);
#8790=ORIENTED_EDGE('',*,*,#5575,.F.);
#8791=ORIENTED_EDGE('',*,*,#6046,.F.);
#8792=ORIENTED_EDGE('',*,*,#4766,.F.);
#8793=ORIENTED_EDGE('',*,*,#6046,.T.);
#8794=ORIENTED_EDGE('',*,*,#5574,.F.);
#8795=ORIENTED_EDGE('',*,*,#6039,.F.);
#8796=ORIENTED_EDGE('',*,*,#4759,.F.);
#8797=ORIENTED_EDGE('',*,*,#6047,.T.);
#8798=ORIENTED_EDGE('',*,*,#5589,.F.);
#8799=ORIENTED_EDGE('',*,*,#6048,.F.);
#8800=ORIENTED_EDGE('',*,*,#4760,.F.);
#8801=ORIENTED_EDGE('',*,*,#6048,.T.);
#8802=ORIENTED_EDGE('',*,*,#5588,.F.);
#8803=ORIENTED_EDGE('',*,*,#6049,.F.);
#8804=ORIENTED_EDGE('',*,*,#4761,.F.);
#8805=ORIENTED_EDGE('',*,*,#6049,.T.);
#8806=ORIENTED_EDGE('',*,*,#5587,.F.);
#8807=ORIENTED_EDGE('',*,*,#6050,.F.);
#8808=ORIENTED_EDGE('',*,*,#4762,.F.);
#8809=ORIENTED_EDGE('',*,*,#6050,.T.);
#8810=ORIENTED_EDGE('',*,*,#5586,.F.);
#8811=ORIENTED_EDGE('',*,*,#6051,.F.);
#8812=ORIENTED_EDGE('',*,*,#4763,.F.);
#8813=ORIENTED_EDGE('',*,*,#6051,.T.);
#8814=ORIENTED_EDGE('',*,*,#5585,.F.);
#8815=ORIENTED_EDGE('',*,*,#6052,.F.);
#8816=ORIENTED_EDGE('',*,*,#4764,.F.);
#8817=ORIENTED_EDGE('',*,*,#6052,.T.);
#8818=ORIENTED_EDGE('',*,*,#5584,.F.);
#8819=ORIENTED_EDGE('',*,*,#6053,.F.);
#8820=ORIENTED_EDGE('',*,*,#4765,.F.);
#8821=ORIENTED_EDGE('',*,*,#6053,.T.);
#8822=ORIENTED_EDGE('',*,*,#5583,.F.);
#8823=ORIENTED_EDGE('',*,*,#6054,.F.);
#8824=ORIENTED_EDGE('',*,*,#4758,.F.);
#8825=ORIENTED_EDGE('',*,*,#6054,.T.);
#8826=ORIENTED_EDGE('',*,*,#5582,.F.);
#8827=ORIENTED_EDGE('',*,*,#6047,.F.);
#8828=ORIENTED_EDGE('',*,*,#6055,.F.);
#8829=ORIENTED_EDGE('',*,*,#6056,.T.);
#8830=ORIENTED_EDGE('',*,*,#5625,.T.);
#8831=ORIENTED_EDGE('',*,*,#5607,.F.);
#8832=ORIENTED_EDGE('',*,*,#5624,.F.);
#8833=ORIENTED_EDGE('',*,*,#6057,.T.);
#8834=ORIENTED_EDGE('',*,*,#6055,.T.);
#8835=ORIENTED_EDGE('',*,*,#5606,.F.);
#8836=ORIENTED_EDGE('',*,*,#5627,.T.);
#8837=ORIENTED_EDGE('',*,*,#5634,.T.);
#8838=ORIENTED_EDGE('',*,*,#5632,.T.);
#8839=ORIENTED_EDGE('',*,*,#5630,.T.);
#8840=ORIENTED_EDGE('',*,*,#5623,.F.);
#8841=ORIENTED_EDGE('',*,*,#5626,.F.);
#8842=ORIENTED_EDGE('',*,*,#6056,.F.);
#8843=ORIENTED_EDGE('',*,*,#6057,.F.);
#8844=PLANE('',#9575);
#8845=PLANE('',#9576);
#8846=PLANE('',#9577);
#8847=PLANE('',#9578);
#8848=PLANE('',#9579);
#8849=PLANE('',#9580);
#8850=PLANE('',#9581);
#8851=PLANE('',#9582);
#8852=PLANE('',#9583);
#8853=PLANE('',#9584);
#8854=PLANE('',#9585);
#8855=PLANE('',#9586);
#8856=PLANE('',#9591);
#8857=PLANE('',#9595);
#8858=PLANE('',#9602);
#8859=PLANE('',#9603);
#8860=PLANE('',#9604);
#8861=PLANE('',#9607);
#8862=PLANE('',#9608);
#8863=PLANE('',#9820);
#8864=PLANE('',#10036);
#8865=PLANE('',#10038);
#8866=PLANE('',#10047);
#8867=PLANE('',#10048);
#8868=PLANE('',#10059);
#8869=PLANE('',#10060);
#8870=PLANE('',#10061);
#8871=PLANE('',#10062);
#8872=PLANE('',#10063);
#8873=PLANE('',#10064);
#8874=PLANE('',#10065);
#8875=PLANE('',#10066);
#8876=PLANE('',#10068);
#8877=PLANE('',#10070);
#8878=PLANE('',#10072);
#8879=PLANE('',#10074);
#8880=PLANE('',#10076);
#8881=PLANE('',#10078);
#8882=PLANE('',#10080);
#8883=PLANE('',#10082);
#8884=PLANE('',#10084);
#8885=PLANE('',#10086);
#8886=PLANE('',#10088);
#8887=PLANE('',#10090);
#8888=PLANE('',#10092);
#8889=PLANE('',#10094);
#8890=PLANE('',#10096);
#8891=PLANE('',#10098);
#8892=PLANE('',#10100);
#8893=PLANE('',#10102);
#8894=PLANE('',#10104);
#8895=PLANE('',#10106);
#8896=PLANE('',#10108);
#8897=PLANE('',#10110);
#8898=PLANE('',#10112);
#8899=PLANE('',#10114);
#8900=PLANE('',#10116);
#8901=PLANE('',#10118);
#8902=PLANE('',#10120);
#8903=PLANE('',#10122);
#8904=PLANE('',#10124);
#8905=PLANE('',#10126);
#8906=PLANE('',#10128);
#8907=PLANE('',#10130);
#8908=PLANE('',#10132);
#8909=PLANE('',#10134);
#8910=PLANE('',#10136);
#8911=PLANE('',#10138);
#8912=PLANE('',#10140);
#8913=PLANE('',#10142);
#8914=PLANE('',#10144);
#8915=PLANE('',#10146);
#8916=PLANE('',#10148);
#8917=PLANE('',#10150);
#8918=PLANE('',#10152);
#8919=PLANE('',#10154);
#8920=PLANE('',#10156);
#8921=PLANE('',#10158);
#8922=PLANE('',#10160);
#8923=PLANE('',#10162);
#8924=PLANE('',#10164);
#8925=PLANE('',#10166);
#8926=PLANE('',#10168);
#8927=PLANE('',#10170);
#8928=PLANE('',#10172);
#8929=PLANE('',#10174);
#8930=PLANE('',#10176);
#8931=PLANE('',#10178);
#8932=PLANE('',#10180);
#8933=PLANE('',#10182);
#8934=PLANE('',#10184);
#8935=PLANE('',#10186);
#8936=PLANE('',#10188);
#8937=PLANE('',#10190);
#8938=PLANE('',#10192);
#8939=PLANE('',#10194);
#8940=PLANE('',#10196);
#8941=PLANE('',#10198);
#8942=PLANE('',#10200);
#8943=PLANE('',#10202);
#8944=PLANE('',#10204);
#8945=PLANE('',#10206);
#8946=PLANE('',#10208);
#8947=PLANE('',#10210);
#8948=PLANE('',#10212);
#8949=PLANE('',#10214);
#8950=PLANE('',#10216);
#8951=PLANE('',#10219);
#8952=PLANE('',#10221);
#8953=PLANE('',#10222);
#8954=PLANE('',#10224);
#8955=PLANE('',#10226);
#8956=PLANE('',#10228);
#8957=PLANE('',#10230);
#8958=PLANE('',#10232);
#8959=PLANE('',#10234);
#8960=PLANE('',#10236);
#8961=PLANE('',#10238);
#8962=PLANE('',#10240);
#8963=PLANE('',#10242);
#8964=PLANE('',#10244);
#8965=PLANE('',#10246);
#8966=PLANE('',#10248);
#8967=PLANE('',#10250);
#8968=PLANE('',#10252);
#8969=PLANE('',#10254);
#8970=PLANE('',#10256);
#8971=PLANE('',#10258);
#8972=PLANE('',#10260);
#8973=PLANE('',#10262);
#8974=PLANE('',#10264);
#8975=PLANE('',#10266);
#8976=PLANE('',#10268);
#8977=PLANE('',#10270);
#8978=PLANE('',#10272);
#8979=PLANE('',#10274);
#8980=PLANE('',#10276);
#8981=PLANE('',#10278);
#8982=PLANE('',#10280);
#8983=PLANE('',#10282);
#8984=PLANE('',#10284);
#8985=PLANE('',#10287);
#8986=PLANE('',#10289);
#8987=PLANE('',#10290);
#8988=PLANE('',#10292);
#8989=PLANE('',#10294);
#8990=PLANE('',#10296);
#8991=PLANE('',#10298);
#8992=PLANE('',#10300);
#8993=PLANE('',#10302);
#8994=PLANE('',#10304);
#8995=PLANE('',#10306);
#8996=PLANE('',#10308);
#8997=PLANE('',#10310);
#8998=PLANE('',#10312);
#8999=PLANE('',#10315);
#9000=PLANE('',#10317);
#9001=PLANE('',#10318);
#9002=PLANE('',#10320);
#9003=PLANE('',#10322);
#9004=PLANE('',#10324);
#9005=PLANE('',#10326);
#9006=PLANE('',#10328);
#9007=PLANE('',#10330);
#9008=PLANE('',#10332);
#9009=PLANE('',#10334);
#9010=PLANE('',#10336);
#9011=PLANE('',#10338);
#9012=PLANE('',#10340);
#9013=PLANE('',#10343);
#9014=PLANE('',#10345);
#9015=PLANE('',#10346);
#9016=PLANE('',#10348);
#9017=PLANE('',#10350);
#9018=PLANE('',#10352);
#9019=PLANE('',#10354);
#9020=PLANE('',#10356);
#9021=PLANE('',#10358);
#9022=PLANE('',#10360);
#9023=PLANE('',#10362);
#9024=PLANE('',#10364);
#9025=PLANE('',#10366);
#9026=PLANE('',#10368);
#9027=PLANE('',#10370);
#9028=PLANE('',#10372);
#9029=PLANE('',#10374);
#9030=PLANE('',#10376);
#9031=PLANE('',#10378);
#9032=PLANE('',#10380);
#9033=PLANE('',#10382);
#9034=PLANE('',#10384);
#9035=PLANE('',#10386);
#9036=PLANE('',#10388);
#9037=PLANE('',#10390);
#9038=PLANE('',#10392);
#9039=PLANE('',#10394);
#9040=PLANE('',#10396);
#9041=PLANE('',#10398);
#9042=PLANE('',#10400);
#9043=PLANE('',#10402);
#9044=PLANE('',#10404);
#9045=PLANE('',#10406);
#9046=PLANE('',#10408);
#9047=PLANE('',#10410);
#9048=PLANE('',#10412);
#9049=PLANE('',#10414);
#9050=PLANE('',#10416);
#9051=PLANE('',#10418);
#9052=PLANE('',#10420);
#9053=PLANE('',#10422);
#9054=PLANE('',#10424);
#9055=PLANE('',#10426);
#9056=PLANE('',#10428);
#9057=PLANE('',#10430);
#9058=PLANE('',#10432);
#9059=PLANE('',#10434);
#9060=PLANE('',#10436);
#9061=PLANE('',#10438);
#9062=PLANE('',#10440);
#9063=PLANE('',#10442);
#9064=PLANE('',#10444);
#9065=PLANE('',#10446);
#9066=PLANE('',#10448);
#9067=PLANE('',#10450);
#9068=PLANE('',#10452);
#9069=PLANE('',#10454);
#9070=PLANE('',#10456);
#9071=PLANE('',#10458);
#9072=PLANE('',#10460);
#9073=PLANE('',#10462);
#9074=PLANE('',#10464);
#9075=PLANE('',#10466);
#9076=PLANE('',#10468);
#9077=PLANE('',#10470);
#9078=PLANE('',#10472);
#9079=PLANE('',#10474);
#9080=PLANE('',#10476);
#9081=PLANE('',#10478);
#9082=PLANE('',#10480);
#9083=PLANE('',#10482);
#9084=PLANE('',#10484);
#9085=PLANE('',#10486);
#9086=PLANE('',#10488);
#9087=PLANE('',#10490);
#9088=PLANE('',#10491);
#9089=PLANE('',#10492);
#9090=ADVANCED_FACE('',(#795),#8844,.F.);
#9091=ADVANCED_FACE('',(#796),#8845,.F.);
#9092=ADVANCED_FACE('',(#797),#8846,.F.);
#9093=ADVANCED_FACE('',(#798),#8847,.F.);
#9094=ADVANCED_FACE('',(#799),#8848,.F.);
#9095=ADVANCED_FACE('',(#800),#8849,.T.);
#9096=ADVANCED_FACE('',(#801),#8850,.T.);
#9097=ADVANCED_FACE('',(#802),#8851,.T.);
#9098=ADVANCED_FACE('',(#803),#8852,.T.);
#9099=ADVANCED_FACE('',(#804),#8853,.T.);
#9100=ADVANCED_FACE('',(#805),#8854,.T.);
#9101=ADVANCED_FACE('',(#806),#8855,.T.);
#9102=ADVANCED_FACE('',(#807),#8856,.T.);
#9103=ADVANCED_FACE('',(#808),#128,.T.);
#9104=ADVANCED_FACE('',(#809),#8857,.T.);
#9105=ADVANCED_FACE('',(#810),#129,.T.);
#9106=ADVANCED_FACE('',(#811),#130,.F.);
#9107=ADVANCED_FACE('',(#812),#8858,.T.);
#9108=ADVANCED_FACE('',(#813),#8859,.T.);
#9109=ADVANCED_FACE('',(#814),#8860,.T.);
#9110=ADVANCED_FACE('',(#815),#131,.T.);
#9111=ADVANCED_FACE('',(#816),#8861,.T.);
#9112=ADVANCED_FACE('',(#817,#20,#21,#22,#23,#24,#25,#26,#27,#28,#29,#30,
#31,#32,#33,#34,#35,#36,#37,#38,#39,#40,#41,#42,#43,#44,#45,#46,#47,#48,
#49,#50,#51,#52,#53,#54,#55,#56,#57,#58,#59,#60,#61,#62,#63,#64,#65,#66,
#67,#68,#69,#70,#71),#8862,.T.);
#9113=ADVANCED_FACE('',(#818),#132,.T.);
#9114=ADVANCED_FACE('',(#819,#72,#73,#74,#75,#76,#77,#78,#79,#80,#81,#82,
#83,#84,#85,#86,#87,#88,#89,#90,#91,#92,#93,#94,#95,#96,#97,#98,#99,#100,
#101,#102,#103,#104,#105,#106,#107,#108,#109,#110,#111,#112,#113,#114,#115,
#116,#117,#118,#119,#120,#121,#122,#123),#8863,.F.);
#9115=ADVANCED_FACE('',(#820),#133,.F.);
#9116=ADVANCED_FACE('',(#821),#8864,.T.);
#9117=ADVANCED_FACE('',(#822),#134,.F.);
#9118=ADVANCED_FACE('',(#823),#8865,.T.);
#9119=ADVANCED_FACE('',(#824),#135,.F.);
#9120=ADVANCED_FACE('',(#825),#136,.F.);
#9121=ADVANCED_FACE('',(#826),#137,.F.);
#9122=ADVANCED_FACE('',(#827),#138,.F.);
#9123=ADVANCED_FACE('',(#828,#124),#8866,.T.);
#9124=ADVANCED_FACE('',(#829,#125),#8867,.F.);
#9125=ADVANCED_FACE('',(#830),#15,.F.);
#9126=ADVANCED_FACE('',(#831),#139,.F.);
#9127=ADVANCED_FACE('',(#832,#126),#8868,.T.);
#9128=ADVANCED_FACE('',(#833),#8869,.T.);
#9129=ADVANCED_FACE('',(#834),#8870,.T.);
#9130=ADVANCED_FACE('',(#835),#8871,.F.);
#9131=ADVANCED_FACE('',(#836),#8872,.F.);
#9132=ADVANCED_FACE('',(#837),#8873,.F.);
#9133=ADVANCED_FACE('',(#838),#8874,.F.);
#9134=ADVANCED_FACE('',(#839),#8875,.T.);
#9135=ADVANCED_FACE('',(#840),#140,.F.);
#9136=ADVANCED_FACE('',(#841),#8876,.T.);
#9137=ADVANCED_FACE('',(#842),#141,.F.);
#9138=ADVANCED_FACE('',(#843),#8877,.T.);
#9139=ADVANCED_FACE('',(#844),#142,.F.);
#9140=ADVANCED_FACE('',(#845),#8878,.T.);
#9141=ADVANCED_FACE('',(#846),#143,.F.);
#9142=ADVANCED_FACE('',(#847),#8879,.T.);
#9143=ADVANCED_FACE('',(#848),#144,.F.);
#9144=ADVANCED_FACE('',(#849),#8880,.T.);
#9145=ADVANCED_FACE('',(#850),#145,.F.);
#9146=ADVANCED_FACE('',(#851),#8881,.T.);
#9147=ADVANCED_FACE('',(#852),#146,.F.);
#9148=ADVANCED_FACE('',(#853),#8882,.T.);
#9149=ADVANCED_FACE('',(#854),#147,.F.);
#9150=ADVANCED_FACE('',(#855),#8883,.T.);
#9151=ADVANCED_FACE('',(#856),#148,.F.);
#9152=ADVANCED_FACE('',(#857),#8884,.T.);
#9153=ADVANCED_FACE('',(#858),#149,.F.);
#9154=ADVANCED_FACE('',(#859),#8885,.T.);
#9155=ADVANCED_FACE('',(#860),#150,.F.);
#9156=ADVANCED_FACE('',(#861),#8886,.T.);
#9157=ADVANCED_FACE('',(#862),#151,.F.);
#9158=ADVANCED_FACE('',(#863),#8887,.T.);
#9159=ADVANCED_FACE('',(#864),#152,.F.);
#9160=ADVANCED_FACE('',(#865),#8888,.T.);
#9161=ADVANCED_FACE('',(#866),#153,.F.);
#9162=ADVANCED_FACE('',(#867),#8889,.T.);
#9163=ADVANCED_FACE('',(#868),#154,.F.);
#9164=ADVANCED_FACE('',(#869),#8890,.T.);
#9165=ADVANCED_FACE('',(#870),#155,.F.);
#9166=ADVANCED_FACE('',(#871),#8891,.T.);
#9167=ADVANCED_FACE('',(#872),#156,.F.);
#9168=ADVANCED_FACE('',(#873),#8892,.T.);
#9169=ADVANCED_FACE('',(#874),#157,.F.);
#9170=ADVANCED_FACE('',(#875),#8893,.T.);
#9171=ADVANCED_FACE('',(#876),#158,.F.);
#9172=ADVANCED_FACE('',(#877),#8894,.T.);
#9173=ADVANCED_FACE('',(#878),#159,.F.);
#9174=ADVANCED_FACE('',(#879),#8895,.T.);
#9175=ADVANCED_FACE('',(#880),#160,.F.);
#9176=ADVANCED_FACE('',(#881),#8896,.T.);
#9177=ADVANCED_FACE('',(#882),#161,.F.);
#9178=ADVANCED_FACE('',(#883),#8897,.T.);
#9179=ADVANCED_FACE('',(#884),#162,.F.);
#9180=ADVANCED_FACE('',(#885),#8898,.T.);
#9181=ADVANCED_FACE('',(#886),#163,.F.);
#9182=ADVANCED_FACE('',(#887),#8899,.T.);
#9183=ADVANCED_FACE('',(#888),#164,.F.);
#9184=ADVANCED_FACE('',(#889),#8900,.T.);
#9185=ADVANCED_FACE('',(#890),#165,.F.);
#9186=ADVANCED_FACE('',(#891),#8901,.T.);
#9187=ADVANCED_FACE('',(#892),#166,.F.);
#9188=ADVANCED_FACE('',(#893),#8902,.T.);
#9189=ADVANCED_FACE('',(#894),#167,.F.);
#9190=ADVANCED_FACE('',(#895),#8903,.T.);
#9191=ADVANCED_FACE('',(#896),#168,.F.);
#9192=ADVANCED_FACE('',(#897),#8904,.T.);
#9193=ADVANCED_FACE('',(#898),#169,.F.);
#9194=ADVANCED_FACE('',(#899),#8905,.T.);
#9195=ADVANCED_FACE('',(#900),#170,.F.);
#9196=ADVANCED_FACE('',(#901),#8906,.T.);
#9197=ADVANCED_FACE('',(#902),#171,.F.);
#9198=ADVANCED_FACE('',(#903),#8907,.T.);
#9199=ADVANCED_FACE('',(#904),#172,.F.);
#9200=ADVANCED_FACE('',(#905),#8908,.T.);
#9201=ADVANCED_FACE('',(#906),#173,.F.);
#9202=ADVANCED_FACE('',(#907),#8909,.T.);
#9203=ADVANCED_FACE('',(#908),#174,.F.);
#9204=ADVANCED_FACE('',(#909),#8910,.T.);
#9205=ADVANCED_FACE('',(#910),#175,.F.);
#9206=ADVANCED_FACE('',(#911),#8911,.T.);
#9207=ADVANCED_FACE('',(#912),#176,.F.);
#9208=ADVANCED_FACE('',(#913),#8912,.T.);
#9209=ADVANCED_FACE('',(#914),#177,.F.);
#9210=ADVANCED_FACE('',(#915),#8913,.T.);
#9211=ADVANCED_FACE('',(#916),#178,.F.);
#9212=ADVANCED_FACE('',(#917),#8914,.T.);
#9213=ADVANCED_FACE('',(#918),#179,.F.);
#9214=ADVANCED_FACE('',(#919),#8915,.T.);
#9215=ADVANCED_FACE('',(#920),#180,.F.);
#9216=ADVANCED_FACE('',(#921),#8916,.T.);
#9217=ADVANCED_FACE('',(#922),#181,.F.);
#9218=ADVANCED_FACE('',(#923),#8917,.T.);
#9219=ADVANCED_FACE('',(#924),#182,.F.);
#9220=ADVANCED_FACE('',(#925),#8918,.T.);
#9221=ADVANCED_FACE('',(#926),#183,.F.);
#9222=ADVANCED_FACE('',(#927),#8919,.T.);
#9223=ADVANCED_FACE('',(#928),#184,.F.);
#9224=ADVANCED_FACE('',(#929),#8920,.T.);
#9225=ADVANCED_FACE('',(#930),#185,.F.);
#9226=ADVANCED_FACE('',(#931),#8921,.T.);
#9227=ADVANCED_FACE('',(#932),#186,.F.);
#9228=ADVANCED_FACE('',(#933),#8922,.T.);
#9229=ADVANCED_FACE('',(#934),#187,.F.);
#9230=ADVANCED_FACE('',(#935),#8923,.T.);
#9231=ADVANCED_FACE('',(#936),#188,.F.);
#9232=ADVANCED_FACE('',(#937),#8924,.T.);
#9233=ADVANCED_FACE('',(#938),#189,.F.);
#9234=ADVANCED_FACE('',(#939),#8925,.T.);
#9235=ADVANCED_FACE('',(#940),#190,.F.);
#9236=ADVANCED_FACE('',(#941),#8926,.T.);
#9237=ADVANCED_FACE('',(#942),#191,.F.);
#9238=ADVANCED_FACE('',(#943),#8927,.T.);
#9239=ADVANCED_FACE('',(#944),#192,.F.);
#9240=ADVANCED_FACE('',(#945),#8928,.T.);
#9241=ADVANCED_FACE('',(#946),#193,.F.);
#9242=ADVANCED_FACE('',(#947),#8929,.T.);
#9243=ADVANCED_FACE('',(#948),#194,.F.);
#9244=ADVANCED_FACE('',(#949),#8930,.T.);
#9245=ADVANCED_FACE('',(#950),#195,.F.);
#9246=ADVANCED_FACE('',(#951),#8931,.T.);
#9247=ADVANCED_FACE('',(#952),#196,.F.);
#9248=ADVANCED_FACE('',(#953),#8932,.T.);
#9249=ADVANCED_FACE('',(#954),#197,.F.);
#9250=ADVANCED_FACE('',(#955),#8933,.T.);
#9251=ADVANCED_FACE('',(#956),#198,.F.);
#9252=ADVANCED_FACE('',(#957),#8934,.T.);
#9253=ADVANCED_FACE('',(#958),#199,.F.);
#9254=ADVANCED_FACE('',(#959),#8935,.T.);
#9255=ADVANCED_FACE('',(#960),#200,.F.);
#9256=ADVANCED_FACE('',(#961),#8936,.T.);
#9257=ADVANCED_FACE('',(#962),#201,.F.);
#9258=ADVANCED_FACE('',(#963),#8937,.T.);
#9259=ADVANCED_FACE('',(#964),#202,.F.);
#9260=ADVANCED_FACE('',(#965),#8938,.T.);
#9261=ADVANCED_FACE('',(#966),#203,.F.);
#9262=ADVANCED_FACE('',(#967),#8939,.T.);
#9263=ADVANCED_FACE('',(#968),#204,.F.);
#9264=ADVANCED_FACE('',(#969),#8940,.T.);
#9265=ADVANCED_FACE('',(#970),#205,.F.);
#9266=ADVANCED_FACE('',(#971),#8941,.T.);
#9267=ADVANCED_FACE('',(#972),#206,.F.);
#9268=ADVANCED_FACE('',(#973),#8942,.T.);
#9269=ADVANCED_FACE('',(#974),#207,.F.);
#9270=ADVANCED_FACE('',(#975),#8943,.T.);
#9271=ADVANCED_FACE('',(#976),#208,.F.);
#9272=ADVANCED_FACE('',(#977),#8944,.T.);
#9273=ADVANCED_FACE('',(#978),#209,.F.);
#9274=ADVANCED_FACE('',(#979),#8945,.T.);
#9275=ADVANCED_FACE('',(#980),#210,.F.);
#9276=ADVANCED_FACE('',(#981),#8946,.T.);
#9277=ADVANCED_FACE('',(#982),#211,.F.);
#9278=ADVANCED_FACE('',(#983),#8947,.T.);
#9279=ADVANCED_FACE('',(#984),#212,.F.);
#9280=ADVANCED_FACE('',(#985),#8948,.T.);
#9281=ADVANCED_FACE('',(#986),#213,.F.);
#9282=ADVANCED_FACE('',(#987),#8949,.T.);
#9283=ADVANCED_FACE('',(#988),#214,.F.);
#9284=ADVANCED_FACE('',(#989),#8950,.T.);
#9285=ADVANCED_FACE('',(#990),#215,.F.);
#9286=ADVANCED_FACE('',(#991),#216,.F.);
#9287=ADVANCED_FACE('',(#992),#8951,.T.);
#9288=ADVANCED_FACE('',(#993),#217,.F.);
#9289=ADVANCED_FACE('',(#994),#8952,.T.);
#9290=ADVANCED_FACE('',(#995),#8953,.T.);
#9291=ADVANCED_FACE('',(#996),#218,.F.);
#9292=ADVANCED_FACE('',(#997),#8954,.T.);
#9293=ADVANCED_FACE('',(#998),#219,.F.);
#9294=ADVANCED_FACE('',(#999),#8955,.T.);
#9295=ADVANCED_FACE('',(#1000),#220,.F.);
#9296=ADVANCED_FACE('',(#1001),#8956,.T.);
#9297=ADVANCED_FACE('',(#1002),#221,.F.);
#9298=ADVANCED_FACE('',(#1003),#8957,.T.);
#9299=ADVANCED_FACE('',(#1004),#222,.F.);
#9300=ADVANCED_FACE('',(#1005),#8958,.T.);
#9301=ADVANCED_FACE('',(#1006),#223,.F.);
#9302=ADVANCED_FACE('',(#1007),#8959,.T.);
#9303=ADVANCED_FACE('',(#1008),#224,.F.);
#9304=ADVANCED_FACE('',(#1009),#8960,.T.);
#9305=ADVANCED_FACE('',(#1010),#225,.F.);
#9306=ADVANCED_FACE('',(#1011),#8961,.T.);
#9307=ADVANCED_FACE('',(#1012),#226,.F.);
#9308=ADVANCED_FACE('',(#1013),#8962,.T.);
#9309=ADVANCED_FACE('',(#1014),#227,.F.);
#9310=ADVANCED_FACE('',(#1015),#8963,.T.);
#9311=ADVANCED_FACE('',(#1016),#228,.F.);
#9312=ADVANCED_FACE('',(#1017),#8964,.T.);
#9313=ADVANCED_FACE('',(#1018),#229,.F.);
#9314=ADVANCED_FACE('',(#1019),#8965,.T.);
#9315=ADVANCED_FACE('',(#1020),#230,.F.);
#9316=ADVANCED_FACE('',(#1021),#8966,.T.);
#9317=ADVANCED_FACE('',(#1022),#231,.F.);
#9318=ADVANCED_FACE('',(#1023),#8967,.T.);
#9319=ADVANCED_FACE('',(#1024),#232,.F.);
#9320=ADVANCED_FACE('',(#1025),#8968,.T.);
#9321=ADVANCED_FACE('',(#1026),#233,.F.);
#9322=ADVANCED_FACE('',(#1027),#8969,.T.);
#9323=ADVANCED_FACE('',(#1028),#234,.F.);
#9324=ADVANCED_FACE('',(#1029),#8970,.T.);
#9325=ADVANCED_FACE('',(#1030),#235,.F.);
#9326=ADVANCED_FACE('',(#1031),#8971,.T.);
#9327=ADVANCED_FACE('',(#1032),#236,.F.);
#9328=ADVANCED_FACE('',(#1033),#8972,.T.);
#9329=ADVANCED_FACE('',(#1034),#237,.F.);
#9330=ADVANCED_FACE('',(#1035),#8973,.T.);
#9331=ADVANCED_FACE('',(#1036),#238,.F.);
#9332=ADVANCED_FACE('',(#1037),#8974,.T.);
#9333=ADVANCED_FACE('',(#1038),#239,.F.);
#9334=ADVANCED_FACE('',(#1039),#8975,.T.);
#9335=ADVANCED_FACE('',(#1040),#240,.F.);
#9336=ADVANCED_FACE('',(#1041),#8976,.T.);
#9337=ADVANCED_FACE('',(#1042),#241,.F.);
#9338=ADVANCED_FACE('',(#1043),#8977,.T.);
#9339=ADVANCED_FACE('',(#1044),#242,.F.);
#9340=ADVANCED_FACE('',(#1045),#8978,.T.);
#9341=ADVANCED_FACE('',(#1046),#243,.F.);
#9342=ADVANCED_FACE('',(#1047),#8979,.T.);
#9343=ADVANCED_FACE('',(#1048),#244,.F.);
#9344=ADVANCED_FACE('',(#1049),#8980,.T.);
#9345=ADVANCED_FACE('',(#1050),#245,.F.);
#9346=ADVANCED_FACE('',(#1051),#8981,.T.);
#9347=ADVANCED_FACE('',(#1052),#246,.F.);
#9348=ADVANCED_FACE('',(#1053),#8982,.T.);
#9349=ADVANCED_FACE('',(#1054),#247,.F.);
#9350=ADVANCED_FACE('',(#1055),#8983,.T.);
#9351=ADVANCED_FACE('',(#1056),#248,.F.);
#9352=ADVANCED_FACE('',(#1057),#8984,.T.);
#9353=ADVANCED_FACE('',(#1058),#249,.F.);
#9354=ADVANCED_FACE('',(#1059),#250,.F.);
#9355=ADVANCED_FACE('',(#1060),#8985,.T.);
#9356=ADVANCED_FACE('',(#1061),#251,.F.);
#9357=ADVANCED_FACE('',(#1062),#8986,.T.);
#9358=ADVANCED_FACE('',(#1063),#8987,.T.);
#9359=ADVANCED_FACE('',(#1064),#252,.F.);
#9360=ADVANCED_FACE('',(#1065),#8988,.T.);
#9361=ADVANCED_FACE('',(#1066),#253,.F.);
#9362=ADVANCED_FACE('',(#1067),#8989,.T.);
#9363=ADVANCED_FACE('',(#1068),#254,.F.);
#9364=ADVANCED_FACE('',(#1069),#8990,.T.);
#9365=ADVANCED_FACE('',(#1070),#255,.F.);
#9366=ADVANCED_FACE('',(#1071),#8991,.T.);
#9367=ADVANCED_FACE('',(#1072),#256,.F.);
#9368=ADVANCED_FACE('',(#1073),#8992,.T.);
#9369=ADVANCED_FACE('',(#1074),#257,.F.);
#9370=ADVANCED_FACE('',(#1075),#8993,.T.);
#9371=ADVANCED_FACE('',(#1076),#258,.F.);
#9372=ADVANCED_FACE('',(#1077),#8994,.T.);
#9373=ADVANCED_FACE('',(#1078),#259,.F.);
#9374=ADVANCED_FACE('',(#1079),#8995,.T.);
#9375=ADVANCED_FACE('',(#1080),#260,.F.);
#9376=ADVANCED_FACE('',(#1081),#8996,.T.);
#9377=ADVANCED_FACE('',(#1082),#261,.F.);
#9378=ADVANCED_FACE('',(#1083),#8997,.T.);
#9379=ADVANCED_FACE('',(#1084),#262,.F.);
#9380=ADVANCED_FACE('',(#1085),#8998,.T.);
#9381=ADVANCED_FACE('',(#1086),#263,.F.);
#9382=ADVANCED_FACE('',(#1087),#264,.F.);
#9383=ADVANCED_FACE('',(#1088),#8999,.T.);
#9384=ADVANCED_FACE('',(#1089),#265,.F.);
#9385=ADVANCED_FACE('',(#1090),#9000,.T.);
#9386=ADVANCED_FACE('',(#1091),#9001,.T.);
#9387=ADVANCED_FACE('',(#1092),#266,.F.);
#9388=ADVANCED_FACE('',(#1093),#9002,.T.);
#9389=ADVANCED_FACE('',(#1094),#267,.F.);
#9390=ADVANCED_FACE('',(#1095),#9003,.T.);
#9391=ADVANCED_FACE('',(#1096),#268,.F.);
#9392=ADVANCED_FACE('',(#1097),#9004,.T.);
#9393=ADVANCED_FACE('',(#1098),#269,.F.);
#9394=ADVANCED_FACE('',(#1099),#9005,.T.);
#9395=ADVANCED_FACE('',(#1100),#270,.F.);
#9396=ADVANCED_FACE('',(#1101),#9006,.T.);
#9397=ADVANCED_FACE('',(#1102),#271,.F.);
#9398=ADVANCED_FACE('',(#1103),#9007,.T.);
#9399=ADVANCED_FACE('',(#1104),#272,.F.);
#9400=ADVANCED_FACE('',(#1105),#9008,.T.);
#9401=ADVANCED_FACE('',(#1106),#273,.F.);
#9402=ADVANCED_FACE('',(#1107),#9009,.T.);
#9403=ADVANCED_FACE('',(#1108),#274,.F.);
#9404=ADVANCED_FACE('',(#1109),#9010,.T.);
#9405=ADVANCED_FACE('',(#1110),#275,.F.);
#9406=ADVANCED_FACE('',(#1111),#9011,.T.);
#9407=ADVANCED_FACE('',(#1112),#276,.F.);
#9408=ADVANCED_FACE('',(#1113),#9012,.T.);
#9409=ADVANCED_FACE('',(#1114),#277,.F.);
#9410=ADVANCED_FACE('',(#1115),#278,.F.);
#9411=ADVANCED_FACE('',(#1116),#9013,.T.);
#9412=ADVANCED_FACE('',(#1117),#279,.F.);
#9413=ADVANCED_FACE('',(#1118),#9014,.T.);
#9414=ADVANCED_FACE('',(#1119),#9015,.T.);
#9415=ADVANCED_FACE('',(#1120),#280,.F.);
#9416=ADVANCED_FACE('',(#1121),#9016,.T.);
#9417=ADVANCED_FACE('',(#1122),#281,.F.);
#9418=ADVANCED_FACE('',(#1123),#9017,.T.);
#9419=ADVANCED_FACE('',(#1124),#282,.F.);
#9420=ADVANCED_FACE('',(#1125),#9018,.T.);
#9421=ADVANCED_FACE('',(#1126),#283,.F.);
#9422=ADVANCED_FACE('',(#1127),#9019,.T.);
#9423=ADVANCED_FACE('',(#1128),#284,.F.);
#9424=ADVANCED_FACE('',(#1129),#9020,.T.);
#9425=ADVANCED_FACE('',(#1130),#285,.F.);
#9426=ADVANCED_FACE('',(#1131),#9021,.T.);
#9427=ADVANCED_FACE('',(#1132),#286,.F.);
#9428=ADVANCED_FACE('',(#1133),#9022,.T.);
#9429=ADVANCED_FACE('',(#1134),#287,.F.);
#9430=ADVANCED_FACE('',(#1135),#9023,.T.);
#9431=ADVANCED_FACE('',(#1136),#288,.F.);
#9432=ADVANCED_FACE('',(#1137),#9024,.T.);
#9433=ADVANCED_FACE('',(#1138),#289,.F.);
#9434=ADVANCED_FACE('',(#1139),#9025,.T.);
#9435=ADVANCED_FACE('',(#1140),#290,.F.);
#9436=ADVANCED_FACE('',(#1141),#9026,.T.);
#9437=ADVANCED_FACE('',(#1142),#291,.F.);
#9438=ADVANCED_FACE('',(#1143),#9027,.T.);
#9439=ADVANCED_FACE('',(#1144),#292,.F.);
#9440=ADVANCED_FACE('',(#1145),#9028,.T.);
#9441=ADVANCED_FACE('',(#1146),#293,.F.);
#9442=ADVANCED_FACE('',(#1147),#9029,.T.);
#9443=ADVANCED_FACE('',(#1148),#294,.F.);
#9444=ADVANCED_FACE('',(#1149),#9030,.T.);
#9445=ADVANCED_FACE('',(#1150),#295,.F.);
#9446=ADVANCED_FACE('',(#1151),#9031,.T.);
#9447=ADVANCED_FACE('',(#1152),#296,.F.);
#9448=ADVANCED_FACE('',(#1153),#9032,.T.);
#9449=ADVANCED_FACE('',(#1154),#297,.F.);
#9450=ADVANCED_FACE('',(#1155),#9033,.T.);
#9451=ADVANCED_FACE('',(#1156),#298,.F.);
#9452=ADVANCED_FACE('',(#1157),#9034,.T.);
#9453=ADVANCED_FACE('',(#1158),#299,.F.);
#9454=ADVANCED_FACE('',(#1159),#9035,.T.);
#9455=ADVANCED_FACE('',(#1160),#300,.F.);
#9456=ADVANCED_FACE('',(#1161),#9036,.T.);
#9457=ADVANCED_FACE('',(#1162),#301,.F.);
#9458=ADVANCED_FACE('',(#1163),#9037,.T.);
#9459=ADVANCED_FACE('',(#1164),#302,.F.);
#9460=ADVANCED_FACE('',(#1165),#9038,.T.);
#9461=ADVANCED_FACE('',(#1166),#303,.F.);
#9462=ADVANCED_FACE('',(#1167),#9039,.T.);
#9463=ADVANCED_FACE('',(#1168),#304,.F.);
#9464=ADVANCED_FACE('',(#1169),#9040,.T.);
#9465=ADVANCED_FACE('',(#1170),#305,.F.);
#9466=ADVANCED_FACE('',(#1171),#9041,.T.);
#9467=ADVANCED_FACE('',(#1172),#306,.F.);
#9468=ADVANCED_FACE('',(#1173),#9042,.T.);
#9469=ADVANCED_FACE('',(#1174),#307,.F.);
#9470=ADVANCED_FACE('',(#1175),#9043,.T.);
#9471=ADVANCED_FACE('',(#1176),#308,.F.);
#9472=ADVANCED_FACE('',(#1177),#9044,.T.);
#9473=ADVANCED_FACE('',(#1178),#309,.F.);
#9474=ADVANCED_FACE('',(#1179),#9045,.T.);
#9475=ADVANCED_FACE('',(#1180),#310,.F.);
#9476=ADVANCED_FACE('',(#1181),#9046,.T.);
#9477=ADVANCED_FACE('',(#1182),#311,.F.);
#9478=ADVANCED_FACE('',(#1183),#9047,.T.);
#9479=ADVANCED_FACE('',(#1184),#312,.F.);
#9480=ADVANCED_FACE('',(#1185),#9048,.T.);
#9481=ADVANCED_FACE('',(#1186),#313,.F.);
#9482=ADVANCED_FACE('',(#1187),#9049,.T.);
#9483=ADVANCED_FACE('',(#1188),#314,.F.);
#9484=ADVANCED_FACE('',(#1189),#9050,.T.);
#9485=ADVANCED_FACE('',(#1190),#315,.F.);
#9486=ADVANCED_FACE('',(#1191),#9051,.T.);
#9487=ADVANCED_FACE('',(#1192),#316,.F.);
#9488=ADVANCED_FACE('',(#1193),#9052,.T.);
#9489=ADVANCED_FACE('',(#1194),#317,.F.);
#9490=ADVANCED_FACE('',(#1195),#9053,.T.);
#9491=ADVANCED_FACE('',(#1196),#318,.F.);
#9492=ADVANCED_FACE('',(#1197),#9054,.T.);
#9493=ADVANCED_FACE('',(#1198),#319,.F.);
#9494=ADVANCED_FACE('',(#1199),#9055,.T.);
#9495=ADVANCED_FACE('',(#1200),#320,.F.);
#9496=ADVANCED_FACE('',(#1201),#9056,.T.);
#9497=ADVANCED_FACE('',(#1202),#321,.F.);
#9498=ADVANCED_FACE('',(#1203),#9057,.T.);
#9499=ADVANCED_FACE('',(#1204),#322,.F.);
#9500=ADVANCED_FACE('',(#1205),#9058,.T.);
#9501=ADVANCED_FACE('',(#1206),#323,.F.);
#9502=ADVANCED_FACE('',(#1207),#9059,.T.);
#9503=ADVANCED_FACE('',(#1208),#324,.F.);
#9504=ADVANCED_FACE('',(#1209),#9060,.T.);
#9505=ADVANCED_FACE('',(#1210),#325,.F.);
#9506=ADVANCED_FACE('',(#1211),#9061,.T.);
#9507=ADVANCED_FACE('',(#1212),#326,.F.);
#9508=ADVANCED_FACE('',(#1213),#9062,.T.);
#9509=ADVANCED_FACE('',(#1214),#327,.F.);
#9510=ADVANCED_FACE('',(#1215),#9063,.T.);
#9511=ADVANCED_FACE('',(#1216),#328,.F.);
#9512=ADVANCED_FACE('',(#1217),#9064,.T.);
#9513=ADVANCED_FACE('',(#1218),#329,.F.);
#9514=ADVANCED_FACE('',(#1219),#9065,.T.);
#9515=ADVANCED_FACE('',(#1220),#330,.F.);
#9516=ADVANCED_FACE('',(#1221),#9066,.T.);
#9517=ADVANCED_FACE('',(#1222),#331,.F.);
#9518=ADVANCED_FACE('',(#1223),#9067,.T.);
#9519=ADVANCED_FACE('',(#1224),#332,.F.);
#9520=ADVANCED_FACE('',(#1225),#9068,.T.);
#9521=ADVANCED_FACE('',(#1226),#333,.F.);
#9522=ADVANCED_FACE('',(#1227),#9069,.T.);
#9523=ADVANCED_FACE('',(#1228),#334,.F.);
#9524=ADVANCED_FACE('',(#1229),#9070,.T.);
#9525=ADVANCED_FACE('',(#1230),#335,.F.);
#9526=ADVANCED_FACE('',(#1231),#9071,.T.);
#9527=ADVANCED_FACE('',(#1232),#336,.F.);
#9528=ADVANCED_FACE('',(#1233),#9072,.T.);
#9529=ADVANCED_FACE('',(#1234),#337,.F.);
#9530=ADVANCED_FACE('',(#1235),#9073,.T.);
#9531=ADVANCED_FACE('',(#1236),#338,.F.);
#9532=ADVANCED_FACE('',(#1237),#9074,.T.);
#9533=ADVANCED_FACE('',(#1238),#339,.F.);
#9534=ADVANCED_FACE('',(#1239),#9075,.T.);
#9535=ADVANCED_FACE('',(#1240),#340,.F.);
#9536=ADVANCED_FACE('',(#1241),#9076,.T.);
#9537=ADVANCED_FACE('',(#1242),#341,.F.);
#9538=ADVANCED_FACE('',(#1243),#9077,.T.);
#9539=ADVANCED_FACE('',(#1244),#342,.F.);
#9540=ADVANCED_FACE('',(#1245),#9078,.T.);
#9541=ADVANCED_FACE('',(#1246),#343,.F.);
#9542=ADVANCED_FACE('',(#1247),#9079,.T.);
#9543=ADVANCED_FACE('',(#1248),#344,.F.);
#9544=ADVANCED_FACE('',(#1249),#9080,.T.);
#9545=ADVANCED_FACE('',(#1250),#345,.F.);
#9546=ADVANCED_FACE('',(#1251),#9081,.T.);
#9547=ADVANCED_FACE('',(#1252),#346,.F.);
#9548=ADVANCED_FACE('',(#1253),#9082,.T.);
#9549=ADVANCED_FACE('',(#1254),#347,.F.);
#9550=ADVANCED_FACE('',(#1255),#9083,.T.);
#9551=ADVANCED_FACE('',(#1256),#348,.F.);
#9552=ADVANCED_FACE('',(#1257),#9084,.T.);
#9553=ADVANCED_FACE('',(#1258),#349,.F.);
#9554=ADVANCED_FACE('',(#1259),#9085,.T.);
#9555=ADVANCED_FACE('',(#1260),#350,.F.);
#9556=ADVANCED_FACE('',(#1261),#9086,.T.);
#9557=ADVANCED_FACE('',(#1262),#351,.F.);
#9558=ADVANCED_FACE('',(#1263),#9087,.T.);
#9559=ADVANCED_FACE('',(#1264),#9088,.T.);
#9560=ADVANCED_FACE('',(#1265,#127),#9089,.F.);
#9561=CLOSED_SHELL('',(#9090,#9091,#9092,#9093,#9094,#9095,#9096,#9097,
#9098,#9099,#9100,#9101,#9102,#9103,#9104,#9105,#9106,#9107,#9108,#9109,
#9110,#9111,#9112,#9113,#9114,#9115,#9116,#9117,#9118,#9119,#9120,#9121,
#9122,#9123,#9124,#9125,#9126,#9127,#9128,#9129,#9130,#9131,#9132,#9133,
#9134,#9135,#9136,#9137,#9138,#9139,#9140,#9141,#9142,#9143,#9144,#9145,
#9146,#9147,#9148,#9149,#9150,#9151,#9152,#9153,#9154,#9155,#9156,#9157,
#9158,#9159,#9160,#9161,#9162,#9163,#9164,#9165,#9166,#9167,#9168,#9169,
#9170,#9171,#9172,#9173,#9174,#9175,#9176,#9177,#9178,#9179,#9180,#9181,
#9182,#9183,#9184,#9185,#9186,#9187,#9188,#9189,#9190,#9191,#9192,#9193,
#9194,#9195,#9196,#9197,#9198,#9199,#9200,#9201,#9202,#9203,#9204,#9205,
#9206,#9207,#9208,#9209,#9210,#9211,#9212,#9213,#9214,#9215,#9216,#9217,
#9218,#9219,#9220,#9221,#9222,#9223,#9224,#9225,#9226,#9227,#9228,#9229,
#9230,#9231,#9232,#9233,#9234,#9235,#9236,#9237,#9238,#9239,#9240,#9241,
#9242,#9243,#9244,#9245,#9246,#9247,#9248,#9249,#9250,#9251,#9252,#9253,
#9254,#9255,#9256,#9257,#9258,#9259,#9260,#9261,#9262,#9263,#9264,#9265,
#9266,#9267,#9268,#9269,#9270,#9271,#9272,#9273,#9274,#9275,#9276,#9277,
#9278,#9279,#9280,#9281,#9282,#9283,#9284,#9285,#9286,#9287,#9288,#9289,
#9290,#9291,#9292,#9293,#9294,#9295,#9296,#9297,#9298,#9299,#9300,#9301,
#9302,#9303,#9304,#9305,#9306,#9307,#9308,#9309,#9310,#9311,#9312,#9313,
#9314,#9315,#9316,#9317,#9318,#9319,#9320,#9321,#9322,#9323,#9324,#9325,
#9326,#9327,#9328,#9329,#9330,#9331,#9332,#9333,#9334,#9335,#9336,#9337,
#9338,#9339,#9340,#9341,#9342,#9343,#9344,#9345,#9346,#9347,#9348,#9349,
#9350,#9351,#9352,#9353,#9354,#9355,#9356,#9357,#9358,#9359,#9360,#9361,
#9362,#9363,#9364,#9365,#9366,#9367,#9368,#9369,#9370,#9371,#9372,#9373,
#9374,#9375,#9376,#9377,#9378,#9379,#9380,#9381,#9382,#9383,#9384,#9385,
#9386,#9387,#9388,#9389,#9390,#9391,#9392,#9393,#9394,#9395,#9396,#9397,
#9398,#9399,#9400,#9401,#9402,#9403,#9404,#9405,#9406,#9407,#9408,#9409,
#9410,#9411,#9412,#9413,#9414,#9415,#9416,#9417,#9418,#9419,#9420,#9421,
#9422,#9423,#9424,#9425,#9426,#9427,#9428,#9429,#9430,#9431,#9432,#9433,
#9434,#9435,#9436,#9437,#9438,#9439,#9440,#9441,#9442,#9443,#9444,#9445,
#9446,#9447,#9448,#9449,#9450,#9451,#9452,#9453,#9454,#9455,#9456,#9457,
#9458,#9459,#9460,#9461,#9462,#9463,#9464,#9465,#9466,#9467,#9468,#9469,
#9470,#9471,#9472,#9473,#9474,#9475,#9476,#9477,#9478,#9479,#9480,#9481,
#9482,#9483,#9484,#9485,#9486,#9487,#9488,#9489,#9490,#9491,#9492,#9493,
#9494,#9495,#9496,#9497,#9498,#9499,#9500,#9501,#9502,#9503,#9504,#9505,
#9506,#9507,#9508,#9509,#9510,#9511,#9512,#9513,#9514,#9515,#9516,#9517,
#9518,#9519,#9520,#9521,#9522,#9523,#9524,#9525,#9526,#9527,#9528,#9529,
#9530,#9531,#9532,#9533,#9534,#9535,#9536,#9537,#9538,#9539,#9540,#9541,
#9542,#9543,#9544,#9545,#9546,#9547,#9548,#9549,#9550,#9551,#9552,#9553,
#9554,#9555,#9556,#9557,#9558,#9559,#9560));
#9562=DERIVED_UNIT_ELEMENT(#9564,1.);
#9563=DERIVED_UNIT_ELEMENT(#16075,-3.);
#9564=(
MASS_UNIT()
NAMED_UNIT(*)
SI_UNIT(.KILO.,.GRAM.)
);
#9565=DERIVED_UNIT((#9562,#9563));
#9566=MEASURE_REPRESENTATION_ITEM('density measure',
POSITIVE_RATIO_MEASURE(7850.),#9565);
#9567=PROPERTY_DEFINITION_REPRESENTATION(#9572,#9569);
#9568=PROPERTY_DEFINITION_REPRESENTATION(#9573,#9570);
#9569=REPRESENTATION('material name',(#9571),#16072);
#9570=REPRESENTATION('density',(#9566),#16072);
#9571=DESCRIPTIVE_REPRESENTATION_ITEM('Steel','Steel');
#9572=PROPERTY_DEFINITION('material property','material name',#16082);
#9573=PROPERTY_DEFINITION('material property','density of part',#16082);
#9574=AXIS2_PLACEMENT_3D('',#13277,#10493,#10494);
#9575=AXIS2_PLACEMENT_3D('',#13278,#10495,#10496);
#9576=AXIS2_PLACEMENT_3D('',#13291,#10503,#10504);
#9577=AXIS2_PLACEMENT_3D('',#13300,#10509,#10510);
#9578=AXIS2_PLACEMENT_3D('',#13309,#10515,#10516);
#9579=AXIS2_PLACEMENT_3D('',#13318,#10521,#10522);
#9580=AXIS2_PLACEMENT_3D('',#13331,#10529,#10530);
#9581=AXIS2_PLACEMENT_3D('',#13337,#10534,#10535);
#9582=AXIS2_PLACEMENT_3D('',#13343,#10539,#10540);
#9583=AXIS2_PLACEMENT_3D('',#13349,#10544,#10545);
#9584=AXIS2_PLACEMENT_3D('',#13355,#10549,#10550);
#9585=AXIS2_PLACEMENT_3D('',#13361,#10554,#10555);
#9586=AXIS2_PLACEMENT_3D('',#13367,#10559,#10560);
#9587=AXIS2_PLACEMENT_3D('',#13369,#10561,#10562);
#9588=AXIS2_PLACEMENT_3D('',#13373,#10564,#10565);
#9589=AXIS2_PLACEMENT_3D('',#13376,#10567,#10568);
#9590=AXIS2_PLACEMENT_3D('',#13379,#10570,#10571);
#9591=AXIS2_PLACEMENT_3D('',#13380,#10572,#10573);
#9592=AXIS2_PLACEMENT_3D('',#13386,#10577,#10578);
#9593=AXIS2_PLACEMENT_3D('',#13389,#10579,#10580);
#9594=AXIS2_PLACEMENT_3D('',#13393,#10582,#10583);
#9595=AXIS2_PLACEMENT_3D('',#13395,#10585,#10586);
#9596=AXIS2_PLACEMENT_3D('',#13397,#10587,#10588);
#9597=AXIS2_PLACEMENT_3D('',#13399,#10589,#10590);
#9598=AXIS2_PLACEMENT_3D('',#13405,#10594,#10595);
#9599=AXIS2_PLACEMENT_3D('',#13407,#10596,#10597);
#9600=AXIS2_PLACEMENT_3D('',#13409,#10599,#10600);
#9601=AXIS2_PLACEMENT_3D('',#13411,#10601,#10602);
#9602=AXIS2_PLACEMENT_3D('',#13413,#10604,#10605);
#9603=AXIS2_PLACEMENT_3D('',#13419,#10609,#10610);
#9604=AXIS2_PLACEMENT_3D('',#13421,#10612,#10613);
#9605=AXIS2_PLACEMENT_3D('',#13423,#10615,#10616);
#9606=AXIS2_PLACEMENT_3D('',#13425,#10617,#10618);
#9607=AXIS2_PLACEMENT_3D('',#13427,#10620,#10621);
#9608=AXIS2_PLACEMENT_3D('',#13432,#10625,#10626);
#9609=AXIS2_PLACEMENT_3D('',#13433,#10627,#10628);
#9610=AXIS2_PLACEMENT_3D('',#13435,#10629,#10630);
#9611=AXIS2_PLACEMENT_3D('',#13439,#10632,#10633);
#9612=AXIS2_PLACEMENT_3D('',#13442,#10635,#10636);
#9613=AXIS2_PLACEMENT_3D('',#13446,#10638,#10639);
#9614=AXIS2_PLACEMENT_3D('',#13449,#10641,#10642);
#9615=AXIS2_PLACEMENT_3D('',#13453,#10644,#10645);
#9616=AXIS2_PLACEMENT_3D('',#13456,#10647,#10648);
#9617=AXIS2_PLACEMENT_3D('',#13460,#10650,#10651);
#9618=AXIS2_PLACEMENT_3D('',#13463,#10653,#10654);
#9619=AXIS2_PLACEMENT_3D('',#13466,#10655,#10656);
#9620=AXIS2_PLACEMENT_3D('',#13470,#10658,#10659);
#9621=AXIS2_PLACEMENT_3D('',#13474,#10661,#10662);
#9622=AXIS2_PLACEMENT_3D('',#13478,#10664,#10665);
#9623=AXIS2_PLACEMENT_3D('',#13482,#10667,#10668);
#9624=AXIS2_PLACEMENT_3D('',#13486,#10670,#10671);
#9625=AXIS2_PLACEMENT_3D('',#13490,#10673,#10674);
#9626=AXIS2_PLACEMENT_3D('',#13494,#10676,#10677);
#9627=AXIS2_PLACEMENT_3D('',#13498,#10679,#10680);
#9628=AXIS2_PLACEMENT_3D('',#13502,#10682,#10683);
#9629=AXIS2_PLACEMENT_3D('',#13506,#10685,#10686);
#9630=AXIS2_PLACEMENT_3D('',#13510,#10688,#10689);
#9631=AXIS2_PLACEMENT_3D('',#13514,#10691,#10692);
#9632=AXIS2_PLACEMENT_3D('',#13518,#10694,#10695);
#9633=AXIS2_PLACEMENT_3D('',#13522,#10697,#10698);
#9634=AXIS2_PLACEMENT_3D('',#13526,#10700,#10701);
#9635=AXIS2_PLACEMENT_3D('',#13530,#10703,#10704);
#9636=AXIS2_PLACEMENT_3D('',#13534,#10706,#10707);
#9637=AXIS2_PLACEMENT_3D('',#13538,#10709,#10710);
#9638=AXIS2_PLACEMENT_3D('',#13542,#10712,#10713);
#9639=AXIS2_PLACEMENT_3D('',#13546,#10715,#10716);
#9640=AXIS2_PLACEMENT_3D('',#13550,#10718,#10719);
#9641=AXIS2_PLACEMENT_3D('',#13554,#10721,#10722);
#9642=AXIS2_PLACEMENT_3D('',#13558,#10724,#10725);
#9643=AXIS2_PLACEMENT_3D('',#13562,#10727,#10728);
#9644=AXIS2_PLACEMENT_3D('',#13566,#10730,#10731);
#9645=AXIS2_PLACEMENT_3D('',#13570,#10733,#10734);
#9646=AXIS2_PLACEMENT_3D('',#13574,#10736,#10737);
#9647=AXIS2_PLACEMENT_3D('',#13578,#10739,#10740);
#9648=AXIS2_PLACEMENT_3D('',#13582,#10742,#10743);
#9649=AXIS2_PLACEMENT_3D('',#13586,#10745,#10746);
#9650=AXIS2_PLACEMENT_3D('',#13590,#10748,#10749);
#9651=AXIS2_PLACEMENT_3D('',#13594,#10751,#10752);
#9652=AXIS2_PLACEMENT_3D('',#13598,#10754,#10755);
#9653=AXIS2_PLACEMENT_3D('',#13602,#10757,#10758);
#9654=AXIS2_PLACEMENT_3D('',#13606,#10760,#10761);
#9655=AXIS2_PLACEMENT_3D('',#13610,#10763,#10764);
#9656=AXIS2_PLACEMENT_3D('',#13614,#10766,#10767);
#9657=AXIS2_PLACEMENT_3D('',#13618,#10769,#10770);
#9658=AXIS2_PLACEMENT_3D('',#13622,#10772,#10773);
#9659=AXIS2_PLACEMENT_3D('',#13626,#10775,#10776);
#9660=AXIS2_PLACEMENT_3D('',#13630,#10778,#10779);
#9661=AXIS2_PLACEMENT_3D('',#13634,#10781,#10782);
#9662=AXIS2_PLACEMENT_3D('',#13638,#10784,#10785);
#9663=AXIS2_PLACEMENT_3D('',#13642,#10787,#10788);
#9664=AXIS2_PLACEMENT_3D('',#13646,#10790,#10791);
#9665=AXIS2_PLACEMENT_3D('',#13650,#10793,#10794);
#9666=AXIS2_PLACEMENT_3D('',#13654,#10796,#10797);
#9667=AXIS2_PLACEMENT_3D('',#13658,#10799,#10800);
#9668=AXIS2_PLACEMENT_3D('',#13662,#10802,#10803);
#9669=AXIS2_PLACEMENT_3D('',#13666,#10805,#10806);
#9670=AXIS2_PLACEMENT_3D('',#13670,#10808,#10809);
#9671=AXIS2_PLACEMENT_3D('',#13674,#10811,#10812);
#9672=AXIS2_PLACEMENT_3D('',#13678,#10814,#10815);
#9673=AXIS2_PLACEMENT_3D('',#13682,#10817,#10818);
#9674=AXIS2_PLACEMENT_3D('',#13686,#10820,#10821);
#9675=AXIS2_PLACEMENT_3D('',#13690,#10823,#10824);
#9676=AXIS2_PLACEMENT_3D('',#13694,#10826,#10827);
#9677=AXIS2_PLACEMENT_3D('',#13698,#10829,#10830);
#9678=AXIS2_PLACEMENT_3D('',#13702,#10832,#10833);
#9679=AXIS2_PLACEMENT_3D('',#13706,#10835,#10836);
#9680=AXIS2_PLACEMENT_3D('',#13710,#10838,#10839);
#9681=AXIS2_PLACEMENT_3D('',#13714,#10841,#10842);
#9682=AXIS2_PLACEMENT_3D('',#13718,#10844,#10845);
#9683=AXIS2_PLACEMENT_3D('',#13722,#10847,#10848);
#9684=AXIS2_PLACEMENT_3D('',#13726,#10850,#10851);
#9685=AXIS2_PLACEMENT_3D('',#13730,#10853,#10854);
#9686=AXIS2_PLACEMENT_3D('',#13734,#10856,#10857);
#9687=AXIS2_PLACEMENT_3D('',#13738,#10859,#10860);
#9688=AXIS2_PLACEMENT_3D('',#13742,#10862,#10863);
#9689=AXIS2_PLACEMENT_3D('',#13746,#10865,#10866);
#9690=AXIS2_PLACEMENT_3D('',#13750,#10868,#10869);
#9691=AXIS2_PLACEMENT_3D('',#13754,#10871,#10872);
#9692=AXIS2_PLACEMENT_3D('',#13758,#10874,#10875);
#9693=AXIS2_PLACEMENT_3D('',#13762,#10877,#10878);
#9694=AXIS2_PLACEMENT_3D('',#13766,#10880,#10881);
#9695=AXIS2_PLACEMENT_3D('',#13770,#10883,#10884);
#9696=AXIS2_PLACEMENT_3D('',#13774,#10886,#10887);
#9697=AXIS2_PLACEMENT_3D('',#13778,#10889,#10890);
#9698=AXIS2_PLACEMENT_3D('',#13782,#10892,#10893);
#9699=AXIS2_PLACEMENT_3D('',#13786,#10895,#10896);
#9700=AXIS2_PLACEMENT_3D('',#13790,#10898,#10899);
#9701=AXIS2_PLACEMENT_3D('',#13794,#10901,#10902);
#9702=AXIS2_PLACEMENT_3D('',#13798,#10904,#10905);
#9703=AXIS2_PLACEMENT_3D('',#13802,#10907,#10908);
#9704=AXIS2_PLACEMENT_3D('',#13806,#10910,#10911);
#9705=AXIS2_PLACEMENT_3D('',#13810,#10913,#10914);
#9706=AXIS2_PLACEMENT_3D('',#13814,#10916,#10917);
#9707=AXIS2_PLACEMENT_3D('',#13818,#10919,#10920);
#9708=AXIS2_PLACEMENT_3D('',#13822,#10922,#10923);
#9709=AXIS2_PLACEMENT_3D('',#13826,#10925,#10926);
#9710=AXIS2_PLACEMENT_3D('',#13830,#10928,#10929);
#9711=AXIS2_PLACEMENT_3D('',#13834,#10931,#10932);
#9712=AXIS2_PLACEMENT_3D('',#13838,#10934,#10935);
#9713=AXIS2_PLACEMENT_3D('',#13842,#10937,#10938);
#9714=AXIS2_PLACEMENT_3D('',#13846,#10940,#10941);
#9715=AXIS2_PLACEMENT_3D('',#13850,#10943,#10944);
#9716=AXIS2_PLACEMENT_3D('',#13854,#10946,#10947);
#9717=AXIS2_PLACEMENT_3D('',#13858,#10949,#10950);
#9718=AXIS2_PLACEMENT_3D('',#13862,#10952,#10953);
#9719=AXIS2_PLACEMENT_3D('',#13866,#10955,#10956);
#9720=AXIS2_PLACEMENT_3D('',#13870,#10958,#10959);
#9721=AXIS2_PLACEMENT_3D('',#13874,#10961,#10962);
#9722=AXIS2_PLACEMENT_3D('',#13878,#10964,#10965);
#9723=AXIS2_PLACEMENT_3D('',#13882,#10967,#10968);
#9724=AXIS2_PLACEMENT_3D('',#13886,#10970,#10971);
#9725=AXIS2_PLACEMENT_3D('',#13890,#10973,#10974);
#9726=AXIS2_PLACEMENT_3D('',#13894,#10976,#10977);
#9727=AXIS2_PLACEMENT_3D('',#13898,#10979,#10980);
#9728=AXIS2_PLACEMENT_3D('',#13902,#10982,#10983);
#9729=AXIS2_PLACEMENT_3D('',#13906,#10985,#10986);
#9730=AXIS2_PLACEMENT_3D('',#13910,#10988,#10989);
#9731=AXIS2_PLACEMENT_3D('',#13914,#10991,#10992);
#9732=AXIS2_PLACEMENT_3D('',#13918,#10994,#10995);
#9733=AXIS2_PLACEMENT_3D('',#13922,#10997,#10998);
#9734=AXIS2_PLACEMENT_3D('',#13926,#11000,#11001);
#9735=AXIS2_PLACEMENT_3D('',#13930,#11003,#11004);
#9736=AXIS2_PLACEMENT_3D('',#13934,#11006,#11007);
#9737=AXIS2_PLACEMENT_3D('',#13938,#11009,#11010);
#9738=AXIS2_PLACEMENT_3D('',#13942,#11012,#11013);
#9739=AXIS2_PLACEMENT_3D('',#13946,#11015,#11016);
#9740=AXIS2_PLACEMENT_3D('',#13950,#11018,#11019);
#9741=AXIS2_PLACEMENT_3D('',#13954,#11021,#11022);
#9742=AXIS2_PLACEMENT_3D('',#13958,#11024,#11025);
#9743=AXIS2_PLACEMENT_3D('',#13962,#11027,#11028);
#9744=AXIS2_PLACEMENT_3D('',#13966,#11030,#11031);
#9745=AXIS2_PLACEMENT_3D('',#13970,#11033,#11034);
#9746=AXIS2_PLACEMENT_3D('',#13974,#11036,#11037);
#9747=AXIS2_PLACEMENT_3D('',#13978,#11039,#11040);
#9748=AXIS2_PLACEMENT_3D('',#13982,#11042,#11043);
#9749=AXIS2_PLACEMENT_3D('',#13986,#11045,#11046);
#9750=AXIS2_PLACEMENT_3D('',#13990,#11048,#11049);
#9751=AXIS2_PLACEMENT_3D('',#13994,#11051,#11052);
#9752=AXIS2_PLACEMENT_3D('',#13998,#11054,#11055);
#9753=AXIS2_PLACEMENT_3D('',#14002,#11057,#11058);
#9754=AXIS2_PLACEMENT_3D('',#14006,#11060,#11061);
#9755=AXIS2_PLACEMENT_3D('',#14010,#11063,#11064);
#9756=AXIS2_PLACEMENT_3D('',#14014,#11066,#11067);
#9757=AXIS2_PLACEMENT_3D('',#14018,#11069,#11070);
#9758=AXIS2_PLACEMENT_3D('',#14022,#11072,#11073);
#9759=AXIS2_PLACEMENT_3D('',#14026,#11075,#11076);
#9760=AXIS2_PLACEMENT_3D('',#14030,#11078,#11079);
#9761=AXIS2_PLACEMENT_3D('',#14034,#11081,#11082);
#9762=AXIS2_PLACEMENT_3D('',#14038,#11084,#11085);
#9763=AXIS2_PLACEMENT_3D('',#14042,#11087,#11088);
#9764=AXIS2_PLACEMENT_3D('',#14046,#11090,#11091);
#9765=AXIS2_PLACEMENT_3D('',#14050,#11093,#11094);
#9766=AXIS2_PLACEMENT_3D('',#14054,#11096,#11097);
#9767=AXIS2_PLACEMENT_3D('',#14058,#11099,#11100);
#9768=AXIS2_PLACEMENT_3D('',#14062,#11102,#11103);
#9769=AXIS2_PLACEMENT_3D('',#14066,#11105,#11106);
#9770=AXIS2_PLACEMENT_3D('',#14070,#11108,#11109);
#9771=AXIS2_PLACEMENT_3D('',#14074,#11111,#11112);
#9772=AXIS2_PLACEMENT_3D('',#14078,#11114,#11115);
#9773=AXIS2_PLACEMENT_3D('',#14082,#11117,#11118);
#9774=AXIS2_PLACEMENT_3D('',#14086,#11120,#11121);
#9775=AXIS2_PLACEMENT_3D('',#14090,#11123,#11124);
#9776=AXIS2_PLACEMENT_3D('',#14094,#11126,#11127);
#9777=AXIS2_PLACEMENT_3D('',#14098,#11129,#11130);
#9778=AXIS2_PLACEMENT_3D('',#14102,#11132,#11133);
#9779=AXIS2_PLACEMENT_3D('',#14106,#11135,#11136);
#9780=AXIS2_PLACEMENT_3D('',#14110,#11138,#11139);
#9781=AXIS2_PLACEMENT_3D('',#14114,#11141,#11142);
#9782=AXIS2_PLACEMENT_3D('',#14118,#11144,#11145);
#9783=AXIS2_PLACEMENT_3D('',#14122,#11147,#11148);
#9784=AXIS2_PLACEMENT_3D('',#14126,#11150,#11151);
#9785=AXIS2_PLACEMENT_3D('',#14130,#11153,#11154);
#9786=AXIS2_PLACEMENT_3D('',#14134,#11156,#11157);
#9787=AXIS2_PLACEMENT_3D('',#14138,#11159,#11160);
#9788=AXIS2_PLACEMENT_3D('',#14142,#11162,#11163);
#9789=AXIS2_PLACEMENT_3D('',#14146,#11165,#11166);
#9790=AXIS2_PLACEMENT_3D('',#14150,#11168,#11169);
#9791=AXIS2_PLACEMENT_3D('',#14154,#11171,#11172);
#9792=AXIS2_PLACEMENT_3D('',#14158,#11174,#11175);
#9793=AXIS2_PLACEMENT_3D('',#14162,#11177,#11178);
#9794=AXIS2_PLACEMENT_3D('',#14166,#11180,#11181);
#9795=AXIS2_PLACEMENT_3D('',#14170,#11183,#11184);
#9796=AXIS2_PLACEMENT_3D('',#14174,#11186,#11187);
#9797=AXIS2_PLACEMENT_3D('',#14178,#11189,#11190);
#9798=AXIS2_PLACEMENT_3D('',#14182,#11192,#11193);
#9799=AXIS2_PLACEMENT_3D('',#14186,#11195,#11196);
#9800=AXIS2_PLACEMENT_3D('',#14190,#11198,#11199);
#9801=AXIS2_PLACEMENT_3D('',#14194,#11201,#11202);
#9802=AXIS2_PLACEMENT_3D('',#14198,#11204,#11205);
#9803=AXIS2_PLACEMENT_3D('',#14202,#11207,#11208);
#9804=AXIS2_PLACEMENT_3D('',#14206,#11210,#11211);
#9805=AXIS2_PLACEMENT_3D('',#14210,#11213,#11214);
#9806=AXIS2_PLACEMENT_3D('',#14214,#11216,#11217);
#9807=AXIS2_PLACEMENT_3D('',#14218,#11219,#11220);
#9808=AXIS2_PLACEMENT_3D('',#14222,#11222,#11223);
#9809=AXIS2_PLACEMENT_3D('',#14226,#11225,#11226);
#9810=AXIS2_PLACEMENT_3D('',#14230,#11228,#11229);
#9811=AXIS2_PLACEMENT_3D('',#14234,#11231,#11232);
#9812=AXIS2_PLACEMENT_3D('',#14238,#11234,#11235);
#9813=AXIS2_PLACEMENT_3D('',#14242,#11237,#11238);
#9814=AXIS2_PLACEMENT_3D('',#14246,#11240,#11241);
#9815=AXIS2_PLACEMENT_3D('',#14250,#11243,#11244);
#9816=AXIS2_PLACEMENT_3D('',#14254,#11246,#11247);
#9817=AXIS2_PLACEMENT_3D('',#14258,#11249,#11250);
#9818=AXIS2_PLACEMENT_3D('',#14262,#11252,#11253);
#9819=AXIS2_PLACEMENT_3D('',#14272,#11259,#11260);
#9820=AXIS2_PLACEMENT_3D('',#14273,#11261,#11262);
#9821=AXIS2_PLACEMENT_3D('',#14277,#11264,#11265);
#9822=AXIS2_PLACEMENT_3D('',#14280,#11267,#11268);
#9823=AXIS2_PLACEMENT_3D('',#14284,#11270,#11271);
#9824=AXIS2_PLACEMENT_3D('',#14287,#11273,#11274);
#9825=AXIS2_PLACEMENT_3D('',#14291,#11276,#11277);
#9826=AXIS2_PLACEMENT_3D('',#14294,#11279,#11280);
#9827=AXIS2_PLACEMENT_3D('',#14298,#11282,#11283);
#9828=AXIS2_PLACEMENT_3D('',#14301,#11285,#11286);
#9829=AXIS2_PLACEMENT_3D('',#14305,#11288,#11289);
#9830=AXIS2_PLACEMENT_3D('',#14308,#11291,#11292);
#9831=AXIS2_PLACEMENT_3D('',#14311,#11293,#11294);
#9832=AXIS2_PLACEMENT_3D('',#14315,#11296,#11297);
#9833=AXIS2_PLACEMENT_3D('',#14319,#11299,#11300);
#9834=AXIS2_PLACEMENT_3D('',#14323,#11302,#11303);
#9835=AXIS2_PLACEMENT_3D('',#14327,#11305,#11306);
#9836=AXIS2_PLACEMENT_3D('',#14331,#11308,#11309);
#9837=AXIS2_PLACEMENT_3D('',#14335,#11311,#11312);
#9838=AXIS2_PLACEMENT_3D('',#14339,#11314,#11315);
#9839=AXIS2_PLACEMENT_3D('',#14343,#11317,#11318);
#9840=AXIS2_PLACEMENT_3D('',#14347,#11320,#11321);
#9841=AXIS2_PLACEMENT_3D('',#14351,#11323,#11324);
#9842=AXIS2_PLACEMENT_3D('',#14355,#11326,#11327);
#9843=AXIS2_PLACEMENT_3D('',#14359,#11329,#11330);
#9844=AXIS2_PLACEMENT_3D('',#14363,#11332,#11333);
#9845=AXIS2_PLACEMENT_3D('',#14367,#11335,#11336);
#9846=AXIS2_PLACEMENT_3D('',#14371,#11338,#11339);
#9847=AXIS2_PLACEMENT_3D('',#14375,#11341,#11342);
#9848=AXIS2_PLACEMENT_3D('',#14379,#11344,#11345);
#9849=AXIS2_PLACEMENT_3D('',#14383,#11347,#11348);
#9850=AXIS2_PLACEMENT_3D('',#14387,#11350,#11351);
#9851=AXIS2_PLACEMENT_3D('',#14391,#11353,#11354);
#9852=AXIS2_PLACEMENT_3D('',#14395,#11356,#11357);
#9853=AXIS2_PLACEMENT_3D('',#14399,#11359,#11360);
#9854=AXIS2_PLACEMENT_3D('',#14403,#11362,#11363);
#9855=AXIS2_PLACEMENT_3D('',#14407,#11365,#11366);
#9856=AXIS2_PLACEMENT_3D('',#14411,#11368,#11369);
#9857=AXIS2_PLACEMENT_3D('',#14415,#11371,#11372);
#9858=AXIS2_PLACEMENT_3D('',#14419,#11374,#11375);
#9859=AXIS2_PLACEMENT_3D('',#14423,#11377,#11378);
#9860=AXIS2_PLACEMENT_3D('',#14427,#11380,#11381);
#9861=AXIS2_PLACEMENT_3D('',#14431,#11383,#11384);
#9862=AXIS2_PLACEMENT_3D('',#14435,#11386,#11387);
#9863=AXIS2_PLACEMENT_3D('',#14439,#11389,#11390);
#9864=AXIS2_PLACEMENT_3D('',#14443,#11392,#11393);
#9865=AXIS2_PLACEMENT_3D('',#14447,#11395,#11396);
#9866=AXIS2_PLACEMENT_3D('',#14451,#11398,#11399);
#9867=AXIS2_PLACEMENT_3D('',#14455,#11401,#11402);
#9868=AXIS2_PLACEMENT_3D('',#14459,#11404,#11405);
#9869=AXIS2_PLACEMENT_3D('',#14463,#11407,#11408);
#9870=AXIS2_PLACEMENT_3D('',#14467,#11410,#11411);
#9871=AXIS2_PLACEMENT_3D('',#14471,#11413,#11414);
#9872=AXIS2_PLACEMENT_3D('',#14475,#11416,#11417);
#9873=AXIS2_PLACEMENT_3D('',#14479,#11419,#11420);
#9874=AXIS2_PLACEMENT_3D('',#14483,#11422,#11423);
#9875=AXIS2_PLACEMENT_3D('',#14487,#11425,#11426);
#9876=AXIS2_PLACEMENT_3D('',#14491,#11428,#11429);
#9877=AXIS2_PLACEMENT_3D('',#14495,#11431,#11432);
#9878=AXIS2_PLACEMENT_3D('',#14499,#11434,#11435);
#9879=AXIS2_PLACEMENT_3D('',#14503,#11437,#11438);
#9880=AXIS2_PLACEMENT_3D('',#14507,#11440,#11441);
#9881=AXIS2_PLACEMENT_3D('',#14511,#11443,#11444);
#9882=AXIS2_PLACEMENT_3D('',#14515,#11446,#11447);
#9883=AXIS2_PLACEMENT_3D('',#14519,#11449,#11450);
#9884=AXIS2_PLACEMENT_3D('',#14523,#11452,#11453);
#9885=AXIS2_PLACEMENT_3D('',#14527,#11455,#11456);
#9886=AXIS2_PLACEMENT_3D('',#14531,#11458,#11459);
#9887=AXIS2_PLACEMENT_3D('',#14535,#11461,#11462);
#9888=AXIS2_PLACEMENT_3D('',#14539,#11464,#11465);
#9889=AXIS2_PLACEMENT_3D('',#14543,#11467,#11468);
#9890=AXIS2_PLACEMENT_3D('',#14547,#11470,#11471);
#9891=AXIS2_PLACEMENT_3D('',#14551,#11473,#11474);
#9892=AXIS2_PLACEMENT_3D('',#14555,#11476,#11477);
#9893=AXIS2_PLACEMENT_3D('',#14559,#11479,#11480);
#9894=AXIS2_PLACEMENT_3D('',#14563,#11482,#11483);
#9895=AXIS2_PLACEMENT_3D('',#14567,#11485,#11486);
#9896=AXIS2_PLACEMENT_3D('',#14571,#11488,#11489);
#9897=AXIS2_PLACEMENT_3D('',#14575,#11491,#11492);
#9898=AXIS2_PLACEMENT_3D('',#14579,#11494,#11495);
#9899=AXIS2_PLACEMENT_3D('',#14583,#11497,#11498);
#9900=AXIS2_PLACEMENT_3D('',#14587,#11500,#11501);
#9901=AXIS2_PLACEMENT_3D('',#14591,#11503,#11504);
#9902=AXIS2_PLACEMENT_3D('',#14595,#11506,#11507);
#9903=AXIS2_PLACEMENT_3D('',#14599,#11509,#11510);
#9904=AXIS2_PLACEMENT_3D('',#14603,#11512,#11513);
#9905=AXIS2_PLACEMENT_3D('',#14607,#11515,#11516);
#9906=AXIS2_PLACEMENT_3D('',#14611,#11518,#11519);
#9907=AXIS2_PLACEMENT_3D('',#14615,#11521,#11522);
#9908=AXIS2_PLACEMENT_3D('',#14619,#11524,#11525);
#9909=AXIS2_PLACEMENT_3D('',#14623,#11527,#11528);
#9910=AXIS2_PLACEMENT_3D('',#14627,#11530,#11531);
#9911=AXIS2_PLACEMENT_3D('',#14631,#11533,#11534);
#9912=AXIS2_PLACEMENT_3D('',#14635,#11536,#11537);
#9913=AXIS2_PLACEMENT_3D('',#14639,#11539,#11540);
#9914=AXIS2_PLACEMENT_3D('',#14643,#11542,#11543);
#9915=AXIS2_PLACEMENT_3D('',#14647,#11545,#11546);
#9916=AXIS2_PLACEMENT_3D('',#14651,#11548,#11549);
#9917=AXIS2_PLACEMENT_3D('',#14655,#11551,#11552);
#9918=AXIS2_PLACEMENT_3D('',#14659,#11554,#11555);
#9919=AXIS2_PLACEMENT_3D('',#14663,#11557,#11558);
#9920=AXIS2_PLACEMENT_3D('',#14667,#11560,#11561);
#9921=AXIS2_PLACEMENT_3D('',#14671,#11563,#11564);
#9922=AXIS2_PLACEMENT_3D('',#14675,#11566,#11567);
#9923=AXIS2_PLACEMENT_3D('',#14679,#11569,#11570);
#9924=AXIS2_PLACEMENT_3D('',#14683,#11572,#11573);
#9925=AXIS2_PLACEMENT_3D('',#14687,#11575,#11576);
#9926=AXIS2_PLACEMENT_3D('',#14691,#11578,#11579);
#9927=AXIS2_PLACEMENT_3D('',#14695,#11581,#11582);
#9928=AXIS2_PLACEMENT_3D('',#14699,#11584,#11585);
#9929=AXIS2_PLACEMENT_3D('',#14703,#11587,#11588);
#9930=AXIS2_PLACEMENT_3D('',#14707,#11590,#11591);
#9931=AXIS2_PLACEMENT_3D('',#14711,#11593,#11594);
#9932=AXIS2_PLACEMENT_3D('',#14715,#11596,#11597);
#9933=AXIS2_PLACEMENT_3D('',#14719,#11599,#11600);
#9934=AXIS2_PLACEMENT_3D('',#14723,#11602,#11603);
#9935=AXIS2_PLACEMENT_3D('',#14727,#11605,#11606);
#9936=AXIS2_PLACEMENT_3D('',#14731,#11608,#11609);
#9937=AXIS2_PLACEMENT_3D('',#14735,#11611,#11612);
#9938=AXIS2_PLACEMENT_3D('',#14739,#11614,#11615);
#9939=AXIS2_PLACEMENT_3D('',#14743,#11617,#11618);
#9940=AXIS2_PLACEMENT_3D('',#14747,#11620,#11621);
#9941=AXIS2_PLACEMENT_3D('',#14751,#11623,#11624);
#9942=AXIS2_PLACEMENT_3D('',#14755,#11626,#11627);
#9943=AXIS2_PLACEMENT_3D('',#14759,#11629,#11630);
#9944=AXIS2_PLACEMENT_3D('',#14763,#11632,#11633);
#9945=AXIS2_PLACEMENT_3D('',#14767,#11635,#11636);
#9946=AXIS2_PLACEMENT_3D('',#14771,#11638,#11639);
#9947=AXIS2_PLACEMENT_3D('',#14775,#11641,#11642);
#9948=AXIS2_PLACEMENT_3D('',#14779,#11644,#11645);
#9949=AXIS2_PLACEMENT_3D('',#14783,#11647,#11648);
#9950=AXIS2_PLACEMENT_3D('',#14787,#11650,#11651);
#9951=AXIS2_PLACEMENT_3D('',#14791,#11653,#11654);
#9952=AXIS2_PLACEMENT_3D('',#14795,#11656,#11657);
#9953=AXIS2_PLACEMENT_3D('',#14799,#11659,#11660);
#9954=AXIS2_PLACEMENT_3D('',#14803,#11662,#11663);
#9955=AXIS2_PLACEMENT_3D('',#14807,#11665,#11666);
#9956=AXIS2_PLACEMENT_3D('',#14811,#11668,#11669);
#9957=AXIS2_PLACEMENT_3D('',#14815,#11671,#11672);
#9958=AXIS2_PLACEMENT_3D('',#14819,#11674,#11675);
#9959=AXIS2_PLACEMENT_3D('',#14823,#11677,#11678);
#9960=AXIS2_PLACEMENT_3D('',#14827,#11680,#11681);
#9961=AXIS2_PLACEMENT_3D('',#14831,#11683,#11684);
#9962=AXIS2_PLACEMENT_3D('',#14835,#11686,#11687);
#9963=AXIS2_PLACEMENT_3D('',#14839,#11689,#11690);
#9964=AXIS2_PLACEMENT_3D('',#14843,#11692,#11693);
#9965=AXIS2_PLACEMENT_3D('',#14847,#11695,#11696);
#9966=AXIS2_PLACEMENT_3D('',#14851,#11698,#11699);
#9967=AXIS2_PLACEMENT_3D('',#14855,#11701,#11702);
#9968=AXIS2_PLACEMENT_3D('',#14859,#11704,#11705);
#9969=AXIS2_PLACEMENT_3D('',#14863,#11707,#11708);
#9970=AXIS2_PLACEMENT_3D('',#14867,#11710,#11711);
#9971=AXIS2_PLACEMENT_3D('',#14871,#11713,#11714);
#9972=AXIS2_PLACEMENT_3D('',#14875,#11716,#11717);
#9973=AXIS2_PLACEMENT_3D('',#14879,#11719,#11720);
#9974=AXIS2_PLACEMENT_3D('',#14883,#11722,#11723);
#9975=AXIS2_PLACEMENT_3D('',#14887,#11725,#11726);
#9976=AXIS2_PLACEMENT_3D('',#14891,#11728,#11729);
#9977=AXIS2_PLACEMENT_3D('',#14895,#11731,#11732);
#9978=AXIS2_PLACEMENT_3D('',#14899,#11734,#11735);
#9979=AXIS2_PLACEMENT_3D('',#14903,#11737,#11738);
#9980=AXIS2_PLACEMENT_3D('',#14907,#11740,#11741);
#9981=AXIS2_PLACEMENT_3D('',#14911,#11743,#11744);
#9982=AXIS2_PLACEMENT_3D('',#14915,#11746,#11747);
#9983=AXIS2_PLACEMENT_3D('',#14919,#11749,#11750);
#9984=AXIS2_PLACEMENT_3D('',#14923,#11752,#11753);
#9985=AXIS2_PLACEMENT_3D('',#14927,#11755,#11756);
#9986=AXIS2_PLACEMENT_3D('',#14931,#11758,#11759);
#9987=AXIS2_PLACEMENT_3D('',#14935,#11761,#11762);
#9988=AXIS2_PLACEMENT_3D('',#14939,#11764,#11765);
#9989=AXIS2_PLACEMENT_3D('',#14943,#11767,#11768);
#9990=AXIS2_PLACEMENT_3D('',#14947,#11770,#11771);
#9991=AXIS2_PLACEMENT_3D('',#14951,#11773,#11774);
#9992=AXIS2_PLACEMENT_3D('',#14955,#11776,#11777);
#9993=AXIS2_PLACEMENT_3D('',#14959,#11779,#11780);
#9994=AXIS2_PLACEMENT_3D('',#14963,#11782,#11783);
#9995=AXIS2_PLACEMENT_3D('',#14967,#11785,#11786);
#9996=AXIS2_PLACEMENT_3D('',#14971,#11788,#11789);
#9997=AXIS2_PLACEMENT_3D('',#14975,#11791,#11792);
#9998=AXIS2_PLACEMENT_3D('',#14979,#11794,#11795);
#9999=AXIS2_PLACEMENT_3D('',#14983,#11797,#11798);
#10000=AXIS2_PLACEMENT_3D('',#14987,#11800,#11801);
#10001=AXIS2_PLACEMENT_3D('',#14991,#11803,#11804);
#10002=AXIS2_PLACEMENT_3D('',#14995,#11806,#11807);
#10003=AXIS2_PLACEMENT_3D('',#14999,#11809,#11810);
#10004=AXIS2_PLACEMENT_3D('',#15003,#11812,#11813);
#10005=AXIS2_PLACEMENT_3D('',#15007,#11815,#11816);
#10006=AXIS2_PLACEMENT_3D('',#15011,#11818,#11819);
#10007=AXIS2_PLACEMENT_3D('',#15015,#11821,#11822);
#10008=AXIS2_PLACEMENT_3D('',#15019,#11824,#11825);
#10009=AXIS2_PLACEMENT_3D('',#15023,#11827,#11828);
#10010=AXIS2_PLACEMENT_3D('',#15027,#11830,#11831);
#10011=AXIS2_PLACEMENT_3D('',#15031,#11833,#11834);
#10012=AXIS2_PLACEMENT_3D('',#15035,#11836,#11837);
#10013=AXIS2_PLACEMENT_3D('',#15039,#11839,#11840);
#10014=AXIS2_PLACEMENT_3D('',#15043,#11842,#11843);
#10015=AXIS2_PLACEMENT_3D('',#15047,#11845,#11846);
#10016=AXIS2_PLACEMENT_3D('',#15051,#11848,#11849);
#10017=AXIS2_PLACEMENT_3D('',#15055,#11851,#11852);
#10018=AXIS2_PLACEMENT_3D('',#15059,#11854,#11855);
#10019=AXIS2_PLACEMENT_3D('',#15063,#11857,#11858);
#10020=AXIS2_PLACEMENT_3D('',#15067,#11860,#11861);
#10021=AXIS2_PLACEMENT_3D('',#15071,#11863,#11864);
#10022=AXIS2_PLACEMENT_3D('',#15075,#11866,#11867);
#10023=AXIS2_PLACEMENT_3D('',#15079,#11869,#11870);
#10024=AXIS2_PLACEMENT_3D('',#15083,#11872,#11873);
#10025=AXIS2_PLACEMENT_3D('',#15087,#11875,#11876);
#10026=AXIS2_PLACEMENT_3D('',#15091,#11878,#11879);
#10027=AXIS2_PLACEMENT_3D('',#15095,#11881,#11882);
#10028=AXIS2_PLACEMENT_3D('',#15099,#11884,#11885);
#10029=AXIS2_PLACEMENT_3D('',#15103,#11887,#11888);
#10030=AXIS2_PLACEMENT_3D('',#15107,#11890,#11891);
#10031=AXIS2_PLACEMENT_3D('',#15111,#11893,#11894);
#10032=AXIS2_PLACEMENT_3D('',#15115,#11896,#11897);
#10033=AXIS2_PLACEMENT_3D('',#15119,#11899,#11900);
#10034=AXIS2_PLACEMENT_3D('',#15123,#11902,#11903);
#10035=AXIS2_PLACEMENT_3D('',#15133,#11909,#11910);
#10036=AXIS2_PLACEMENT_3D('',#15136,#11913,#11914);
#10037=AXIS2_PLACEMENT_3D('',#15138,#11916,#11917);
#10038=AXIS2_PLACEMENT_3D('',#15139,#11918,#11919);
#10039=AXIS2_PLACEMENT_3D('',#15140,#11920,#11921);
#10040=AXIS2_PLACEMENT_3D('',#15142,#11922,#11923);
#10041=AXIS2_PLACEMENT_3D('',#15145,#11925,#11926);
#10042=AXIS2_PLACEMENT_3D('',#15146,#11927,#11928);
#10043=AXIS2_PLACEMENT_3D('',#15149,#11930,#11931);
#10044=AXIS2_PLACEMENT_3D('',#15150,#11932,#11933);
#10045=AXIS2_PLACEMENT_3D('',#15153,#11935,#11936);
#10046=AXIS2_PLACEMENT_3D('',#15154,#11937,#11938);
#10047=AXIS2_PLACEMENT_3D('',#15156,#11940,#11941);
#10048=AXIS2_PLACEMENT_3D('',#15165,#11946,#11947);
#10049=AXIS2_PLACEMENT_3D('',#15170,#11949,#11950);
#10050=AXIS2_PLACEMENT_3D('',#15174,#11952,#11953);
#10051=AXIS2_PLACEMENT_3D('',#15178,#11955,#11956);
#10052=AXIS2_PLACEMENT_3D('',#15181,#11958,#11959);
#10053=AXIS2_PLACEMENT_3D('',#15183,#11960,#11961);
#10054=AXIS2_PLACEMENT_3D('',#15184,#11962,#11963);
#10055=AXIS2_PLACEMENT_3D('',#15186,#11964,#11965);
#10056=AXIS2_PLACEMENT_3D('',#15187,#11966,#11967);
#10057=AXIS2_PLACEMENT_3D('',#15188,#11968,#11969);
#10058=AXIS2_PLACEMENT_3D('',#15190,#11970,#11971);
#10059=AXIS2_PLACEMENT_3D('',#15192,#11973,#11974);
#10060=AXIS2_PLACEMENT_3D('',#15193,#11975,#11976);
#10061=AXIS2_PLACEMENT_3D('',#15199,#11980,#11981);
#10062=AXIS2_PLACEMENT_3D('',#15203,#11984,#11985);
#10063=AXIS2_PLACEMENT_3D('',#15209,#11989,#11990);
#10064=AXIS2_PLACEMENT_3D('',#15213,#11993,#11994);
#10065=AXIS2_PLACEMENT_3D('',#15217,#11997,#11998);
#10066=AXIS2_PLACEMENT_3D('',#15219,#12000,#12001);
#10067=AXIS2_PLACEMENT_3D('',#15222,#12004,#12005);
#10068=AXIS2_PLACEMENT_3D('',#15224,#12007,#12008);
#10069=AXIS2_PLACEMENT_3D('',#15226,#12010,#12011);
#10070=AXIS2_PLACEMENT_3D('',#15228,#12013,#12014);
#10071=AXIS2_PLACEMENT_3D('',#15230,#12016,#12017);
#10072=AXIS2_PLACEMENT_3D('',#15232,#12019,#12020);
#10073=AXIS2_PLACEMENT_3D('',#15234,#12022,#12023);
#10074=AXIS2_PLACEMENT_3D('',#15235,#12024,#12025);
#10075=AXIS2_PLACEMENT_3D('',#15238,#12028,#12029);
#10076=AXIS2_PLACEMENT_3D('',#15240,#12031,#12032);
#10077=AXIS2_PLACEMENT_3D('',#15242,#12034,#12035);
#10078=AXIS2_PLACEMENT_3D('',#15244,#12037,#12038);
#10079=AXIS2_PLACEMENT_3D('',#15246,#12040,#12041);
#10080=AXIS2_PLACEMENT_3D('',#15248,#12043,#12044);
#10081=AXIS2_PLACEMENT_3D('',#15250,#12046,#12047);
#10082=AXIS2_PLACEMENT_3D('',#15251,#12048,#12049);
#10083=AXIS2_PLACEMENT_3D('',#15254,#12052,#12053);
#10084=AXIS2_PLACEMENT_3D('',#15256,#12055,#12056);
#10085=AXIS2_PLACEMENT_3D('',#15258,#12058,#12059);
#10086=AXIS2_PLACEMENT_3D('',#15260,#12061,#12062);
#10087=AXIS2_PLACEMENT_3D('',#15262,#12064,#12065);
#10088=AXIS2_PLACEMENT_3D('',#15264,#12067,#12068);
#10089=AXIS2_PLACEMENT_3D('',#15266,#12070,#12071);
#10090=AXIS2_PLACEMENT_3D('',#15267,#12072,#12073);
#10091=AXIS2_PLACEMENT_3D('',#15270,#12076,#12077);
#10092=AXIS2_PLACEMENT_3D('',#15272,#12079,#12080);
#10093=AXIS2_PLACEMENT_3D('',#15274,#12082,#12083);
#10094=AXIS2_PLACEMENT_3D('',#15276,#12085,#12086);
#10095=AXIS2_PLACEMENT_3D('',#15278,#12088,#12089);
#10096=AXIS2_PLACEMENT_3D('',#15280,#12091,#12092);
#10097=AXIS2_PLACEMENT_3D('',#15282,#12094,#12095);
#10098=AXIS2_PLACEMENT_3D('',#15283,#12096,#12097);
#10099=AXIS2_PLACEMENT_3D('',#15286,#12100,#12101);
#10100=AXIS2_PLACEMENT_3D('',#15288,#12103,#12104);
#10101=AXIS2_PLACEMENT_3D('',#15290,#12106,#12107);
#10102=AXIS2_PLACEMENT_3D('',#15292,#12109,#12110);
#10103=AXIS2_PLACEMENT_3D('',#15294,#12112,#12113);
#10104=AXIS2_PLACEMENT_3D('',#15296,#12115,#12116);
#10105=AXIS2_PLACEMENT_3D('',#15298,#12118,#12119);
#10106=AXIS2_PLACEMENT_3D('',#15299,#12120,#12121);
#10107=AXIS2_PLACEMENT_3D('',#15302,#12124,#12125);
#10108=AXIS2_PLACEMENT_3D('',#15304,#12127,#12128);
#10109=AXIS2_PLACEMENT_3D('',#15306,#12130,#12131);
#10110=AXIS2_PLACEMENT_3D('',#15308,#12133,#12134);
#10111=AXIS2_PLACEMENT_3D('',#15310,#12136,#12137);
#10112=AXIS2_PLACEMENT_3D('',#15312,#12139,#12140);
#10113=AXIS2_PLACEMENT_3D('',#15314,#12142,#12143);
#10114=AXIS2_PLACEMENT_3D('',#15315,#12144,#12145);
#10115=AXIS2_PLACEMENT_3D('',#15318,#12148,#12149);
#10116=AXIS2_PLACEMENT_3D('',#15320,#12151,#12152);
#10117=AXIS2_PLACEMENT_3D('',#15322,#12154,#12155);
#10118=AXIS2_PLACEMENT_3D('',#15324,#12157,#12158);
#10119=AXIS2_PLACEMENT_3D('',#15326,#12160,#12161);
#10120=AXIS2_PLACEMENT_3D('',#15328,#12163,#12164);
#10121=AXIS2_PLACEMENT_3D('',#15330,#12166,#12167);
#10122=AXIS2_PLACEMENT_3D('',#15331,#12168,#12169);
#10123=AXIS2_PLACEMENT_3D('',#15334,#12172,#12173);
#10124=AXIS2_PLACEMENT_3D('',#15336,#12175,#12176);
#10125=AXIS2_PLACEMENT_3D('',#15338,#12178,#12179);
#10126=AXIS2_PLACEMENT_3D('',#15340,#12181,#12182);
#10127=AXIS2_PLACEMENT_3D('',#15342,#12184,#12185);
#10128=AXIS2_PLACEMENT_3D('',#15344,#12187,#12188);
#10129=AXIS2_PLACEMENT_3D('',#15346,#12190,#12191);
#10130=AXIS2_PLACEMENT_3D('',#15347,#12192,#12193);
#10131=AXIS2_PLACEMENT_3D('',#15350,#12196,#12197);
#10132=AXIS2_PLACEMENT_3D('',#15352,#12199,#12200);
#10133=AXIS2_PLACEMENT_3D('',#15354,#12202,#12203);
#10134=AXIS2_PLACEMENT_3D('',#15356,#12205,#12206);
#10135=AXIS2_PLACEMENT_3D('',#15358,#12208,#12209);
#10136=AXIS2_PLACEMENT_3D('',#15360,#12211,#12212);
#10137=AXIS2_PLACEMENT_3D('',#15362,#12214,#12215);
#10138=AXIS2_PLACEMENT_3D('',#15363,#12216,#12217);
#10139=AXIS2_PLACEMENT_3D('',#15366,#12220,#12221);
#10140=AXIS2_PLACEMENT_3D('',#15368,#12223,#12224);
#10141=AXIS2_PLACEMENT_3D('',#15370,#12226,#12227);
#10142=AXIS2_PLACEMENT_3D('',#15372,#12229,#12230);
#10143=AXIS2_PLACEMENT_3D('',#15374,#12232,#12233);
#10144=AXIS2_PLACEMENT_3D('',#15376,#12235,#12236);
#10145=AXIS2_PLACEMENT_3D('',#15378,#12238,#12239);
#10146=AXIS2_PLACEMENT_3D('',#15379,#12240,#12241);
#10147=AXIS2_PLACEMENT_3D('',#15382,#12244,#12245);
#10148=AXIS2_PLACEMENT_3D('',#15384,#12247,#12248);
#10149=AXIS2_PLACEMENT_3D('',#15386,#12250,#12251);
#10150=AXIS2_PLACEMENT_3D('',#15388,#12253,#12254);
#10151=AXIS2_PLACEMENT_3D('',#15390,#12256,#12257);
#10152=AXIS2_PLACEMENT_3D('',#15392,#12259,#12260);
#10153=AXIS2_PLACEMENT_3D('',#15394,#12262,#12263);
#10154=AXIS2_PLACEMENT_3D('',#15395,#12264,#12265);
#10155=AXIS2_PLACEMENT_3D('',#15398,#12268,#12269);
#10156=AXIS2_PLACEMENT_3D('',#15400,#12271,#12272);
#10157=AXIS2_PLACEMENT_3D('',#15402,#12274,#12275);
#10158=AXIS2_PLACEMENT_3D('',#15404,#12277,#12278);
#10159=AXIS2_PLACEMENT_3D('',#15406,#12280,#12281);
#10160=AXIS2_PLACEMENT_3D('',#15408,#12283,#12284);
#10161=AXIS2_PLACEMENT_3D('',#15410,#12286,#12287);
#10162=AXIS2_PLACEMENT_3D('',#15411,#12288,#12289);
#10163=AXIS2_PLACEMENT_3D('',#15414,#12292,#12293);
#10164=AXIS2_PLACEMENT_3D('',#15416,#12295,#12296);
#10165=AXIS2_PLACEMENT_3D('',#15418,#12298,#12299);
#10166=AXIS2_PLACEMENT_3D('',#15420,#12301,#12302);
#10167=AXIS2_PLACEMENT_3D('',#15422,#12304,#12305);
#10168=AXIS2_PLACEMENT_3D('',#15424,#12307,#12308);
#10169=AXIS2_PLACEMENT_3D('',#15426,#12310,#12311);
#10170=AXIS2_PLACEMENT_3D('',#15427,#12312,#12313);
#10171=AXIS2_PLACEMENT_3D('',#15430,#12316,#12317);
#10172=AXIS2_PLACEMENT_3D('',#15432,#12319,#12320);
#10173=AXIS2_PLACEMENT_3D('',#15434,#12322,#12323);
#10174=AXIS2_PLACEMENT_3D('',#15436,#12325,#12326);
#10175=AXIS2_PLACEMENT_3D('',#15438,#12328,#12329);
#10176=AXIS2_PLACEMENT_3D('',#15440,#12331,#12332);
#10177=AXIS2_PLACEMENT_3D('',#15442,#12334,#12335);
#10178=AXIS2_PLACEMENT_3D('',#15443,#12336,#12337);
#10179=AXIS2_PLACEMENT_3D('',#15446,#12340,#12341);
#10180=AXIS2_PLACEMENT_3D('',#15448,#12343,#12344);
#10181=AXIS2_PLACEMENT_3D('',#15450,#12346,#12347);
#10182=AXIS2_PLACEMENT_3D('',#15452,#12349,#12350);
#10183=AXIS2_PLACEMENT_3D('',#15454,#12352,#12353);
#10184=AXIS2_PLACEMENT_3D('',#15456,#12355,#12356);
#10185=AXIS2_PLACEMENT_3D('',#15458,#12358,#12359);
#10186=AXIS2_PLACEMENT_3D('',#15459,#12360,#12361);
#10187=AXIS2_PLACEMENT_3D('',#15462,#12364,#12365);
#10188=AXIS2_PLACEMENT_3D('',#15464,#12367,#12368);
#10189=AXIS2_PLACEMENT_3D('',#15466,#12370,#12371);
#10190=AXIS2_PLACEMENT_3D('',#15468,#12373,#12374);
#10191=AXIS2_PLACEMENT_3D('',#15470,#12376,#12377);
#10192=AXIS2_PLACEMENT_3D('',#15472,#12379,#12380);
#10193=AXIS2_PLACEMENT_3D('',#15474,#12382,#12383);
#10194=AXIS2_PLACEMENT_3D('',#15475,#12384,#12385);
#10195=AXIS2_PLACEMENT_3D('',#15478,#12388,#12389);
#10196=AXIS2_PLACEMENT_3D('',#15480,#12391,#12392);
#10197=AXIS2_PLACEMENT_3D('',#15482,#12394,#12395);
#10198=AXIS2_PLACEMENT_3D('',#15484,#12397,#12398);
#10199=AXIS2_PLACEMENT_3D('',#15486,#12400,#12401);
#10200=AXIS2_PLACEMENT_3D('',#15488,#12403,#12404);
#10201=AXIS2_PLACEMENT_3D('',#15490,#12406,#12407);
#10202=AXIS2_PLACEMENT_3D('',#15491,#12408,#12409);
#10203=AXIS2_PLACEMENT_3D('',#15494,#12412,#12413);
#10204=AXIS2_PLACEMENT_3D('',#15496,#12415,#12416);
#10205=AXIS2_PLACEMENT_3D('',#15498,#12418,#12419);
#10206=AXIS2_PLACEMENT_3D('',#15500,#12421,#12422);
#10207=AXIS2_PLACEMENT_3D('',#15502,#12424,#12425);
#10208=AXIS2_PLACEMENT_3D('',#15504,#12427,#12428);
#10209=AXIS2_PLACEMENT_3D('',#15506,#12430,#12431);
#10210=AXIS2_PLACEMENT_3D('',#15507,#12432,#12433);
#10211=AXIS2_PLACEMENT_3D('',#15510,#12436,#12437);
#10212=AXIS2_PLACEMENT_3D('',#15512,#12439,#12440);
#10213=AXIS2_PLACEMENT_3D('',#15514,#12442,#12443);
#10214=AXIS2_PLACEMENT_3D('',#15516,#12445,#12446);
#10215=AXIS2_PLACEMENT_3D('',#15518,#12448,#12449);
#10216=AXIS2_PLACEMENT_3D('',#15520,#12451,#12452);
#10217=AXIS2_PLACEMENT_3D('',#15522,#12454,#12455);
#10218=AXIS2_PLACEMENT_3D('',#15523,#12456,#12457);
#10219=AXIS2_PLACEMENT_3D('',#15525,#12459,#12460);
#10220=AXIS2_PLACEMENT_3D('',#15527,#12462,#12463);
#10221=AXIS2_PLACEMENT_3D('',#15529,#12465,#12466);
#10222=AXIS2_PLACEMENT_3D('',#15530,#12467,#12468);
#10223=AXIS2_PLACEMENT_3D('',#15533,#12471,#12472);
#10224=AXIS2_PLACEMENT_3D('',#15535,#12474,#12475);
#10225=AXIS2_PLACEMENT_3D('',#15537,#12477,#12478);
#10226=AXIS2_PLACEMENT_3D('',#15539,#12480,#12481);
#10227=AXIS2_PLACEMENT_3D('',#15541,#12483,#12484);
#10228=AXIS2_PLACEMENT_3D('',#15543,#12486,#12487);
#10229=AXIS2_PLACEMENT_3D('',#15545,#12489,#12490);
#10230=AXIS2_PLACEMENT_3D('',#15546,#12491,#12492);
#10231=AXIS2_PLACEMENT_3D('',#15549,#12495,#12496);
#10232=AXIS2_PLACEMENT_3D('',#15551,#12498,#12499);
#10233=AXIS2_PLACEMENT_3D('',#15553,#12501,#12502);
#10234=AXIS2_PLACEMENT_3D('',#15555,#12504,#12505);
#10235=AXIS2_PLACEMENT_3D('',#15557,#12507,#12508);
#10236=AXIS2_PLACEMENT_3D('',#15559,#12510,#12511);
#10237=AXIS2_PLACEMENT_3D('',#15561,#12513,#12514);
#10238=AXIS2_PLACEMENT_3D('',#15562,#12515,#12516);
#10239=AXIS2_PLACEMENT_3D('',#15565,#12519,#12520);
#10240=AXIS2_PLACEMENT_3D('',#15567,#12522,#12523);
#10241=AXIS2_PLACEMENT_3D('',#15569,#12525,#12526);
#10242=AXIS2_PLACEMENT_3D('',#15571,#12528,#12529);
#10243=AXIS2_PLACEMENT_3D('',#15573,#12531,#12532);
#10244=AXIS2_PLACEMENT_3D('',#15575,#12534,#12535);
#10245=AXIS2_PLACEMENT_3D('',#15577,#12537,#12538);
#10246=AXIS2_PLACEMENT_3D('',#15578,#12539,#12540);
#10247=AXIS2_PLACEMENT_3D('',#15581,#12543,#12544);
#10248=AXIS2_PLACEMENT_3D('',#15583,#12546,#12547);
#10249=AXIS2_PLACEMENT_3D('',#15585,#12549,#12550);
#10250=AXIS2_PLACEMENT_3D('',#15587,#12552,#12553);
#10251=AXIS2_PLACEMENT_3D('',#15589,#12555,#12556);
#10252=AXIS2_PLACEMENT_3D('',#15591,#12558,#12559);
#10253=AXIS2_PLACEMENT_3D('',#15593,#12561,#12562);
#10254=AXIS2_PLACEMENT_3D('',#15594,#12563,#12564);
#10255=AXIS2_PLACEMENT_3D('',#15597,#12567,#12568);
#10256=AXIS2_PLACEMENT_3D('',#15599,#12570,#12571);
#10257=AXIS2_PLACEMENT_3D('',#15601,#12573,#12574);
#10258=AXIS2_PLACEMENT_3D('',#15603,#12576,#12577);
#10259=AXIS2_PLACEMENT_3D('',#15605,#12579,#12580);
#10260=AXIS2_PLACEMENT_3D('',#15607,#12582,#12583);
#10261=AXIS2_PLACEMENT_3D('',#15609,#12585,#12586);
#10262=AXIS2_PLACEMENT_3D('',#15610,#12587,#12588);
#10263=AXIS2_PLACEMENT_3D('',#15613,#12591,#12592);
#10264=AXIS2_PLACEMENT_3D('',#15615,#12594,#12595);
#10265=AXIS2_PLACEMENT_3D('',#15617,#12597,#12598);
#10266=AXIS2_PLACEMENT_3D('',#15619,#12600,#12601);
#10267=AXIS2_PLACEMENT_3D('',#15621,#12603,#12604);
#10268=AXIS2_PLACEMENT_3D('',#15623,#12606,#12607);
#10269=AXIS2_PLACEMENT_3D('',#15625,#12609,#12610);
#10270=AXIS2_PLACEMENT_3D('',#15626,#12611,#12612);
#10271=AXIS2_PLACEMENT_3D('',#15629,#12615,#12616);
#10272=AXIS2_PLACEMENT_3D('',#15631,#12618,#12619);
#10273=AXIS2_PLACEMENT_3D('',#15633,#12621,#12622);
#10274=AXIS2_PLACEMENT_3D('',#15635,#12624,#12625);
#10275=AXIS2_PLACEMENT_3D('',#15637,#12627,#12628);
#10276=AXIS2_PLACEMENT_3D('',#15639,#12630,#12631);
#10277=AXIS2_PLACEMENT_3D('',#15641,#12633,#12634);
#10278=AXIS2_PLACEMENT_3D('',#15642,#12635,#12636);
#10279=AXIS2_PLACEMENT_3D('',#15645,#12639,#12640);
#10280=AXIS2_PLACEMENT_3D('',#15647,#12642,#12643);
#10281=AXIS2_PLACEMENT_3D('',#15649,#12645,#12646);
#10282=AXIS2_PLACEMENT_3D('',#15651,#12648,#12649);
#10283=AXIS2_PLACEMENT_3D('',#15653,#12651,#12652);
#10284=AXIS2_PLACEMENT_3D('',#15655,#12654,#12655);
#10285=AXIS2_PLACEMENT_3D('',#15657,#12657,#12658);
#10286=AXIS2_PLACEMENT_3D('',#15658,#12659,#12660);
#10287=AXIS2_PLACEMENT_3D('',#15660,#12662,#12663);
#10288=AXIS2_PLACEMENT_3D('',#15662,#12665,#12666);
#10289=AXIS2_PLACEMENT_3D('',#15664,#12668,#12669);
#10290=AXIS2_PLACEMENT_3D('',#15665,#12670,#12671);
#10291=AXIS2_PLACEMENT_3D('',#15668,#12674,#12675);
#10292=AXIS2_PLACEMENT_3D('',#15670,#12677,#12678);
#10293=AXIS2_PLACEMENT_3D('',#15672,#12680,#12681);
#10294=AXIS2_PLACEMENT_3D('',#15674,#12683,#12684);
#10295=AXIS2_PLACEMENT_3D('',#15676,#12686,#12687);
#10296=AXIS2_PLACEMENT_3D('',#15678,#12689,#12690);
#10297=AXIS2_PLACEMENT_3D('',#15680,#12692,#12693);
#10298=AXIS2_PLACEMENT_3D('',#15681,#12694,#12695);
#10299=AXIS2_PLACEMENT_3D('',#15684,#12698,#12699);
#10300=AXIS2_PLACEMENT_3D('',#15686,#12701,#12702);
#10301=AXIS2_PLACEMENT_3D('',#15688,#12704,#12705);
#10302=AXIS2_PLACEMENT_3D('',#15690,#12707,#12708);
#10303=AXIS2_PLACEMENT_3D('',#15692,#12710,#12711);
#10304=AXIS2_PLACEMENT_3D('',#15694,#12713,#12714);
#10305=AXIS2_PLACEMENT_3D('',#15696,#12716,#12717);
#10306=AXIS2_PLACEMENT_3D('',#15697,#12718,#12719);
#10307=AXIS2_PLACEMENT_3D('',#15700,#12722,#12723);
#10308=AXIS2_PLACEMENT_3D('',#15702,#12725,#12726);
#10309=AXIS2_PLACEMENT_3D('',#15704,#12728,#12729);
#10310=AXIS2_PLACEMENT_3D('',#15706,#12731,#12732);
#10311=AXIS2_PLACEMENT_3D('',#15708,#12734,#12735);
#10312=AXIS2_PLACEMENT_3D('',#15710,#12737,#12738);
#10313=AXIS2_PLACEMENT_3D('',#15712,#12740,#12741);
#10314=AXIS2_PLACEMENT_3D('',#15713,#12742,#12743);
#10315=AXIS2_PLACEMENT_3D('',#15715,#12745,#12746);
#10316=AXIS2_PLACEMENT_3D('',#15717,#12748,#12749);
#10317=AXIS2_PLACEMENT_3D('',#15719,#12751,#12752);
#10318=AXIS2_PLACEMENT_3D('',#15720,#12753,#12754);
#10319=AXIS2_PLACEMENT_3D('',#15723,#12757,#12758);
#10320=AXIS2_PLACEMENT_3D('',#15725,#12760,#12761);
#10321=AXIS2_PLACEMENT_3D('',#15727,#12763,#12764);
#10322=AXIS2_PLACEMENT_3D('',#15729,#12766,#12767);
#10323=AXIS2_PLACEMENT_3D('',#15731,#12769,#12770);
#10324=AXIS2_PLACEMENT_3D('',#15733,#12772,#12773);
#10325=AXIS2_PLACEMENT_3D('',#15735,#12775,#12776);
#10326=AXIS2_PLACEMENT_3D('',#15736,#12777,#12778);
#10327=AXIS2_PLACEMENT_3D('',#15739,#12781,#12782);
#10328=AXIS2_PLACEMENT_3D('',#15741,#12784,#12785);
#10329=AXIS2_PLACEMENT_3D('',#15743,#12787,#12788);
#10330=AXIS2_PLACEMENT_3D('',#15745,#12790,#12791);
#10331=AXIS2_PLACEMENT_3D('',#15747,#12793,#12794);
#10332=AXIS2_PLACEMENT_3D('',#15749,#12796,#12797);
#10333=AXIS2_PLACEMENT_3D('',#15751,#12799,#12800);
#10334=AXIS2_PLACEMENT_3D('',#15752,#12801,#12802);
#10335=AXIS2_PLACEMENT_3D('',#15755,#12805,#12806);
#10336=AXIS2_PLACEMENT_3D('',#15757,#12808,#12809);
#10337=AXIS2_PLACEMENT_3D('',#15759,#12811,#12812);
#10338=AXIS2_PLACEMENT_3D('',#15761,#12814,#12815);
#10339=AXIS2_PLACEMENT_3D('',#15763,#12817,#12818);
#10340=AXIS2_PLACEMENT_3D('',#15765,#12820,#12821);
#10341=AXIS2_PLACEMENT_3D('',#15767,#12823,#12824);
#10342=AXIS2_PLACEMENT_3D('',#15768,#12825,#12826);
#10343=AXIS2_PLACEMENT_3D('',#15770,#12828,#12829);
#10344=AXIS2_PLACEMENT_3D('',#15772,#12831,#12832);
#10345=AXIS2_PLACEMENT_3D('',#15774,#12834,#12835);
#10346=AXIS2_PLACEMENT_3D('',#15775,#12836,#12837);
#10347=AXIS2_PLACEMENT_3D('',#15778,#12840,#12841);
#10348=AXIS2_PLACEMENT_3D('',#15780,#12843,#12844);
#10349=AXIS2_PLACEMENT_3D('',#15782,#12846,#12847);
#10350=AXIS2_PLACEMENT_3D('',#15784,#12849,#12850);
#10351=AXIS2_PLACEMENT_3D('',#15786,#12852,#12853);
#10352=AXIS2_PLACEMENT_3D('',#15788,#12855,#12856);
#10353=AXIS2_PLACEMENT_3D('',#15790,#12858,#12859);
#10354=AXIS2_PLACEMENT_3D('',#15791,#12860,#12861);
#10355=AXIS2_PLACEMENT_3D('',#15794,#12864,#12865);
#10356=AXIS2_PLACEMENT_3D('',#15796,#12867,#12868);
#10357=AXIS2_PLACEMENT_3D('',#15798,#12870,#12871);
#10358=AXIS2_PLACEMENT_3D('',#15800,#12873,#12874);
#10359=AXIS2_PLACEMENT_3D('',#15802,#12876,#12877);
#10360=AXIS2_PLACEMENT_3D('',#15804,#12879,#12880);
#10361=AXIS2_PLACEMENT_3D('',#15806,#12882,#12883);
#10362=AXIS2_PLACEMENT_3D('',#15807,#12884,#12885);
#10363=AXIS2_PLACEMENT_3D('',#15810,#12888,#12889);
#10364=AXIS2_PLACEMENT_3D('',#15812,#12891,#12892);
#10365=AXIS2_PLACEMENT_3D('',#15814,#12894,#12895);
#10366=AXIS2_PLACEMENT_3D('',#15816,#12897,#12898);
#10367=AXIS2_PLACEMENT_3D('',#15818,#12900,#12901);
#10368=AXIS2_PLACEMENT_3D('',#15820,#12903,#12904);
#10369=AXIS2_PLACEMENT_3D('',#15822,#12906,#12907);
#10370=AXIS2_PLACEMENT_3D('',#15823,#12908,#12909);
#10371=AXIS2_PLACEMENT_3D('',#15826,#12912,#12913);
#10372=AXIS2_PLACEMENT_3D('',#15828,#12915,#12916);
#10373=AXIS2_PLACEMENT_3D('',#15830,#12918,#12919);
#10374=AXIS2_PLACEMENT_3D('',#15832,#12921,#12922);
#10375=AXIS2_PLACEMENT_3D('',#15834,#12924,#12925);
#10376=AXIS2_PLACEMENT_3D('',#15836,#12927,#12928);
#10377=AXIS2_PLACEMENT_3D('',#15838,#12930,#12931);
#10378=AXIS2_PLACEMENT_3D('',#15839,#12932,#12933);
#10379=AXIS2_PLACEMENT_3D('',#15842,#12936,#12937);
#10380=AXIS2_PLACEMENT_3D('',#15844,#12939,#12940);
#10381=AXIS2_PLACEMENT_3D('',#15846,#12942,#12943);
#10382=AXIS2_PLACEMENT_3D('',#15848,#12945,#12946);
#10383=AXIS2_PLACEMENT_3D('',#15850,#12948,#12949);
#10384=AXIS2_PLACEMENT_3D('',#15852,#12951,#12952);
#10385=AXIS2_PLACEMENT_3D('',#15854,#12954,#12955);
#10386=AXIS2_PLACEMENT_3D('',#15855,#12956,#12957);
#10387=AXIS2_PLACEMENT_3D('',#15858,#12960,#12961);
#10388=AXIS2_PLACEMENT_3D('',#15860,#12963,#12964);
#10389=AXIS2_PLACEMENT_3D('',#15862,#12966,#12967);
#10390=AXIS2_PLACEMENT_3D('',#15864,#12969,#12970);
#10391=AXIS2_PLACEMENT_3D('',#15866,#12972,#12973);
#10392=AXIS2_PLACEMENT_3D('',#15868,#12975,#12976);
#10393=AXIS2_PLACEMENT_3D('',#15870,#12978,#12979);
#10394=AXIS2_PLACEMENT_3D('',#15871,#12980,#12981);
#10395=AXIS2_PLACEMENT_3D('',#15874,#12984,#12985);
#10396=AXIS2_PLACEMENT_3D('',#15876,#12987,#12988);
#10397=AXIS2_PLACEMENT_3D('',#15878,#12990,#12991);
#10398=AXIS2_PLACEMENT_3D('',#15880,#12993,#12994);
#10399=AXIS2_PLACEMENT_3D('',#15882,#12996,#12997);
#10400=AXIS2_PLACEMENT_3D('',#15884,#12999,#13000);
#10401=AXIS2_PLACEMENT_3D('',#15886,#13002,#13003);
#10402=AXIS2_PLACEMENT_3D('',#15887,#13004,#13005);
#10403=AXIS2_PLACEMENT_3D('',#15890,#13008,#13009);
#10404=AXIS2_PLACEMENT_3D('',#15892,#13011,#13012);
#10405=AXIS2_PLACEMENT_3D('',#15894,#13014,#13015);
#10406=AXIS2_PLACEMENT_3D('',#15896,#13017,#13018);
#10407=AXIS2_PLACEMENT_3D('',#15898,#13020,#13021);
#10408=AXIS2_PLACEMENT_3D('',#15900,#13023,#13024);
#10409=AXIS2_PLACEMENT_3D('',#15902,#13026,#13027);
#10410=AXIS2_PLACEMENT_3D('',#15903,#13028,#13029);
#10411=AXIS2_PLACEMENT_3D('',#15906,#13032,#13033);
#10412=AXIS2_PLACEMENT_3D('',#15908,#13035,#13036);
#10413=AXIS2_PLACEMENT_3D('',#15910,#13038,#13039);
#10414=AXIS2_PLACEMENT_3D('',#15912,#13041,#13042);
#10415=AXIS2_PLACEMENT_3D('',#15914,#13044,#13045);
#10416=AXIS2_PLACEMENT_3D('',#15916,#13047,#13048);
#10417=AXIS2_PLACEMENT_3D('',#15918,#13050,#13051);
#10418=AXIS2_PLACEMENT_3D('',#15919,#13052,#13053);
#10419=AXIS2_PLACEMENT_3D('',#15922,#13056,#13057);
#10420=AXIS2_PLACEMENT_3D('',#15924,#13059,#13060);
#10421=AXIS2_PLACEMENT_3D('',#15926,#13062,#13063);
#10422=AXIS2_PLACEMENT_3D('',#15928,#13065,#13066);
#10423=AXIS2_PLACEMENT_3D('',#15930,#13068,#13069);
#10424=AXIS2_PLACEMENT_3D('',#15932,#13071,#13072);
#10425=AXIS2_PLACEMENT_3D('',#15934,#13074,#13075);
#10426=AXIS2_PLACEMENT_3D('',#15935,#13076,#13077);
#10427=AXIS2_PLACEMENT_3D('',#15938,#13080,#13081);
#10428=AXIS2_PLACEMENT_3D('',#15940,#13083,#13084);
#10429=AXIS2_PLACEMENT_3D('',#15942,#13086,#13087);
#10430=AXIS2_PLACEMENT_3D('',#15944,#13089,#13090);
#10431=AXIS2_PLACEMENT_3D('',#15946,#13092,#13093);
#10432=AXIS2_PLACEMENT_3D('',#15948,#13095,#13096);
#10433=AXIS2_PLACEMENT_3D('',#15950,#13098,#13099);
#10434=AXIS2_PLACEMENT_3D('',#15951,#13100,#13101);
#10435=AXIS2_PLACEMENT_3D('',#15954,#13104,#13105);
#10436=AXIS2_PLACEMENT_3D('',#15956,#13107,#13108);
#10437=AXIS2_PLACEMENT_3D('',#15958,#13110,#13111);
#10438=AXIS2_PLACEMENT_3D('',#15960,#13113,#13114);
#10439=AXIS2_PLACEMENT_3D('',#15962,#13116,#13117);
#10440=AXIS2_PLACEMENT_3D('',#15964,#13119,#13120);
#10441=AXIS2_PLACEMENT_3D('',#15966,#13122,#13123);
#10442=AXIS2_PLACEMENT_3D('',#15967,#13124,#13125);
#10443=AXIS2_PLACEMENT_3D('',#15970,#13128,#13129);
#10444=AXIS2_PLACEMENT_3D('',#15972,#13131,#13132);
#10445=AXIS2_PLACEMENT_3D('',#15974,#13134,#13135);
#10446=AXIS2_PLACEMENT_3D('',#15976,#13137,#13138);
#10447=AXIS2_PLACEMENT_3D('',#15978,#13140,#13141);
#10448=AXIS2_PLACEMENT_3D('',#15980,#13143,#13144);
#10449=AXIS2_PLACEMENT_3D('',#15982,#13146,#13147);
#10450=AXIS2_PLACEMENT_3D('',#15983,#13148,#13149);
#10451=AXIS2_PLACEMENT_3D('',#15986,#13152,#13153);
#10452=AXIS2_PLACEMENT_3D('',#15988,#13155,#13156);
#10453=AXIS2_PLACEMENT_3D('',#15990,#13158,#13159);
#10454=AXIS2_PLACEMENT_3D('',#15992,#13161,#13162);
#10455=AXIS2_PLACEMENT_3D('',#15994,#13164,#13165);
#10456=AXIS2_PLACEMENT_3D('',#15996,#13167,#13168);
#10457=AXIS2_PLACEMENT_3D('',#15998,#13170,#13171);
#10458=AXIS2_PLACEMENT_3D('',#15999,#13172,#13173);
#10459=AXIS2_PLACEMENT_3D('',#16002,#13176,#13177);
#10460=AXIS2_PLACEMENT_3D('',#16004,#13179,#13180);
#10461=AXIS2_PLACEMENT_3D('',#16006,#13182,#13183);
#10462=AXIS2_PLACEMENT_3D('',#16008,#13185,#13186);
#10463=AXIS2_PLACEMENT_3D('',#16010,#13188,#13189);
#10464=AXIS2_PLACEMENT_3D('',#16012,#13191,#13192);
#10465=AXIS2_PLACEMENT_3D('',#16014,#13194,#13195);
#10466=AXIS2_PLACEMENT_3D('',#16015,#13196,#13197);
#10467=AXIS2_PLACEMENT_3D('',#16018,#13200,#13201);
#10468=AXIS2_PLACEMENT_3D('',#16020,#13203,#13204);
#10469=AXIS2_PLACEMENT_3D('',#16022,#13206,#13207);
#10470=AXIS2_PLACEMENT_3D('',#16024,#13209,#13210);
#10471=AXIS2_PLACEMENT_3D('',#16026,#13212,#13213);
#10472=AXIS2_PLACEMENT_3D('',#16028,#13215,#13216);
#10473=AXIS2_PLACEMENT_3D('',#16030,#13218,#13219);
#10474=AXIS2_PLACEMENT_3D('',#16031,#13220,#13221);
#10475=AXIS2_PLACEMENT_3D('',#16034,#13224,#13225);
#10476=AXIS2_PLACEMENT_3D('',#16036,#13227,#13228);
#10477=AXIS2_PLACEMENT_3D('',#16038,#13230,#13231);
#10478=AXIS2_PLACEMENT_3D('',#16040,#13233,#13234);
#10479=AXIS2_PLACEMENT_3D('',#16042,#13236,#13237);
#10480=AXIS2_PLACEMENT_3D('',#16044,#13239,#13240);
#10481=AXIS2_PLACEMENT_3D('',#16046,#13242,#13243);
#10482=AXIS2_PLACEMENT_3D('',#16047,#13244,#13245);
#10483=AXIS2_PLACEMENT_3D('',#16050,#13248,#13249);
#10484=AXIS2_PLACEMENT_3D('',#16052,#13251,#13252);
#10485=AXIS2_PLACEMENT_3D('',#16054,#13254,#13255);
#10486=AXIS2_PLACEMENT_3D('',#16056,#13257,#13258);
#10487=AXIS2_PLACEMENT_3D('',#16058,#13260,#13261);
#10488=AXIS2_PLACEMENT_3D('',#16060,#13263,#13264);
#10489=AXIS2_PLACEMENT_3D('',#16062,#13266,#13267);
#10490=AXIS2_PLACEMENT_3D('',#16063,#13268,#13269);
#10491=AXIS2_PLACEMENT_3D('',#16067,#13272,#13273);
#10492=AXIS2_PLACEMENT_3D('',#16069,#13275,#13276);
#10493=DIRECTION('axis',(0.,0.,1.));
#10494=DIRECTION('refdir',(1.,0.,0.));
#10495=DIRECTION('center_axis',(1.,1.97683283299016E-81,0.));
#10496=DIRECTION('ref_axis',(0.,0.,-1.));
#10497=DIRECTION('',(-1.97683283299016E-81,1.,2.16840434494034E-18));
#10498=DIRECTION('',(0.,0.,1.));
#10499=DIRECTION('',(-1.97683283299016E-81,1.,0.));
#10500=DIRECTION('',(-4.28657290440585E-99,2.16840434500573E-18,-1.));
#10501=DIRECTION('',(1.97683283299016E-81,-1.,-2.16840434494034E-18));
#10502=DIRECTION('',(4.28657290440585E-99,-2.16840434500573E-18,1.));
#10503=DIRECTION('center_axis',(1.,1.97683283299016E-81,0.));
#10504=DIRECTION('ref_axis',(0.,0.,-1.));
#10505=DIRECTION('',(-1.97683283299016E-81,1.,2.16840434494034E-18));
#10506=DIRECTION('',(-4.28657290440585E-99,2.16840434500573E-18,-1.));
#10507=DIRECTION('',(1.97683283299016E-81,-1.,-2.16840434494034E-18));
#10508=DIRECTION('',(4.28657290440585E-99,-2.16840434500573E-18,1.));
#10509=DIRECTION('center_axis',(1.,1.97683283299016E-81,0.));
#10510=DIRECTION('ref_axis',(0.,0.,-1.));
#10511=DIRECTION('',(-1.97683283299016E-81,1.,2.16840434494034E-18));
#10512=DIRECTION('',(-4.28657290440585E-99,2.16840434500573E-18,-1.));
#10513=DIRECTION('',(1.97683283299016E-81,-1.,-2.16840434494034E-18));
#10514=DIRECTION('',(4.28657290440585E-99,-2.16840434500573E-18,1.));
#10515=DIRECTION('center_axis',(1.,1.97683283299016E-81,0.));
#10516=DIRECTION('ref_axis',(0.,0.,-1.));
#10517=DIRECTION('',(-1.97683283299016E-81,1.,2.16840434494034E-18));
#10518=DIRECTION('',(-4.28657290440585E-99,2.16840434500573E-18,-1.));
#10519=DIRECTION('',(1.97683283299016E-81,-1.,-2.16840434494034E-18));
#10520=DIRECTION('',(4.28657290440585E-99,-2.16840434500573E-18,1.));
#10521=DIRECTION('center_axis',(1.,1.97683283299016E-81,0.));
#10522=DIRECTION('ref_axis',(0.,0.,-1.));
#10523=DIRECTION('',(-1.97683283299016E-81,1.,2.16840434494034E-18));
#10524=DIRECTION('',(-4.28657290440585E-99,2.16840434500573E-18,-1.));
#10525=DIRECTION('',(1.97683283299016E-81,-1.,-2.16840434494034E-18));
#10526=DIRECTION('',(4.28657290440585E-99,-2.16840434500573E-18,1.));
#10527=DIRECTION('',(-1.97683283299016E-81,1.,0.));
#10528=DIRECTION('',(0.,0.,-1.));
#10529=DIRECTION('center_axis',(4.71844785465725E-16,-1.,-2.16840434500573E-18));
#10530=DIRECTION('ref_axis',(-1.,-4.71844785465725E-16,1.38531280338545E-13));
#10531=DIRECTION('',(1.,4.71844785465725E-16,0.));
#10532=DIRECTION('',(-1.3840881565863E-13,2.16840434494043E-18,-1.));
#10533=DIRECTION('',(-1.,-4.71844785465725E-16,1.38531280338545E-13));
#10534=DIRECTION('center_axis',(-1.97683283299016E-81,1.,0.));
#10535=DIRECTION('ref_axis',(1.,1.97683283299016E-81,0.));
#10536=DIRECTION('',(-1.,-1.97683283299016E-81,1.38531280338545E-13));
#10537=DIRECTION('',(0.,0.,1.));
#10538=DIRECTION('',(1.,1.97683283299016E-81,0.));
#10539=DIRECTION('center_axis',(4.71844785465725E-16,-1.,-2.16840434500573E-18));
#10540=DIRECTION('ref_axis',(-1.,-4.71844785465725E-16,1.38531280338545E-13));
#10541=DIRECTION('',(-1.,-4.71844785465725E-16,1.38531280338545E-13));
#10542=DIRECTION('',(-1.3840881565863E-13,2.16840434494043E-18,-1.));
#10543=DIRECTION('',(1.,4.71844785465725E-16,-1.38531280338545E-13));
#10544=DIRECTION('center_axis',(4.71844785465725E-16,-1.,-2.16840434500573E-18));
#10545=DIRECTION('ref_axis',(-1.,-4.71844785465725E-16,1.38531280338545E-13));
#10546=DIRECTION('',(-1.,-4.71844785465725E-16,1.38531280338545E-13));
#10547=DIRECTION('',(-1.3840881565863E-13,2.16840434494043E-18,-1.));
#10548=DIRECTION('',(1.,4.71844785465725E-16,-1.38531280338545E-13));
#10549=DIRECTION('center_axis',(4.71844785465725E-16,-1.,-2.16840434500573E-18));
#10550=DIRECTION('ref_axis',(-1.,-4.71844785465725E-16,1.38531280338545E-13));
#10551=DIRECTION('',(-1.,-4.71844785465725E-16,1.38531280338545E-13));
#10552=DIRECTION('',(-1.3840881565863E-13,2.16840434494043E-18,-1.));
#10553=DIRECTION('',(1.,4.71844785465725E-16,-1.38531280338545E-13));
#10554=DIRECTION('center_axis',(-4.71844785465725E-16,1.,2.16840434500573E-18));
#10555=DIRECTION('ref_axis',(1.,4.71844785465725E-16,-1.38531280338545E-13));
#10556=DIRECTION('',(1.,4.71844785465725E-16,-1.38531280338545E-13));
#10557=DIRECTION('',(1.3840881565863E-13,-2.16840434494043E-18,1.));
#10558=DIRECTION('',(-1.,-4.71844785465725E-16,0.));
#10559=DIRECTION('center_axis',(0.,0.,-1.));
#10560=DIRECTION('ref_axis',(-1.,-1.97683283299016E-81,0.));
#10561=DIRECTION('center_axis',(0.,0.,1.));
#10562=DIRECTION('ref_axis',(0.707106781186547,-0.707106781186547,0.));
#10563=DIRECTION('',(-1.97683283299016E-81,1.,0.));
#10564=DIRECTION('center_axis',(0.,0.,1.));
#10565=DIRECTION('ref_axis',(0.707106781186547,0.707106781186547,0.));
#10566=DIRECTION('',(-1.,-1.97683283299016E-81,0.));
#10567=DIRECTION('center_axis',(0.,0.,1.));
#10568=DIRECTION('ref_axis',(0.707106781186547,0.707106781186547,-9.76597509301308E-14));
#10569=DIRECTION('',(-4.71844785465725E-16,1.,0.));
#10570=DIRECTION('center_axis',(0.,0.,1.));
#10571=DIRECTION('ref_axis',(0.707106781186558,-0.707106781186537,-9.76597509301294E-14));
#10572=DIRECTION('center_axis',(4.71844785465725E-16,-1.,-2.16840434500573E-18));
#10573=DIRECTION('ref_axis',(-1.,-4.71844785465725E-16,1.38531280338545E-13));
#10574=DIRECTION('',(-1.,-4.71844785465725E-16,1.38531280338545E-13));
#10575=DIRECTION('',(-1.3840881565863E-13,2.16840434494043E-18,-1.));
#10576=DIRECTION('',(1.,4.71844785465725E-16,-1.38531280338545E-13));
#10577=DIRECTION('center_axis',(6.31088724176809E-30,1.,-3.97897126510403E-31));
#10578=DIRECTION('ref_axis',(0.87500000310821,1.7297287350108E-81,0.484122912658172));
#10579=DIRECTION('center_axis',(-6.31088724176809E-30,-1.,3.97897126510403E-31));
#10580=DIRECTION('ref_axis',(0.87500000310821,1.7297287350108E-81,0.484122912658172));
#10581=DIRECTION('',(-6.31088724176809E-30,-1.,3.97897126510403E-31));
#10582=DIRECTION('center_axis',(-5.9947891748069E-28,1.,-1.38777878078149E-17));
#10583=DIRECTION('ref_axis',(0.87500000310821,1.7297287350108E-81,0.484122912658172));
#10584=DIRECTION('',(6.31088724176809E-30,1.,-3.97897126510403E-31));
#10585=DIRECTION('center_axis',(5.9947891748069E-28,-1.,1.38777878078149E-17));
#10586=DIRECTION('ref_axis',(1.,5.99478821184193E-28,-6.93889390390541E-18));
#10587=DIRECTION('center_axis',(-5.9947891748069E-28,1.,-1.38777878078149E-17));
#10588=DIRECTION('ref_axis',(0.707106781186536,-4.18111540758766E-30,0.707106781186559));
#10589=DIRECTION('center_axis',(5.9947891748069E-28,-1.,1.38777878078149E-17));
#10590=DIRECTION('ref_axis',(0.600000000007326,1.18609969980858E-81,-0.799999999994506));
#10591=DIRECTION('',(-1.,-5.97556409767407E-28,1.38531280338545E-13));
#10592=DIRECTION('',(-1.,-5.99478821184193E-28,6.93889390390541E-18));
#10593=DIRECTION('',(-6.93889390390541E-18,-1.38777878078149E-17,-1.));
#10594=DIRECTION('center_axis',(6.31088724176809E-30,1.,-3.97897126510403E-31));
#10595=DIRECTION('ref_axis',(0.707106781186536,-4.18111540758766E-30,0.707106781186559));
#10596=DIRECTION('center_axis',(-6.31088724176809E-30,-1.,3.97897126510403E-31));
#10597=DIRECTION('ref_axis',(0.707106781186536,-4.18111540758766E-30,0.707106781186559));
#10598=DIRECTION('',(6.31088724176809E-30,1.,-3.97897126510403E-31));
#10599=DIRECTION('center_axis',(6.6112790719644E-30,1.,2.16840434494034E-18));
#10600=DIRECTION('ref_axis',(0.600000000007326,1.18609969980858E-81,-0.799999999994506));
#10601=DIRECTION('center_axis',(6.31088724176809E-30,1.,-3.97897126510403E-31));
#10602=DIRECTION('ref_axis',(0.600000000007326,1.18609969980858E-81,-0.799999999994506));
#10603=DIRECTION('',(-6.6112790719644E-30,-1.,-2.16840434494034E-18));
#10604=DIRECTION('center_axis',(-6.93889390390541E-18,-3.97897126510403E-31,
-1.));
#10605=DIRECTION('ref_axis',(-1.,-5.99478821184193E-28,6.93889390390541E-18));
#10606=DIRECTION('',(4.71844785465725E-16,-1.,-2.16840434500571E-18));
#10607=DIRECTION('',(-1.,-5.99478821184193E-28,6.93889390390541E-18));
#10608=DIRECTION('',(6.31088724176809E-30,1.,-3.97897126510403E-31));
#10609=DIRECTION('center_axis',(-1.,6.31088724176809E-30,6.93889390390541E-18));
#10610=DIRECTION('ref_axis',(6.93889390390541E-18,1.38777878078149E-17,
1.));
#10611=DIRECTION('',(6.93889390390541E-18,1.38777878078149E-17,1.));
#10612=DIRECTION('center_axis',(6.31088724176809E-30,1.,-3.97897126510403E-31));
#10613=DIRECTION('ref_axis',(6.93889390390541E-18,3.97897126510403E-31,
1.));
#10614=DIRECTION('',(1.,-6.31088724176815E-30,-1.38531280338545E-13));
#10615=DIRECTION('center_axis',(1.3840881565863E-13,-2.16840434494043E-18,
1.));
#10616=DIRECTION('ref_axis',(0.707106781186547,0.707106781186547,-9.76597509301308E-14));
#10617=DIRECTION('center_axis',(-1.38531280338545E-13,2.16840434494034E-18,
-1.));
#10618=DIRECTION('ref_axis',(0.707106781186547,0.707106781186547,-9.76597509301308E-14));
#10619=DIRECTION('',(-1.3840881565863E-13,2.16840434494043E-18,-1.));
#10620=DIRECTION('center_axis',(1.,4.71844785465725E-16,-1.3840881565863E-13));
#10621=DIRECTION('ref_axis',(4.71844785465725E-16,-1.,-2.16840434500571E-18));
#10622=DIRECTION('',(4.71844785465725E-16,-1.,-2.16840434500571E-18));
#10623=DIRECTION('',(4.71844785465725E-16,-1.,-2.16840434500571E-18));
#10624=DIRECTION('',(1.3840881565863E-13,-2.16840434494043E-18,1.));
#10625=DIRECTION('center_axis',(1.38531280338545E-13,-2.16840434494034E-18,
1.));
#10626=DIRECTION('ref_axis',(1.,1.97683283299016E-81,-1.38531280338545E-13));
#10627=DIRECTION('center_axis',(-1.38531280338545E-13,2.16840434494034E-18,
-1.));
#10628=DIRECTION('ref_axis',(0.707106781186558,-0.707106781186537,-9.76597509301294E-14));
#10629=DIRECTION('center_axis',(-1.38531280338545E-13,2.16840434494034E-18,
-1.));
#10630=DIRECTION('ref_axis',(1.,4.71844785465725E-16,-1.38531280338545E-13));
#10631=DIRECTION('',(4.71844785465725E-16,-1.,-2.16840434500571E-18));
#10632=DIRECTION('center_axis',(-1.38531280338545E-13,2.16840434494034E-18,
-1.));
#10633=DIRECTION('ref_axis',(-7.05824287905483E-14,-1.,-2.16840433516247E-18));
#10634=DIRECTION('',(-1.,-4.71844785465725E-16,1.38531280338545E-13));
#10635=DIRECTION('center_axis',(-1.38531280338545E-13,2.16840434494034E-18,
-1.));
#10636=DIRECTION('ref_axis',(1.,4.71844785465725E-16,-1.38531280338545E-13));
#10637=DIRECTION('',(4.71844785465725E-16,-1.,-2.16840434500571E-18));
#10638=DIRECTION('center_axis',(-1.38531280338545E-13,2.16840434494034E-18,
-1.));
#10639=DIRECTION('ref_axis',(4.71844785465725E-16,-1.,-2.16840434500571E-18));
#10640=DIRECTION('',(-1.,-4.71844785465725E-16,1.38531280338545E-13));
#10641=DIRECTION('center_axis',(-1.38531280338545E-13,2.16840434494034E-18,
-1.));
#10642=DIRECTION('ref_axis',(1.,4.71844785465725E-16,-1.38531280338545E-13));
#10643=DIRECTION('',(4.71844785465725E-16,-1.,-2.16840434500571E-18));
#10644=DIRECTION('center_axis',(-1.38531280338545E-13,2.16840434494034E-18,
-1.));
#10645=DIRECTION('ref_axis',(3.59989815734728E-14,-1.,-2.16840434992732E-18));
#10646=DIRECTION('',(-1.,-4.71844785465725E-16,1.38531280338545E-13));
#10647=DIRECTION('center_axis',(-1.38531280338545E-13,2.16840434494034E-18,
-1.));
#10648=DIRECTION('ref_axis',(1.,4.71844785465725E-16,-1.38531280338545E-13));
#10649=DIRECTION('',(4.71844785465725E-16,-1.,-2.16840434500571E-18));
#10650=DIRECTION('center_axis',(-1.38531280338545E-13,2.16840434494034E-18,
-1.));
#10651=DIRECTION('ref_axis',(3.59989815734728E-14,-1.,-2.16840434992732E-18));
#10652=DIRECTION('',(-1.,-4.71844785465725E-16,1.38531280338545E-13));
#10653=DIRECTION('center_axis',(1.38531280338545E-13,-2.16840434494034E-18,
1.));
#10654=DIRECTION('ref_axis',(-1.,-1.97683283299016E-81,1.38531280338545E-13));
#10655=DIRECTION('center_axis',(-1.38531280338545E-13,2.16840434494034E-18,
-1.));
#10656=DIRECTION('ref_axis',(-4.71844785465725E-16,1.,2.16840434500571E-18));
#10657=DIRECTION('',(1.,4.71844785465725E-16,-1.38531280338545E-13));
#10658=DIRECTION('center_axis',(-1.38531280338545E-13,2.16840434494034E-18,
-1.));
#10659=DIRECTION('ref_axis',(1.,4.71844785465725E-16,-1.38531280338545E-13));
#10660=DIRECTION('',(4.71844785465725E-16,-1.,-2.16840434500571E-18));
#10661=DIRECTION('center_axis',(-1.38531280338545E-13,2.16840434494034E-18,
-1.));
#10662=DIRECTION('ref_axis',(7.15261183614798E-14,-1.,-2.16840435484895E-18));
#10663=DIRECTION('',(-1.,-4.71844785465725E-16,1.38531280338545E-13));
#10664=DIRECTION('center_axis',(-1.38531280338545E-13,2.16840434494034E-18,
-1.));
#10665=DIRECTION('ref_axis',(-1.,1.06109565578555E-13,1.38531280338545E-13));
#10666=DIRECTION('',(-4.71844785465725E-16,1.,2.16840434500571E-18));
#10667=DIRECTION('center_axis',(-1.38531280338545E-13,2.16840434494034E-18,
-1.));
#10668=DIRECTION('ref_axis',(-4.71844785465725E-16,1.,2.16840434500571E-18));
#10669=DIRECTION('',(1.,4.71844785465725E-16,-1.38531280338545E-13));
#10670=DIRECTION('center_axis',(-1.36310834289294E-13,2.16840434494139E-18,
-1.));
#10671=DIRECTION('ref_axis',(1.,4.71844785465725E-16,-1.36310834289294E-13));
#10672=DIRECTION('',(4.71844785465725E-16,-1.,-2.16840434500571E-18));
#10673=DIRECTION('center_axis',(-1.38531280338545E-13,2.16840434494034E-18,
-1.));
#10674=DIRECTION('ref_axis',(7.15261183614798E-14,-1.,-2.16840435484895E-18));
#10675=DIRECTION('',(-1.,-4.71844785465725E-16,1.38531280338545E-13));
#10676=DIRECTION('center_axis',(-1.38531280338545E-13,2.16840434494034E-18,
-1.));
#10677=DIRECTION('ref_axis',(-1.,2.12690975942576E-13,1.38531280338545E-13));
#10678=DIRECTION('',(-4.71844785465725E-16,1.,2.16840434500571E-18));
#10679=DIRECTION('center_axis',(-1.38531280338545E-13,2.16840434494034E-18,
-1.));
#10680=DIRECTION('ref_axis',(-4.71844785465725E-16,1.,2.16840434500571E-18));
#10681=DIRECTION('',(1.,4.71844785465725E-16,-1.38531280338545E-13));
#10682=DIRECTION('center_axis',(-1.38531280338545E-13,2.16840434494034E-18,
-1.));
#10683=DIRECTION('ref_axis',(1.,4.71844785465725E-16,-1.38531280338545E-13));
#10684=DIRECTION('',(4.71844785465725E-16,-1.,-2.16840434500571E-18));
#10685=DIRECTION('center_axis',(-1.38531280338545E-13,2.16840434494034E-18,
-1.));
#10686=DIRECTION('ref_axis',(1.42580391937453E-13,-1.,-2.16840436469218E-18));
#10687=DIRECTION('',(-1.,-4.71844785465725E-16,1.38531280338545E-13));
#10688=DIRECTION('center_axis',(-1.38531280338545E-13,2.16840434494034E-18,
-1.));
#10689=DIRECTION('ref_axis',(-1.,-1.78107528725476E-13,1.38531280338545E-13));
#10690=DIRECTION('',(-4.71844785465725E-16,1.,2.16840434500571E-18));
#10691=DIRECTION('center_axis',(-1.38531280338545E-13,2.16840434494034E-18,
-1.));
#10692=DIRECTION('ref_axis',(-4.71844785465725E-16,1.,2.16840434500571E-18));
#10693=DIRECTION('',(1.,4.71844785465725E-16,-1.38531280338545E-13));
#10694=DIRECTION('center_axis',(-1.38531280338545E-13,2.16840434494034E-18,
-1.));
#10695=DIRECTION('ref_axis',(1.,4.71844785465725E-16,-1.38531280338545E-13));
#10696=DIRECTION('',(4.71844785465725E-16,-1.,-2.16840434500571E-18));
#10697=DIRECTION('center_axis',(-1.38531280338545E-13,2.16840434494034E-18,
-1.));
#10698=DIRECTION('ref_axis',(7.15261183614798E-14,-1.,-2.16840435484895E-18));
#10699=DIRECTION('',(-1.,-4.71844785465725E-16,1.38531280338545E-13));
#10700=DIRECTION('center_axis',(-1.38531280338545E-13,2.16840434494034E-18,
-1.));
#10701=DIRECTION('ref_axis',(-1.,-5.82034420659771E-14,1.38531280338545E-13));
#10702=DIRECTION('',(-4.71844785465725E-16,1.,2.16840434500571E-18));
#10703=DIRECTION('center_axis',(-1.38531280338545E-13,2.16840434494034E-18,
-1.));
#10704=DIRECTION('ref_axis',(-4.71844785465725E-16,1.,2.16840434500571E-18));
#10705=DIRECTION('',(1.,4.71844785465725E-16,-1.38531280338545E-13));
#10706=DIRECTION('center_axis',(-1.38531280338545E-13,2.16840434494034E-18,
-1.));
#10707=DIRECTION('ref_axis',(1.,4.71844785465725E-16,-1.38531280338545E-13));
#10708=DIRECTION('',(4.71844785465725E-16,-1.,-2.16840434500571E-18));
#10709=DIRECTION('center_axis',(-1.38531280338545E-13,2.16840434494034E-18,
-1.));
#10710=DIRECTION('ref_axis',(-7.05824287905483E-14,-1.,-2.16840433516247E-18));
#10711=DIRECTION('',(-1.,-4.71844785465725E-16,1.38531280338545E-13));
#10712=DIRECTION('center_axis',(-1.38531280338545E-13,2.16840434494034E-18,
-1.));
#10713=DIRECTION('ref_axis',(-1.,-5.37625499674763E-14,1.38531280338545E-13));
#10714=DIRECTION('',(-4.71844785465725E-16,1.,2.16840434500571E-18));
#10715=DIRECTION('center_axis',(-1.38531280338545E-13,2.16840434494034E-18,
-1.));
#10716=DIRECTION('ref_axis',(-4.71844785465725E-16,1.,2.16840434500571E-18));
#10717=DIRECTION('',(1.,4.71844785465725E-16,-1.38531280338545E-13));
#10718=DIRECTION('center_axis',(-1.38531280338545E-13,2.16840434494034E-18,
-1.));
#10719=DIRECTION('ref_axis',(1.,4.71844785465725E-16,-1.38531280338545E-13));
#10720=DIRECTION('',(4.71844785465725E-16,-1.,-2.16840434500571E-18));
#10721=DIRECTION('center_axis',(-1.38531280338545E-13,2.16840434494034E-18,
-1.));
#10722=DIRECTION('ref_axis',(-7.05824287905483E-14,-1.,-2.16840433516247E-18));
#10723=DIRECTION('',(-1.,-4.71844785465725E-16,1.38531280338545E-13));
#10724=DIRECTION('center_axis',(-1.38531280338545E-13,2.16840434494034E-18,
-1.));
#10725=DIRECTION('ref_axis',(-1.,2.3045454433658E-13,1.38531280338545E-13));
#10726=DIRECTION('',(-4.71844785465725E-16,1.,2.16840434500571E-18));
#10727=DIRECTION('center_axis',(-1.38531280338545E-13,2.16840434494034E-18,
-1.));
#10728=DIRECTION('ref_axis',(-4.71844785465725E-16,1.,2.16840434500571E-18));
#10729=DIRECTION('',(1.,4.71844785465725E-16,-1.38531280338545E-13));
#10730=DIRECTION('center_axis',(-1.38531280338545E-13,2.16840434494034E-18,
-1.));
#10731=DIRECTION('ref_axis',(1.,4.71844785465725E-16,-1.38531280338545E-13));
#10732=DIRECTION('',(4.71844785465725E-16,-1.,-2.16840434500571E-18));
#10733=DIRECTION('center_axis',(-1.38531280338545E-13,2.16840434494034E-18,
-1.));
#10734=DIRECTION('ref_axis',(-7.05824287905483E-14,-1.,-2.16840433516247E-18));
#10735=DIRECTION('',(-1.,-4.71844785465725E-16,1.38531280338545E-13));
#10736=DIRECTION('center_axis',(-1.38531280338545E-13,2.16840434494034E-18,
-1.));
#10737=DIRECTION('ref_axis',(-1.,2.3045454433658E-13,1.38531280338545E-13));
#10738=DIRECTION('',(-4.71844785465725E-16,1.,2.16840434500571E-18));
#10739=DIRECTION('center_axis',(-1.38531280338545E-13,2.16840434494034E-18,
-1.));
#10740=DIRECTION('ref_axis',(-4.71844785465725E-16,1.,2.16840434500571E-18));
#10741=DIRECTION('',(1.,4.71844785465725E-16,-1.38531280338545E-13));
#10742=DIRECTION('center_axis',(-1.38531280338545E-13,2.16840434494034E-18,
-1.));
#10743=DIRECTION('ref_axis',(1.,4.71844785465725E-16,-1.38531280338545E-13));
#10744=DIRECTION('',(4.71844785465725E-16,-1.,-2.16840434500571E-18));
#10745=DIRECTION('center_axis',(-1.38531280338545E-13,2.16840434494034E-18,
-1.));
#10746=DIRECTION('ref_axis',(3.59989815734728E-14,-1.,-2.16840434992732E-18));
#10747=DIRECTION('',(-1.,-4.71844785465725E-16,1.38531280338545E-13));
#10748=DIRECTION('center_axis',(-1.38531280338545E-13,2.16840434494034E-18,
-1.));
#10749=DIRECTION('ref_axis',(-1.,-5.37625499674687E-14,1.38531280338545E-13));
#10750=DIRECTION('',(-4.71844785465725E-16,1.,2.16840434500571E-18));
#10751=DIRECTION('center_axis',(-1.38531280338545E-13,2.16840434494034E-18,
-1.));
#10752=DIRECTION('ref_axis',(-4.71844785465725E-16,1.,2.16840434500571E-18));
#10753=DIRECTION('',(1.,4.71844785465725E-16,-1.38531280338545E-13));
#10754=DIRECTION('center_axis',(-1.38531280338545E-13,2.16840434494034E-18,
-1.));
#10755=DIRECTION('ref_axis',(1.,4.71844785465725E-16,-1.38531280338545E-13));
#10756=DIRECTION('',(4.71844785465725E-16,-1.,-2.16840434500571E-18));
#10757=DIRECTION('center_axis',(-1.38531280338545E-13,-2.2182776449055E-15,
-1.));
#10758=DIRECTION('ref_axis',(-7.0582428790548E-14,-1.,2.21827764491528E-15));
#10759=DIRECTION('',(-1.,-4.71844785465725E-16,1.38531280338545E-13));
#10760=DIRECTION('center_axis',(-1.36310834289295E-13,2.16840434509916E-18,
-1.));
#10761=DIRECTION('ref_axis',(-1.,-7.15261183614697E-14,1.36310834289295E-13));
#10762=DIRECTION('',(-4.71844785465725E-16,1.,2.16840434500571E-18));
#10763=DIRECTION('center_axis',(-1.38531280338545E-13,2.16840434494034E-18,
-1.));
#10764=DIRECTION('ref_axis',(-4.71844785465725E-16,1.,2.16840434500571E-18));
#10765=DIRECTION('',(1.,4.71844785465725E-16,-1.38531280338545E-13));
#10766=DIRECTION('center_axis',(-1.38531280338545E-13,2.16840434494034E-18,
-1.));
#10767=DIRECTION('ref_axis',(1.,4.71844785465725E-16,-1.38531280338545E-13));
#10768=DIRECTION('',(4.71844785465725E-16,-1.,-2.16840434500571E-18));
#10769=DIRECTION('center_axis',(-1.38531280338545E-13,2.16840434494034E-18,
-1.));
#10770=DIRECTION('ref_axis',(7.15261183614798E-14,-1.,-2.16840435484895E-18));
#10771=DIRECTION('',(-1.,-4.71844785465725E-16,1.38531280338545E-13));
#10772=DIRECTION('center_axis',(-1.38531280338545E-13,2.16840434494034E-18,
-1.));
#10773=DIRECTION('ref_axis',(-1.,-5.37625499674763E-14,1.38531280338545E-13));
#10774=DIRECTION('',(-4.71844785465725E-16,1.,2.16840434500571E-18));
#10775=DIRECTION('center_axis',(-1.38531280338545E-13,2.16840434494034E-18,
-1.));
#10776=DIRECTION('ref_axis',(-4.71844785465725E-16,1.,2.16840434500571E-18));
#10777=DIRECTION('',(1.,4.71844785465725E-16,-1.38531280338545E-13));
#10778=DIRECTION('center_axis',(-1.38531280338545E-13,2.16840434494034E-18,
-1.));
#10779=DIRECTION('ref_axis',(1.,4.71844785465725E-16,-1.38531280338545E-13));
#10780=DIRECTION('',(4.71844785465725E-16,-1.,-2.16840434500571E-18));
#10781=DIRECTION('center_axis',(-1.38531280338545E-13,2.16840434494034E-18,
-1.));
#10782=DIRECTION('ref_axis',(7.15261183614798E-14,-1.,-2.16840435484895E-18));
#10783=DIRECTION('',(-1.,-4.71844785465725E-16,1.38531280338545E-13));
#10784=DIRECTION('center_axis',(-1.38531280338545E-13,2.16840434494034E-18,
-1.));
#10785=DIRECTION('ref_axis',(-1.,-5.37625499674687E-14,1.38531280338545E-13));
#10786=DIRECTION('',(-4.71844785465725E-16,1.,2.16840434500571E-18));
#10787=DIRECTION('center_axis',(-1.38531280338545E-13,2.16840434494034E-18,
-1.));
#10788=DIRECTION('ref_axis',(-4.71844785465725E-16,1.,2.16840434500571E-18));
#10789=DIRECTION('',(1.,4.71844785465725E-16,-1.38531280338545E-13));
#10790=DIRECTION('center_axis',(-1.38531280338545E-13,2.16840434494034E-18,
-1.));
#10791=DIRECTION('ref_axis',(1.,4.71844785465725E-16,-1.38531280338545E-13));
#10792=DIRECTION('',(4.71844785465725E-16,-1.,-2.16840434500571E-18));
#10793=DIRECTION('center_axis',(-1.38531280338545E-13,2.16840434494034E-18,
-1.));
#10794=DIRECTION('ref_axis',(7.15261183614798E-14,-1.,-2.16840435484895E-18));
#10795=DIRECTION('',(-1.,-4.71844785465725E-16,1.38531280338545E-13));
#10796=DIRECTION('center_axis',(-1.38531280338545E-13,2.16840434494034E-18,
-1.));
#10797=DIRECTION('ref_axis',(-1.,2.12690975942576E-13,1.38531280338545E-13));
#10798=DIRECTION('',(-4.71844785465725E-16,1.,2.16840434500571E-18));
#10799=DIRECTION('center_axis',(-1.38531280338545E-13,2.16840434494034E-18,
-1.));
#10800=DIRECTION('ref_axis',(-4.71844785465725E-16,1.,2.16840434500571E-18));
#10801=DIRECTION('',(1.,4.71844785465725E-16,-1.38531280338545E-13));
#10802=DIRECTION('center_axis',(-1.38531280338545E-13,2.16840434494034E-18,
-1.));
#10803=DIRECTION('ref_axis',(1.,4.71844785465725E-16,-1.38531280338545E-13));
#10804=DIRECTION('',(4.71844785465725E-16,-1.,-2.16840434500571E-18));
#10805=DIRECTION('center_axis',(-1.38531280338545E-13,2.16840434494034E-18,
-1.));
#10806=DIRECTION('ref_axis',(7.15261183614798E-14,-1.,-2.16840435484895E-18));
#10807=DIRECTION('',(-1.,-4.71844785465725E-16,1.38531280338545E-13));
#10808=DIRECTION('center_axis',(-1.38531280338545E-13,2.16840434494034E-18,
-1.));
#10809=DIRECTION('ref_axis',(-1.,2.12690975942576E-13,1.38531280338545E-13));
#10810=DIRECTION('',(-4.71844785465725E-16,1.,2.16840434500571E-18));
#10811=DIRECTION('center_axis',(-1.38531280338545E-13,2.16840434494034E-18,
-1.));
#10812=DIRECTION('ref_axis',(-4.71844785465725E-16,1.,2.16840434500571E-18));
#10813=DIRECTION('',(1.,4.71844785465725E-16,-1.38531280338545E-13));
#10814=DIRECTION('center_axis',(-1.38531280338545E-13,2.16840434494034E-18,
-1.));
#10815=DIRECTION('ref_axis',(1.,4.71844785465725E-16,-1.38531280338545E-13));
#10816=DIRECTION('',(4.71844785465725E-16,-1.,-2.16840434500571E-18));
#10817=DIRECTION('center_axis',(-1.38531280338545E-13,2.16840434494034E-18,
-1.));
#10818=DIRECTION('ref_axis',(-7.05824287905483E-14,-1.,-2.16840433516247E-18));
#10819=DIRECTION('',(-1.,-4.71844785465725E-16,1.38531280338545E-13));
#10820=DIRECTION('center_axis',(-1.38531280338545E-13,2.16840434494034E-18,
-1.));
#10821=DIRECTION('ref_axis',(-1.,2.12690975942546E-13,1.38531280338545E-13));
#10822=DIRECTION('',(-4.71844785465725E-16,1.,2.16840434500571E-18));
#10823=DIRECTION('center_axis',(-1.38531280338545E-13,2.16840434494034E-18,
-1.));
#10824=DIRECTION('ref_axis',(-4.71844785465725E-16,1.,2.16840434500571E-18));
#10825=DIRECTION('',(1.,4.71844785465725E-16,-1.38531280338545E-13));
#10826=DIRECTION('center_axis',(-1.38531280338545E-13,2.16840434494034E-18,
-1.));
#10827=DIRECTION('ref_axis',(1.,4.71844785465725E-16,-1.38531280338545E-13));
#10828=DIRECTION('',(4.71844785465725E-16,-1.,-2.16840434500571E-18));
#10829=DIRECTION('center_axis',(-1.38531280338545E-13,2.16840434494034E-18,
-1.));
#10830=DIRECTION('ref_axis',(7.15261183614798E-14,-1.,-2.16840435484895E-18));
#10831=DIRECTION('',(-1.,-4.71844785465725E-16,1.38531280338545E-13));
#10832=DIRECTION('center_axis',(-1.38531280338545E-13,2.16840434494034E-18,
-1.));
#10833=DIRECTION('ref_axis',(-1.,-5.37625499674763E-14,1.38531280338545E-13));
#10834=DIRECTION('',(-4.71844785465725E-16,1.,2.16840434500571E-18));
#10835=DIRECTION('center_axis',(-1.38531280338545E-13,2.16840434494034E-18,
-1.));
#10836=DIRECTION('ref_axis',(-4.71844785465725E-16,1.,2.16840434500571E-18));
#10837=DIRECTION('',(1.,4.71844785465725E-16,-1.38531280338545E-13));
#10838=DIRECTION('center_axis',(-1.36310834289294E-13,2.1684043443103E-18,
-1.));
#10839=DIRECTION('ref_axis',(1.,-2.8374524951859E-13,-1.36310834289294E-13));
#10840=DIRECTION('',(4.71844785465725E-16,-1.,-2.16840434500571E-18));
#10841=DIRECTION('center_axis',(-1.38531280338545E-13,2.16840434494034E-18,
-1.));
#10842=DIRECTION('ref_axis',(3.59989815734728E-14,-1.,-2.16840434992732E-18));
#10843=DIRECTION('',(-1.,-4.71844785465725E-16,1.38531280338545E-13));
#10844=DIRECTION('center_axis',(-1.38531280338545E-13,2.16840434494034E-18,
-1.));
#10845=DIRECTION('ref_axis',(-1.,2.30454544336547E-13,1.38531280338545E-13));
#10846=DIRECTION('',(-4.71844785465725E-16,1.,2.16840434500571E-18));
#10847=DIRECTION('center_axis',(-1.38531280338545E-13,2.16840434494034E-18,
-1.));
#10848=DIRECTION('ref_axis',(-4.71844785465725E-16,1.,2.16840434500571E-18));
#10849=DIRECTION('',(1.,4.71844785465725E-16,-1.38531280338545E-13));
#10850=DIRECTION('center_axis',(-1.38531280338545E-13,2.16840434494034E-18,
-1.));
#10851=DIRECTION('ref_axis',(1.,4.71844785465725E-16,-1.38531280338545E-13));
#10852=DIRECTION('',(4.71844785465725E-16,-1.,-2.16840434500571E-18));
#10853=DIRECTION('center_axis',(-1.38531280338545E-13,2.16840434494034E-18,
-1.));
#10854=DIRECTION('ref_axis',(-7.05824287905483E-14,-1.,-2.16840433516247E-18));
#10855=DIRECTION('',(-1.,-4.71844785465725E-16,1.38531280338545E-13));
#10856=DIRECTION('center_axis',(-1.38531280338545E-13,2.16840434494034E-18,
-1.));
#10857=DIRECTION('ref_axis',(-1.,-5.37625499674763E-14,1.38531280338545E-13));
#10858=DIRECTION('',(-4.71844785465725E-16,1.,2.16840434500571E-18));
#10859=DIRECTION('center_axis',(-1.38531280338545E-13,2.16840434494034E-18,
-1.));
#10860=DIRECTION('ref_axis',(-4.71844785465725E-16,1.,2.16840434500571E-18));
#10861=DIRECTION('',(1.,4.71844785465725E-16,-1.38531280338545E-13));
#10862=DIRECTION('center_axis',(-1.38531280338545E-13,2.16840434494034E-18,
-1.));
#10863=DIRECTION('ref_axis',(1.,4.71844785465725E-16,-1.38531280338545E-13));
#10864=DIRECTION('',(4.71844785465725E-16,-1.,-2.16840434500571E-18));
#10865=DIRECTION('center_axis',(-1.38531280338545E-13,2.16840434494034E-18,
-1.));
#10866=DIRECTION('ref_axis',(4.71844785465725E-16,-1.,-2.16840434500571E-18));
#10867=DIRECTION('',(-1.,-4.71844785465725E-16,1.38531280338545E-13));
#10868=DIRECTION('center_axis',(-1.38531280338545E-13,2.16840434494034E-18,
-1.));
#10869=DIRECTION('ref_axis',(-1.,-7.15261183614697E-14,1.38531280338545E-13));
#10870=DIRECTION('',(-4.71844785465725E-16,1.,2.16840434500571E-18));
#10871=DIRECTION('center_axis',(-1.38531280338545E-13,2.16840434494034E-18,
-1.));
#10872=DIRECTION('ref_axis',(-4.71844785465725E-16,1.,2.16840434500571E-18));
#10873=DIRECTION('',(1.,4.71844785465725E-16,-1.38531280338545E-13));
#10874=DIRECTION('center_axis',(-1.38531280338545E-13,2.16840434494034E-18,
-1.));
#10875=DIRECTION('ref_axis',(1.,4.71844785465725E-16,-1.38531280338545E-13));
#10876=DIRECTION('',(4.71844785465725E-16,-1.,-2.16840434500571E-18));
#10877=DIRECTION('center_axis',(-1.38531280338545E-13,-2.2182776449055E-15,
-1.));
#10878=DIRECTION('ref_axis',(-7.0582428790548E-14,-1.,2.21827764491528E-15));
#10879=DIRECTION('',(-1.,-4.71844785465725E-16,1.38531280338545E-13));
#10880=DIRECTION('center_axis',(-1.36310834289294E-13,2.16840434505972E-18,
-1.));
#10881=DIRECTION('ref_axis',(-1.,-5.37625499674763E-14,1.36310834289294E-13));
#10882=DIRECTION('',(-4.71844785465725E-16,1.,2.16840434500571E-18));
#10883=DIRECTION('center_axis',(-1.38531280338545E-13,2.16840434494034E-18,
-1.));
#10884=DIRECTION('ref_axis',(-4.71844785465725E-16,1.,2.16840434500571E-18));
#10885=DIRECTION('',(1.,4.71844785465725E-16,-1.38531280338545E-13));
#10886=DIRECTION('center_axis',(-1.38531280338545E-13,2.16840434494034E-18,
-1.));
#10887=DIRECTION('ref_axis',(1.,4.71844785465725E-16,-1.38531280338545E-13));
#10888=DIRECTION('',(4.71844785465725E-16,-1.,-2.16840434500571E-18));
#10889=DIRECTION('center_axis',(-1.38531280338545E-13,2.16840434494034E-18,
-1.));
#10890=DIRECTION('ref_axis',(-7.05824287905483E-14,-1.,-2.16840433516247E-18));
#10891=DIRECTION('',(-1.,-4.71844785465725E-16,1.38531280338545E-13));
#10892=DIRECTION('center_axis',(-1.40751726387795E-13,2.16840434541261E-18,
-1.));
#10893=DIRECTION('ref_axis',(-1.,2.12690975942576E-13,1.40751726387795E-13));
#10894=DIRECTION('',(-4.71844785465725E-16,1.,2.16840434500571E-18));
#10895=DIRECTION('center_axis',(-1.38531280338545E-13,2.16840434494034E-18,
-1.));
#10896=DIRECTION('ref_axis',(-4.71844785465725E-16,1.,2.16840434500571E-18));
#10897=DIRECTION('',(1.,4.71844785465725E-16,-1.38531280338545E-13));
#10898=DIRECTION('center_axis',(-1.38531280338545E-13,2.16840434494034E-18,
-1.));
#10899=DIRECTION('ref_axis',(1.,4.71844785465725E-16,-1.38531280338545E-13));
#10900=DIRECTION('',(4.71844785465725E-16,-1.,-2.16840434500571E-18));
#10901=DIRECTION('center_axis',(-1.38531280338545E-13,2.16840434494034E-18,
-1.));
#10902=DIRECTION('ref_axis',(-7.05824287905483E-14,-1.,-2.16840433516247E-18));
#10903=DIRECTION('',(-1.,-4.71844785465725E-16,1.38531280338545E-13));
#10904=DIRECTION('center_axis',(-1.38531280338545E-13,2.16840434494034E-18,
-1.));
#10905=DIRECTION('ref_axis',(-1.,-5.82034420659771E-14,1.38531280338545E-13));
#10906=DIRECTION('',(-4.71844785465725E-16,1.,2.16840434500571E-18));
#10907=DIRECTION('center_axis',(-1.38531280338545E-13,2.16840434494034E-18,
-1.));
#10908=DIRECTION('ref_axis',(-4.71844785465725E-16,1.,2.16840434500571E-18));
#10909=DIRECTION('',(1.,4.71844785465725E-16,-1.38531280338545E-13));
#10910=DIRECTION('center_axis',(-1.38531280338545E-13,2.16840434494034E-18,
-1.));
#10911=DIRECTION('ref_axis',(1.,4.71844785465725E-16,-1.38531280338545E-13));
#10912=DIRECTION('',(4.71844785465725E-16,-1.,-2.16840434500571E-18));
#10913=DIRECTION('center_axis',(-1.38531280338545E-13,2.16840434494034E-18,
-1.));
#10914=DIRECTION('ref_axis',(-7.05824287905483E-14,-1.,-2.16840433516247E-18));
#10915=DIRECTION('',(-1.,-4.71844785465725E-16,1.38531280338545E-13));
#10916=DIRECTION('center_axis',(-1.38531280338545E-13,2.16840434494034E-18,
-1.));
#10917=DIRECTION('ref_axis',(-1.,-5.82034420659689E-14,1.38531280338545E-13));
#10918=DIRECTION('',(-4.71844785465725E-16,1.,2.16840434500571E-18));
#10919=DIRECTION('center_axis',(-1.38531280338545E-13,2.16840434494034E-18,
-1.));
#10920=DIRECTION('ref_axis',(-4.71844785465725E-16,1.,2.16840434500571E-18));
#10921=DIRECTION('',(1.,4.71844785465725E-16,-1.38531280338545E-13));
#10922=DIRECTION('center_axis',(-1.38531280338545E-13,2.16840434494034E-18,
-1.));
#10923=DIRECTION('ref_axis',(1.,4.71844785465725E-16,-1.38531280338545E-13));
#10924=DIRECTION('',(4.71844785465725E-16,-1.,-2.16840434500571E-18));
#10925=DIRECTION('center_axis',(-1.38531280338545E-13,2.16840434494034E-18,
-1.));
#10926=DIRECTION('ref_axis',(-7.05824287905483E-14,-1.,-2.16840433516247E-18));
#10927=DIRECTION('',(-1.,-4.71844785465725E-16,1.38531280338545E-13));
#10928=DIRECTION('center_axis',(-1.38531280338545E-13,2.16840434494034E-18,
-1.));
#10929=DIRECTION('ref_axis',(-1.,-7.15261183614798E-14,1.38531280338545E-13));
#10930=DIRECTION('',(-4.71844785465725E-16,1.,2.16840434500571E-18));
#10931=DIRECTION('center_axis',(-1.38531280338545E-13,2.16840434494034E-18,
-1.));
#10932=DIRECTION('ref_axis',(-4.71844785465725E-16,1.,2.16840434500571E-18));
#10933=DIRECTION('',(1.,4.71844785465725E-16,-1.38531280338545E-13));
#10934=DIRECTION('center_axis',(-1.38531280338545E-13,2.16840434494034E-18,
-1.));
#10935=DIRECTION('ref_axis',(1.,4.71844785465725E-16,-1.38531280338545E-13));
#10936=DIRECTION('',(4.71844785465725E-16,-1.,-2.16840434500571E-18));
#10937=DIRECTION('center_axis',(-1.38531280338545E-13,2.16840434494034E-18,
-1.));
#10938=DIRECTION('ref_axis',(3.59989815734728E-14,-1.,-2.16840434992732E-18));
#10939=DIRECTION('',(-1.,-4.71844785465725E-16,1.38531280338545E-13));
#10940=DIRECTION('center_axis',(-1.40751726387795E-13,2.16840434545205E-18,
-1.));
#10941=DIRECTION('ref_axis',(-1.,2.30454544336547E-13,1.40751726387795E-13));
#10942=DIRECTION('',(-4.71844785465725E-16,1.,2.16840434500571E-18));
#10943=DIRECTION('center_axis',(-1.38531280338545E-13,2.16840434494034E-18,
-1.));
#10944=DIRECTION('ref_axis',(-4.71844785465725E-16,1.,2.16840434500571E-18));
#10945=DIRECTION('',(1.,4.71844785465725E-16,-1.38531280338545E-13));
#10946=DIRECTION('center_axis',(-1.38531280338545E-13,2.16840434494034E-18,
-1.));
#10947=DIRECTION('ref_axis',(1.,4.71844785465725E-16,-1.38531280338545E-13));
#10948=DIRECTION('',(4.71844785465725E-16,-1.,-2.16840434500571E-18));
#10949=DIRECTION('center_axis',(-1.38531280338545E-13,2.16840434494034E-18,
-1.));
#10950=DIRECTION('ref_axis',(7.15261183614798E-14,-1.,-2.16840435484895E-18));
#10951=DIRECTION('',(-1.,-4.71844785465725E-16,1.38531280338545E-13));
#10952=DIRECTION('center_axis',(-1.38531280338545E-13,2.16840434494034E-18,
-1.));
#10953=DIRECTION('ref_axis',(-1.,1.06109565578555E-13,1.38531280338545E-13));
#10954=DIRECTION('',(-4.71844785465725E-16,1.,2.16840434500571E-18));
#10955=DIRECTION('center_axis',(-1.38531280338545E-13,2.16840434494034E-18,
-1.));
#10956=DIRECTION('ref_axis',(-4.71844785465725E-16,1.,2.16840434500571E-18));
#10957=DIRECTION('',(1.,4.71844785465725E-16,-1.38531280338545E-13));
#10958=DIRECTION('center_axis',(-1.38531280338545E-13,2.16840434494034E-18,
-1.));
#10959=DIRECTION('ref_axis',(1.,4.71844785465725E-16,-1.38531280338545E-13));
#10960=DIRECTION('',(4.71844785465725E-16,-1.,-2.16840434500571E-18));
#10961=DIRECTION('center_axis',(-1.38531280338545E-13,2.16840434494034E-18,
-1.));
#10962=DIRECTION('ref_axis',(7.15261183614798E-14,-1.,-2.16840435484895E-18));
#10963=DIRECTION('',(-1.,-4.71844785465725E-16,1.38531280338545E-13));
#10964=DIRECTION('center_axis',(-1.38531280338545E-13,2.16840434494034E-18,
-1.));
#10965=DIRECTION('ref_axis',(-1.,-7.15261183614697E-14,1.38531280338545E-13));
#10966=DIRECTION('',(-4.71844785465725E-16,1.,2.16840434500571E-18));
#10967=DIRECTION('center_axis',(-1.38531280338545E-13,2.16840434494034E-18,
-1.));
#10968=DIRECTION('ref_axis',(-4.71844785465725E-16,1.,2.16840434500571E-18));
#10969=DIRECTION('',(1.,4.71844785465725E-16,-1.38531280338545E-13));
#10970=DIRECTION('center_axis',(-1.38531280338545E-13,2.16840434494034E-18,
-1.));
#10971=DIRECTION('ref_axis',(1.,4.71844785465725E-16,-1.38531280338545E-13));
#10972=DIRECTION('',(4.71844785465725E-16,-1.,-2.16840434500571E-18));
#10973=DIRECTION('center_axis',(-1.38531280338545E-13,2.16840434494034E-18,
-1.));
#10974=DIRECTION('ref_axis',(-7.05824287905483E-14,-1.,-2.16840433516247E-18));
#10975=DIRECTION('',(-1.,-4.71844785465725E-16,1.38531280338545E-13));
#10976=DIRECTION('center_axis',(-1.38531280338545E-13,2.16840434494034E-18,
-1.));
#10977=DIRECTION('ref_axis',(-1.,-5.37625499674687E-14,1.38531280338545E-13));
#10978=DIRECTION('',(-4.71844785465725E-16,1.,2.16840434500571E-18));
#10979=DIRECTION('center_axis',(-1.38531280338545E-13,2.16840434494034E-18,
-1.));
#10980=DIRECTION('ref_axis',(-4.71844785465725E-16,1.,2.16840434500571E-18));
#10981=DIRECTION('',(1.,4.71844785465725E-16,-1.38531280338545E-13));
#10982=DIRECTION('center_axis',(-1.38531280338545E-13,2.16840434494034E-18,
-1.));
#10983=DIRECTION('ref_axis',(1.,4.71844785465725E-16,-1.38531280338545E-13));
#10984=DIRECTION('',(4.71844785465725E-16,-1.,-2.16840434500571E-18));
#10985=DIRECTION('center_axis',(-1.38531280338545E-13,2.16840434494034E-18,
-1.));
#10986=DIRECTION('ref_axis',(-7.05824287905483E-14,-1.,-2.16840433516247E-18));
#10987=DIRECTION('',(-1.,-4.71844785465725E-16,1.38531280338545E-13));
#10988=DIRECTION('center_axis',(-1.40751726387795E-13,2.16840434478152E-18,
-1.));
#10989=DIRECTION('ref_axis',(-1.,-7.15261183614697E-14,1.40751726387795E-13));
#10990=DIRECTION('',(-4.71844785465725E-16,1.,2.16840434500571E-18));
#10991=DIRECTION('center_axis',(-1.38531280338545E-13,2.16840434494034E-18,
-1.));
#10992=DIRECTION('ref_axis',(-4.71844785465725E-16,1.,2.16840434500571E-18));
#10993=DIRECTION('',(1.,4.71844785465725E-16,-1.38531280338545E-13));
#10994=DIRECTION('center_axis',(-1.38531280338545E-13,2.16840434494034E-18,
-1.));
#10995=DIRECTION('ref_axis',(1.,4.71844785465725E-16,-1.38531280338545E-13));
#10996=DIRECTION('',(4.71844785465725E-16,-1.,-2.16840434500571E-18));
#10997=DIRECTION('center_axis',(-1.38531280338545E-13,2.16840434494034E-18,
-1.));
#10998=DIRECTION('ref_axis',(7.15261183614798E-14,-1.,-2.16840435484895E-18));
#10999=DIRECTION('',(-1.,-4.71844785465725E-16,1.38531280338545E-13));
#11000=DIRECTION('center_axis',(-1.38531280338545E-13,2.16840434494034E-18,
-1.));
#11001=DIRECTION('ref_axis',(-1.,2.12690975942576E-13,1.38531280338545E-13));
#11002=DIRECTION('',(-4.71844785465725E-16,1.,2.16840434500571E-18));
#11003=DIRECTION('center_axis',(-1.38531280338545E-13,2.16840434494034E-18,
-1.));
#11004=DIRECTION('ref_axis',(-4.71844785465725E-16,1.,2.16840434500571E-18));
#11005=DIRECTION('',(1.,4.71844785465725E-16,-1.38531280338545E-13));
#11006=DIRECTION('center_axis',(-1.38531280338545E-13,2.16840434494034E-18,
-1.));
#11007=DIRECTION('ref_axis',(1.,4.71844785465725E-16,-1.38531280338545E-13));
#11008=DIRECTION('',(4.71844785465725E-16,-1.,-2.16840434500571E-18));
#11009=DIRECTION('center_axis',(-1.38531280338545E-13,-2.2182776449055E-15,
-1.));
#11010=DIRECTION('ref_axis',(3.59989815734731E-14,-1.,2.21827764490051E-15));
#11011=DIRECTION('',(-1.,-4.71844785465725E-16,1.38531280338545E-13));
#11012=DIRECTION('center_axis',(-1.36310834289295E-13,2.16840434446807E-18,
-1.));
#11013=DIRECTION('ref_axis',(-1.,2.12690975942546E-13,1.36310834289295E-13));
#11014=DIRECTION('',(-4.71844785465725E-16,1.,2.16840434500571E-18));
#11015=DIRECTION('center_axis',(-1.38531280338545E-13,2.16840434494034E-18,
-1.));
#11016=DIRECTION('ref_axis',(-4.71844785465725E-16,1.,2.16840434500571E-18));
#11017=DIRECTION('',(1.,4.71844785465725E-16,-1.38531280338545E-13));
#11018=DIRECTION('center_axis',(-1.38531280338545E-13,2.16840434494034E-18,
-1.));
#11019=DIRECTION('ref_axis',(1.,4.71844785465725E-16,-1.38531280338545E-13));
#11020=DIRECTION('',(4.71844785465725E-16,-1.,-2.16840434500571E-18));
#11021=DIRECTION('center_axis',(-1.38531280338545E-13,2.16840434494034E-18,
-1.));
#11022=DIRECTION('ref_axis',(7.15261183614798E-14,-1.,-2.16840435484895E-18));
#11023=DIRECTION('',(-1.,-4.71844785465725E-16,1.38531280338545E-13));
#11024=DIRECTION('center_axis',(-1.38531280338545E-13,2.16840434494034E-18,
-1.));
#11025=DIRECTION('ref_axis',(-1.,-5.37625499674687E-14,1.38531280338545E-13));
#11026=DIRECTION('',(-4.71844785465725E-16,1.,2.16840434500571E-18));
#11027=DIRECTION('center_axis',(-1.38531280338545E-13,2.16840434494034E-18,
-1.));
#11028=DIRECTION('ref_axis',(-4.71844785465725E-16,1.,2.16840434500571E-18));
#11029=DIRECTION('',(1.,4.71844785465725E-16,-1.38531280338545E-13));
#11030=DIRECTION('center_axis',(-1.38531280338545E-13,2.16840434494034E-18,
-1.));
#11031=DIRECTION('ref_axis',(1.,4.71844785465725E-16,-1.38531280338545E-13));
#11032=DIRECTION('',(4.71844785465725E-16,-1.,-2.16840434500571E-18));
#11033=DIRECTION('center_axis',(-1.38531280338545E-13,2.16840434494034E-18,
-1.));
#11034=DIRECTION('ref_axis',(7.15261183614798E-14,-1.,-2.16840435484895E-18));
#11035=DIRECTION('',(-1.,-4.71844785465725E-16,1.38531280338545E-13));
#11036=DIRECTION('center_axis',(-1.38531280338545E-13,2.16840434494034E-18,
-1.));
#11037=DIRECTION('ref_axis',(-1.,2.12690975942576E-13,1.38531280338545E-13));
#11038=DIRECTION('',(-4.71844785465725E-16,1.,2.16840434500571E-18));
#11039=DIRECTION('center_axis',(-1.38531280338545E-13,2.16840434494034E-18,
-1.));
#11040=DIRECTION('ref_axis',(-4.71844785465725E-16,1.,2.16840434500571E-18));
#11041=DIRECTION('',(1.,4.71844785465725E-16,-1.38531280338545E-13));
#11042=DIRECTION('center_axis',(-1.38531280338545E-13,2.16840434494034E-18,
-1.));
#11043=DIRECTION('ref_axis',(1.,4.71844785465725E-16,-1.38531280338545E-13));
#11044=DIRECTION('',(4.71844785465725E-16,-1.,-2.16840434500571E-18));
#11045=DIRECTION('center_axis',(-1.38531280338545E-13,2.16840434494034E-18,
-1.));
#11046=DIRECTION('ref_axis',(7.15261183614798E-14,-1.,-2.16840435484895E-18));
#11047=DIRECTION('',(-1.,-4.71844785465725E-16,1.38531280338545E-13));
#11048=DIRECTION('center_axis',(-1.38531280338545E-13,2.16840434494034E-18,
-1.));
#11049=DIRECTION('ref_axis',(-1.,-7.15261183614798E-14,1.38531280338545E-13));
#11050=DIRECTION('',(-4.71844785465725E-16,1.,2.16840434500571E-18));
#11051=DIRECTION('center_axis',(-1.38531280338545E-13,2.16840434494034E-18,
-1.));
#11052=DIRECTION('ref_axis',(-4.71844785465725E-16,1.,2.16840434500571E-18));
#11053=DIRECTION('',(1.,4.71844785465725E-16,-1.38531280338545E-13));
#11054=DIRECTION('center_axis',(-1.40751726387795E-13,2.16840434493929E-18,
-1.));
#11055=DIRECTION('ref_axis',(1.,4.71844785465725E-16,-1.40751726387795E-13));
#11056=DIRECTION('',(4.71844785465725E-16,-1.,-2.16840434500571E-18));
#11057=DIRECTION('center_axis',(-1.38531280338545E-13,2.22261445359538E-15,
-1.));
#11058=DIRECTION('ref_axis',(3.59989815734724E-14,-1.,-2.22261445360037E-15));
#11059=DIRECTION('',(-1.,-4.71844785465725E-16,1.38531280338545E-13));
#11060=DIRECTION('center_axis',(-1.38531280338545E-13,2.16840434494034E-18,
-1.));
#11061=DIRECTION('ref_axis',(-1.,-5.82034420659771E-14,1.38531280338545E-13));
#11062=DIRECTION('',(-4.71844785465725E-16,1.,2.16840434500571E-18));
#11063=DIRECTION('center_axis',(-1.38531280338545E-13,2.16840434494034E-18,
-1.));
#11064=DIRECTION('ref_axis',(-4.71844785465725E-16,1.,2.16840434500571E-18));
#11065=DIRECTION('',(1.,4.71844785465725E-16,-1.38531280338545E-13));
#11066=DIRECTION('center_axis',(-1.38531280338545E-13,2.16840434494034E-18,
-1.));
#11067=DIRECTION('ref_axis',(1.,4.71844785465725E-16,-1.38531280338545E-13));
#11068=DIRECTION('',(4.71844785465725E-16,-1.,-2.16840434500571E-18));
#11069=DIRECTION('center_axis',(-1.38531280338545E-13,2.16840434494034E-18,
-1.));
#11070=DIRECTION('ref_axis',(7.15261183614798E-14,-1.,-2.16840435484895E-18));
#11071=DIRECTION('',(-1.,-4.71844785465725E-16,1.38531280338545E-13));
#11072=DIRECTION('center_axis',(-1.38531280338545E-13,2.16840434494034E-18,
-1.));
#11073=DIRECTION('ref_axis',(-1.,2.12690975942576E-13,1.38531280338545E-13));
#11074=DIRECTION('',(-4.71844785465725E-16,1.,2.16840434500571E-18));
#11075=DIRECTION('center_axis',(-1.38531280338545E-13,2.16840434494034E-18,
-1.));
#11076=DIRECTION('ref_axis',(-4.71844785465725E-16,1.,2.16840434500571E-18));
#11077=DIRECTION('',(1.,4.71844785465725E-16,-1.38531280338545E-13));
#11078=DIRECTION('center_axis',(-1.38531280338545E-13,2.16840434494034E-18,
-1.));
#11079=DIRECTION('ref_axis',(1.,4.71844785465725E-16,-1.38531280338545E-13));
#11080=DIRECTION('',(4.71844785465725E-16,-1.,-2.16840434500571E-18));
#11081=DIRECTION('center_axis',(-1.38531280338545E-13,-2.2182776449055E-15,
-1.));
#11082=DIRECTION('ref_axis',(-7.0582428790548E-14,-1.,2.21827764491528E-15));
#11083=DIRECTION('',(-1.,-4.71844785465725E-16,1.38531280338545E-13));
#11084=DIRECTION('center_axis',(-1.38531280338545E-13,2.16840434494034E-18,
-1.));
#11085=DIRECTION('ref_axis',(-1.,-5.37625499674687E-14,1.38531280338545E-13));
#11086=DIRECTION('',(-4.71844785465725E-16,1.,2.16840434500571E-18));
#11087=DIRECTION('center_axis',(-1.38531280338545E-13,2.16840434494034E-18,
-1.));
#11088=DIRECTION('ref_axis',(-4.71844785465725E-16,1.,2.16840434500571E-18));
#11089=DIRECTION('',(1.,4.71844785465725E-16,-1.38531280338545E-13));
#11090=DIRECTION('center_axis',(-1.38531280338545E-13,2.16840434494034E-18,
-1.));
#11091=DIRECTION('ref_axis',(1.,4.71844785465725E-16,-1.38531280338545E-13));
#11092=DIRECTION('',(4.71844785465725E-16,-1.,-2.16840434500571E-18));
#11093=DIRECTION('center_axis',(-1.38531280338545E-13,2.16840434494034E-18,
-1.));
#11094=DIRECTION('ref_axis',(-7.05824287905483E-14,-1.,-2.16840433516247E-18));
#11095=DIRECTION('',(-1.,-4.71844785465725E-16,1.38531280338545E-13));
#11096=DIRECTION('center_axis',(-1.38531280338545E-13,2.16840434494034E-18,
-1.));
#11097=DIRECTION('ref_axis',(-1.,2.12690975942576E-13,1.38531280338545E-13));
#11098=DIRECTION('',(-4.71844785465725E-16,1.,2.16840434500571E-18));
#11099=DIRECTION('center_axis',(-1.38531280338545E-13,2.16840434494034E-18,
-1.));
#11100=DIRECTION('ref_axis',(-4.71844785465725E-16,1.,2.16840434500571E-18));
#11101=DIRECTION('',(1.,4.71844785465725E-16,-1.38531280338545E-13));
#11102=DIRECTION('center_axis',(-1.38531280338545E-13,2.16840434494034E-18,
-1.));
#11103=DIRECTION('ref_axis',(1.,4.71844785465725E-16,-1.38531280338545E-13));
#11104=DIRECTION('',(4.71844785465725E-16,-1.,-2.16840434500571E-18));
#11105=DIRECTION('center_axis',(-1.38531280338545E-13,2.16840434494034E-18,
-1.));
#11106=DIRECTION('ref_axis',(7.15261183614798E-14,-1.,-2.16840435484895E-18));
#11107=DIRECTION('',(-1.,-4.71844785465725E-16,1.38531280338545E-13));
#11108=DIRECTION('center_axis',(-1.38531280338545E-13,2.16840434494034E-18,
-1.));
#11109=DIRECTION('ref_axis',(-1.,-5.37625499674687E-14,1.38531280338545E-13));
#11110=DIRECTION('',(-4.71844785465725E-16,1.,2.16840434500571E-18));
#11111=DIRECTION('center_axis',(-1.38531280338545E-13,2.16840434494034E-18,
-1.));
#11112=DIRECTION('ref_axis',(-4.71844785465725E-16,1.,2.16840434500571E-18));
#11113=DIRECTION('',(1.,4.71844785465725E-16,-1.38531280338545E-13));
#11114=DIRECTION('center_axis',(-1.38531280338545E-13,2.16840434494034E-18,
-1.));
#11115=DIRECTION('ref_axis',(1.,4.71844785465725E-16,-1.38531280338545E-13));
#11116=DIRECTION('',(4.71844785465725E-16,-1.,-2.16840434500571E-18));
#11117=DIRECTION('center_axis',(-1.38531280338545E-13,2.16840434494034E-18,
-1.));
#11118=DIRECTION('ref_axis',(4.71844785465725E-16,-1.,-2.16840434500571E-18));
#11119=DIRECTION('',(-1.,-4.71844785465725E-16,1.38531280338545E-13));
#11120=DIRECTION('center_axis',(-1.38531280338545E-13,2.16840434494034E-18,
-1.));
#11121=DIRECTION('ref_axis',(-1.,-5.37625499674687E-14,1.38531280338545E-13));
#11122=DIRECTION('',(-4.71844785465725E-16,1.,2.16840434500571E-18));
#11123=DIRECTION('center_axis',(-1.38531280338545E-13,2.16840434494034E-18,
-1.));
#11124=DIRECTION('ref_axis',(-4.71844785465725E-16,1.,2.16840434500571E-18));
#11125=DIRECTION('',(1.,4.71844785465725E-16,-1.38531280338545E-13));
#11126=DIRECTION('center_axis',(-1.38531280338545E-13,2.16840434494034E-18,
-1.));
#11127=DIRECTION('ref_axis',(1.,4.71844785465725E-16,-1.38531280338545E-13));
#11128=DIRECTION('',(4.71844785465725E-16,-1.,-2.16840434500571E-18));
#11129=DIRECTION('center_axis',(-1.38531280338545E-13,2.16840434494034E-18,
-1.));
#11130=DIRECTION('ref_axis',(-1.41636702366562E-13,-1.,-2.16840432531923E-18));
#11131=DIRECTION('',(-1.,-4.71844785465725E-16,1.38531280338545E-13));
#11132=DIRECTION('center_axis',(-1.38531280338545E-13,2.16840434494034E-18,
-1.));
#11133=DIRECTION('ref_axis',(-1.,2.12690975942576E-13,1.38531280338545E-13));
#11134=DIRECTION('',(-4.71844785465725E-16,1.,2.16840434500571E-18));
#11135=DIRECTION('center_axis',(-1.38531280338545E-13,2.16840434494034E-18,
-1.));
#11136=DIRECTION('ref_axis',(-4.71844785465725E-16,1.,2.16840434500571E-18));
#11137=DIRECTION('',(1.,4.71844785465725E-16,-1.38531280338545E-13));
#11138=DIRECTION('center_axis',(-1.38531280338545E-13,2.16840434494034E-18,
-1.));
#11139=DIRECTION('ref_axis',(1.,4.71844785465725E-16,-1.38531280338545E-13));
#11140=DIRECTION('',(4.71844785465725E-16,-1.,-2.16840434500571E-18));
#11141=DIRECTION('center_axis',(-1.38531280338545E-13,2.16840434494034E-18,
-1.));
#11142=DIRECTION('ref_axis',(4.71844785465725E-16,-1.,-2.16840434500571E-18));
#11143=DIRECTION('',(-1.,-4.71844785465725E-16,1.38531280338545E-13));
#11144=DIRECTION('center_axis',(-1.40751726387795E-13,2.16840434517595E-18,
-1.));
#11145=DIRECTION('ref_axis',(-1.,1.06109565578555E-13,1.40751726387795E-13));
#11146=DIRECTION('',(-4.71844785465725E-16,1.,2.16840434500571E-18));
#11147=DIRECTION('center_axis',(-1.38531280338545E-13,2.16840434494034E-18,
-1.));
#11148=DIRECTION('ref_axis',(-4.71844785465725E-16,1.,2.16840434500571E-18));
#11149=DIRECTION('',(1.,4.71844785465725E-16,-1.38531280338545E-13));
#11150=DIRECTION('center_axis',(-1.38531280338545E-13,2.16840434494034E-18,
-1.));
#11151=DIRECTION('ref_axis',(1.,4.71844785465725E-16,-1.38531280338545E-13));
#11152=DIRECTION('',(4.71844785465725E-16,-1.,-2.16840434500571E-18));
#11153=DIRECTION('center_axis',(-1.38531280338545E-13,2.16840434494034E-18,
-1.));
#11154=DIRECTION('ref_axis',(7.15261183614798E-14,-1.,-2.16840435484895E-18));
#11155=DIRECTION('',(-1.,-4.71844785465725E-16,1.38531280338545E-13));
#11156=DIRECTION('center_axis',(-1.38531280338545E-13,2.16840434494034E-18,
-1.));
#11157=DIRECTION('ref_axis',(-1.,-5.82034420659771E-14,1.38531280338545E-13));
#11158=DIRECTION('',(-4.71844785465725E-16,1.,2.16840434500571E-18));
#11159=DIRECTION('center_axis',(-1.38531280338545E-13,2.16840434494034E-18,
-1.));
#11160=DIRECTION('ref_axis',(-4.71844785465725E-16,1.,2.16840434500571E-18));
#11161=DIRECTION('',(1.,4.71844785465725E-16,-1.38531280338545E-13));
#11162=DIRECTION('center_axis',(-1.40751726387795E-13,2.16840434493929E-18,
-1.));
#11163=DIRECTION('ref_axis',(1.,4.71844785465725E-16,-1.40751726387795E-13));
#11164=DIRECTION('',(4.71844785465725E-16,-1.,-2.16840434500571E-18));
#11165=DIRECTION('center_axis',(-1.38531280338545E-13,2.22261445359538E-15,
-1.));
#11166=DIRECTION('ref_axis',(7.15261183614795E-14,-1.,-2.22261445360529E-15));
#11167=DIRECTION('',(-1.,-4.71844785465725E-16,1.38531280338545E-13));
#11168=DIRECTION('center_axis',(-1.38531280338545E-13,2.16840434494034E-18,
-1.));
#11169=DIRECTION('ref_axis',(-1.,-5.37625499674763E-14,1.38531280338545E-13));
#11170=DIRECTION('',(-4.71844785465725E-16,1.,2.16840434500571E-18));
#11171=DIRECTION('center_axis',(-1.38531280338545E-13,2.16840434494034E-18,
-1.));
#11172=DIRECTION('ref_axis',(-4.71844785465725E-16,1.,2.16840434500571E-18));
#11173=DIRECTION('',(1.,4.71844785465725E-16,-1.38531280338545E-13));
#11174=DIRECTION('center_axis',(-1.38531280338545E-13,2.16840434494034E-18,
-1.));
#11175=DIRECTION('ref_axis',(1.,4.71844785465725E-16,-1.38531280338545E-13));
#11176=DIRECTION('',(4.71844785465725E-16,-1.,-2.16840434500571E-18));
#11177=DIRECTION('center_axis',(-1.38531280338545E-13,-2.2182776449055E-15,
-1.));
#11178=DIRECTION('ref_axis',(-7.0582428790548E-14,-1.,2.21827764491528E-15));
#11179=DIRECTION('',(-1.,-4.71844785465725E-16,1.38531280338545E-13));
#11180=DIRECTION('center_axis',(-1.36310834289294E-13,2.16840434446807E-18,
-1.));
#11181=DIRECTION('ref_axis',(-1.,2.12690975942576E-13,1.36310834289294E-13));
#11182=DIRECTION('',(-4.71844785465725E-16,1.,2.16840434500571E-18));
#11183=DIRECTION('center_axis',(-1.38531280338545E-13,2.16840434494034E-18,
-1.));
#11184=DIRECTION('ref_axis',(-4.71844785465725E-16,1.,2.16840434500571E-18));
#11185=DIRECTION('',(1.,4.71844785465725E-16,-1.38531280338545E-13));
#11186=DIRECTION('center_axis',(-1.40751726387795E-13,2.16840434493929E-18,
-1.));
#11187=DIRECTION('ref_axis',(1.,4.71844785465725E-16,-1.40751726387795E-13));
#11188=DIRECTION('',(4.71844785465725E-16,-1.,-2.16840434500571E-18));
#11189=DIRECTION('center_axis',(-1.38531280338545E-13,2.22261445359538E-15,
-1.));
#11190=DIRECTION('ref_axis',(3.59989815734724E-14,-1.,-2.22261445360037E-15));
#11191=DIRECTION('',(-1.,-4.71844785465725E-16,1.38531280338545E-13));
#11192=DIRECTION('center_axis',(-1.38531280338545E-13,2.16840434494034E-18,
-1.));
#11193=DIRECTION('ref_axis',(-1.,-7.15261183614697E-14,1.38531280338545E-13));
#11194=DIRECTION('',(-4.71844785465725E-16,1.,2.16840434500571E-18));
#11195=DIRECTION('center_axis',(-1.38531280338545E-13,2.16840434494034E-18,
-1.));
#11196=DIRECTION('ref_axis',(-4.71844785465725E-16,1.,2.16840434500571E-18));
#11197=DIRECTION('',(1.,4.71844785465725E-16,-1.38531280338545E-13));
#11198=DIRECTION('center_axis',(-1.36310834289294E-13,2.16840434494139E-18,
-1.));
#11199=DIRECTION('ref_axis',(1.,4.71844785465725E-16,-1.36310834289294E-13));
#11200=DIRECTION('',(4.71844785465725E-16,-1.,-2.16840434500571E-18));
#11201=DIRECTION('center_axis',(-1.38531280338545E-13,2.16840434494034E-18,
-1.));
#11202=DIRECTION('ref_axis',(4.71844785465725E-16,-1.,-2.16840434500571E-18));
#11203=DIRECTION('',(-1.,-4.71844785465725E-16,1.38531280338545E-13));
#11204=DIRECTION('center_axis',(-1.38531280338545E-13,2.16840434494034E-18,
-1.));
#11205=DIRECTION('ref_axis',(-1.,1.0610956557854E-13,1.38531280338545E-13));
#11206=DIRECTION('',(-4.71844785465725E-16,1.,2.16840434500571E-18));
#11207=DIRECTION('center_axis',(-1.38531280338545E-13,2.16840434494034E-18,
-1.));
#11208=DIRECTION('ref_axis',(-4.71844785465725E-16,1.,2.16840434500571E-18));
#11209=DIRECTION('',(1.,4.71844785465725E-16,-1.38531280338545E-13));
#11210=DIRECTION('center_axis',(-1.38531280338545E-13,2.16840434494034E-18,
-1.));
#11211=DIRECTION('ref_axis',(1.,4.71844785465725E-16,-1.38531280338545E-13));
#11212=DIRECTION('',(4.71844785465725E-16,-1.,-2.16840434500571E-18));
#11213=DIRECTION('center_axis',(-1.38531280338545E-13,2.16840434494034E-18,
-1.));
#11214=DIRECTION('ref_axis',(-7.05824287905483E-14,-1.,-2.16840433516247E-18));
#11215=DIRECTION('',(-1.,-4.71844785465725E-16,1.38531280338545E-13));
#11216=DIRECTION('center_axis',(-1.38531280338545E-13,2.16840434494034E-18,
-1.));
#11217=DIRECTION('ref_axis',(-1.,2.12690975942546E-13,1.38531280338545E-13));
#11218=DIRECTION('',(-4.71844785465725E-16,1.,2.16840434500571E-18));
#11219=DIRECTION('center_axis',(-1.38531280338545E-13,2.16840434494034E-18,
-1.));
#11220=DIRECTION('ref_axis',(-4.71844785465725E-16,1.,2.16840434500571E-18));
#11221=DIRECTION('',(1.,4.71844785465725E-16,-1.38531280338545E-13));
#11222=DIRECTION('center_axis',(-1.38531280338545E-13,2.16840434494034E-18,
-1.));
#11223=DIRECTION('ref_axis',(1.,4.71844785465725E-16,-1.38531280338545E-13));
#11224=DIRECTION('',(4.71844785465725E-16,-1.,-2.16840434500571E-18));
#11225=DIRECTION('center_axis',(-1.38531280338545E-13,2.16840434494034E-18,
-1.));
#11226=DIRECTION('ref_axis',(-7.05824287905483E-14,-1.,-2.16840433516247E-18));
#11227=DIRECTION('',(-1.,-4.71844785465725E-16,1.38531280338545E-13));
#11228=DIRECTION('center_axis',(-1.38531280338545E-13,2.16840434494034E-18,
-1.));
#11229=DIRECTION('ref_axis',(-1.,2.12690975942576E-13,1.38531280338545E-13));
#11230=DIRECTION('',(-4.71844785465725E-16,1.,2.16840434500571E-18));
#11231=DIRECTION('center_axis',(-1.38531280338545E-13,2.16840434494034E-18,
-1.));
#11232=DIRECTION('ref_axis',(-4.71844785465725E-16,1.,2.16840434500571E-18));
#11233=DIRECTION('',(1.,4.71844785465725E-16,-1.38531280338545E-13));
#11234=DIRECTION('center_axis',(-1.38531280338545E-13,2.16840434494034E-18,
-1.));
#11235=DIRECTION('ref_axis',(1.,4.71844785465725E-16,-1.38531280338545E-13));
#11236=DIRECTION('',(4.71844785465725E-16,-1.,-2.16840434500571E-18));
#11237=DIRECTION('center_axis',(-1.38531280338545E-13,2.16840434494034E-18,
-1.));
#11238=DIRECTION('ref_axis',(-7.05824287905483E-14,-1.,-2.16840433516247E-18));
#11239=DIRECTION('',(-1.,-4.71844785465725E-16,1.38531280338545E-13));
#11240=DIRECTION('center_axis',(-1.38531280338545E-13,2.16840434494034E-18,
-1.));
#11241=DIRECTION('ref_axis',(-1.,-7.15261183614798E-14,1.38531280338545E-13));
#11242=DIRECTION('',(-4.71844785465725E-16,1.,2.16840434500571E-18));
#11243=DIRECTION('center_axis',(-1.38531280338545E-13,2.16840434494034E-18,
-1.));
#11244=DIRECTION('ref_axis',(-4.71844785465725E-16,1.,2.16840434500571E-18));
#11245=DIRECTION('',(1.,4.71844785465725E-16,-1.38531280338545E-13));
#11246=DIRECTION('center_axis',(-1.38531280338545E-13,2.16840434494034E-18,
-1.));
#11247=DIRECTION('ref_axis',(1.,4.71844785465725E-16,-1.38531280338545E-13));
#11248=DIRECTION('',(4.71844785465725E-16,-1.,-2.16840434500571E-18));
#11249=DIRECTION('center_axis',(-1.38531280338545E-13,2.16840434494034E-18,
-1.));
#11250=DIRECTION('ref_axis',(4.71844785465725E-16,-1.,-2.16840434500571E-18));
#11251=DIRECTION('',(-1.,-4.71844785465725E-16,1.38531280338545E-13));
#11252=DIRECTION('center_axis',(-1.38531280338545E-13,2.16840434494034E-18,
-1.));
#11253=DIRECTION('ref_axis',(-1.,-7.15261183614697E-14,1.38531280338545E-13));
#11254=DIRECTION('',(-4.71844785465725E-16,1.,2.16840434500571E-18));
#11255=DIRECTION('',(3.00391830196249E-31,1.,2.16840434494034E-18));
#11256=DIRECTION('',(1.,3.00391830196249E-31,-1.38531280338545E-13));
#11257=DIRECTION('',(-3.00391830196249E-31,-1.,-2.16840434494034E-18));
#11258=DIRECTION('',(-1.,-3.00391830196249E-31,1.38531280338545E-13));
#11259=DIRECTION('center_axis',(-1.3840881565863E-13,2.16840434494043E-18,
-1.));
#11260=DIRECTION('ref_axis',(0.707106781186558,-0.707106781186537,-9.76597509301294E-14));
#11261=DIRECTION('center_axis',(1.38531280338545E-13,-2.16840434494034E-18,
1.));
#11262=DIRECTION('ref_axis',(1.,4.71844785465725E-16,-1.38531280338545E-13));
#11263=DIRECTION('',(1.,4.71844785465725E-16,-1.38531280338545E-13));
#11264=DIRECTION('center_axis',(1.38531280338545E-13,-2.16840434494034E-18,
1.));
#11265=DIRECTION('ref_axis',(3.59989815734728E-14,-1.,-2.16840434992732E-18));
#11266=DIRECTION('',(-4.71844785465725E-16,1.,2.16840434500571E-18));
#11267=DIRECTION('center_axis',(1.38531280338545E-13,-2.16840434494034E-18,
1.));
#11268=DIRECTION('ref_axis',(1.,4.71844785465725E-16,-1.38531280338545E-13));
#11269=DIRECTION('',(1.,4.71844785465725E-16,-1.38531280338545E-13));
#11270=DIRECTION('center_axis',(1.38531280338545E-13,-2.16840434494034E-18,
1.));
#11271=DIRECTION('ref_axis',(3.59989815734728E-14,-1.,-2.16840434992732E-18));
#11272=DIRECTION('',(-4.71844785465725E-16,1.,2.16840434500571E-18));
#11273=DIRECTION('center_axis',(1.38531280338545E-13,-2.16840434494034E-18,
1.));
#11274=DIRECTION('ref_axis',(1.,4.71844785465725E-16,-1.38531280338545E-13));
#11275=DIRECTION('',(1.,4.71844785465725E-16,-1.38531280338545E-13));
#11276=DIRECTION('center_axis',(1.38531280338545E-13,-2.16840434494034E-18,
1.));
#11277=DIRECTION('ref_axis',(4.71844785465725E-16,-1.,-2.16840434500571E-18));
#11278=DIRECTION('',(-4.71844785465725E-16,1.,2.16840434500571E-18));
#11279=DIRECTION('center_axis',(1.38531280338545E-13,-2.16840434494034E-18,
1.));
#11280=DIRECTION('ref_axis',(1.,4.71844785465725E-16,-1.38531280338545E-13));
#11281=DIRECTION('',(1.,4.71844785465725E-16,-1.38531280338545E-13));
#11282=DIRECTION('center_axis',(1.38531280338545E-13,-2.16840434494034E-18,
1.));
#11283=DIRECTION('ref_axis',(-7.05824287905483E-14,-1.,-2.16840433516247E-18));
#11284=DIRECTION('',(-4.71844785465725E-16,1.,2.16840434500571E-18));
#11285=DIRECTION('center_axis',(1.38531280338545E-13,-2.16840434494034E-18,
1.));
#11286=DIRECTION('ref_axis',(1.,4.71844785465725E-16,-1.38531280338545E-13));
#11287=DIRECTION('',(1.,1.97683283299016E-81,-1.38531280338545E-13));
#11288=DIRECTION('center_axis',(-1.38531280338545E-13,2.16840434494034E-18,
-1.));
#11289=DIRECTION('ref_axis',(0.707106781186547,0.707106781186547,0.));
#11290=DIRECTION('',(1.97683283299016E-81,-1.,-2.16840434494034E-18));
#11291=DIRECTION('center_axis',(-1.38531280338545E-13,2.16840434494034E-18,
-1.));
#11292=DIRECTION('ref_axis',(0.707106781186547,-0.707106781186547,0.));
#11293=DIRECTION('center_axis',(1.38531280338545E-13,-2.16840434494034E-18,
1.));
#11294=DIRECTION('ref_axis',(-4.71844785465725E-16,1.,2.16840434500571E-18));
#11295=DIRECTION('',(4.71844785465725E-16,-1.,-2.16840434500571E-18));
#11296=DIRECTION('center_axis',(1.38531280338545E-13,-2.16840434494034E-18,
1.));
#11297=DIRECTION('ref_axis',(-1.,-7.15261183614697E-14,1.38531280338545E-13));
#11298=DIRECTION('',(1.,4.71844785465725E-16,-1.38531280338545E-13));
#11299=DIRECTION('center_axis',(1.38531280338545E-13,-2.16840434494034E-18,
1.));
#11300=DIRECTION('ref_axis',(4.71844785465725E-16,-1.,-2.16840434500571E-18));
#11301=DIRECTION('',(-4.71844785465725E-16,1.,2.16840434500571E-18));
#11302=DIRECTION('center_axis',(1.38531280338545E-13,-2.16840434494034E-18,
1.));
#11303=DIRECTION('ref_axis',(1.,4.71844785465725E-16,-1.38531280338545E-13));
#11304=DIRECTION('',(-1.,-4.71844785465725E-16,1.38531280338545E-13));
#11305=DIRECTION('center_axis',(1.38531280338545E-13,-2.16840434494034E-18,
1.));
#11306=DIRECTION('ref_axis',(-4.71844785465725E-16,1.,2.16840434500571E-18));
#11307=DIRECTION('',(4.71844785465725E-16,-1.,-2.16840434500571E-18));
#11308=DIRECTION('center_axis',(1.38531280338545E-13,-2.16840434494034E-18,
1.));
#11309=DIRECTION('ref_axis',(-1.,-7.15261183614798E-14,1.38531280338545E-13));
#11310=DIRECTION('',(1.,4.71844785465725E-16,-1.38531280338545E-13));
#11311=DIRECTION('center_axis',(1.38531280338545E-13,-2.16840434494034E-18,
1.));
#11312=DIRECTION('ref_axis',(-7.05824287905483E-14,-1.,-2.16840433516247E-18));
#11313=DIRECTION('',(-4.71844785465725E-16,1.,2.16840434500571E-18));
#11314=DIRECTION('center_axis',(1.38531280338545E-13,-2.16840434494034E-18,
1.));
#11315=DIRECTION('ref_axis',(1.,4.71844785465725E-16,-1.38531280338545E-13));
#11316=DIRECTION('',(-1.,-4.71844785465725E-16,1.38531280338545E-13));
#11317=DIRECTION('center_axis',(1.38531280338545E-13,-2.16840434494034E-18,
1.));
#11318=DIRECTION('ref_axis',(-4.71844785465725E-16,1.,2.16840434500571E-18));
#11319=DIRECTION('',(4.71844785465725E-16,-1.,-2.16840434500571E-18));
#11320=DIRECTION('center_axis',(1.38531280338545E-13,-2.16840434494034E-18,
1.));
#11321=DIRECTION('ref_axis',(-1.,2.12690975942576E-13,1.38531280338545E-13));
#11322=DIRECTION('',(1.,4.71844785465725E-16,-1.38531280338545E-13));
#11323=DIRECTION('center_axis',(1.38531280338545E-13,-2.16840434494034E-18,
1.));
#11324=DIRECTION('ref_axis',(-7.05824287905483E-14,-1.,-2.16840433516247E-18));
#11325=DIRECTION('',(-4.71844785465725E-16,1.,2.16840434500571E-18));
#11326=DIRECTION('center_axis',(1.38531280338545E-13,-2.16840434494034E-18,
1.));
#11327=DIRECTION('ref_axis',(1.,4.71844785465725E-16,-1.38531280338545E-13));
#11328=DIRECTION('',(-1.,-4.71844785465725E-16,1.38531280338545E-13));
#11329=DIRECTION('center_axis',(1.38531280338545E-13,-2.16840434494034E-18,
1.));
#11330=DIRECTION('ref_axis',(-4.71844785465725E-16,1.,2.16840434500571E-18));
#11331=DIRECTION('',(4.71844785465725E-16,-1.,-2.16840434500571E-18));
#11332=DIRECTION('center_axis',(1.38531280338545E-13,-2.16840434494034E-18,
1.));
#11333=DIRECTION('ref_axis',(-1.,2.12690975942546E-13,1.38531280338545E-13));
#11334=DIRECTION('',(1.,4.71844785465725E-16,-1.38531280338545E-13));
#11335=DIRECTION('center_axis',(1.38531280338545E-13,-2.16840434494034E-18,
1.));
#11336=DIRECTION('ref_axis',(-7.05824287905483E-14,-1.,-2.16840433516247E-18));
#11337=DIRECTION('',(-4.71844785465725E-16,1.,2.16840434500571E-18));
#11338=DIRECTION('center_axis',(1.38531280338545E-13,-2.16840434494034E-18,
1.));
#11339=DIRECTION('ref_axis',(1.,4.71844785465725E-16,-1.38531280338545E-13));
#11340=DIRECTION('',(-1.,-4.71844785465725E-16,1.38531280338545E-13));
#11341=DIRECTION('center_axis',(1.38531280338545E-13,-2.16840434494034E-18,
1.));
#11342=DIRECTION('ref_axis',(-4.71844785465725E-16,1.,2.16840434500571E-18));
#11343=DIRECTION('',(4.71844785465725E-16,-1.,-2.16840434500571E-18));
#11344=DIRECTION('center_axis',(1.38531280338545E-13,-2.16840434494034E-18,
1.));
#11345=DIRECTION('ref_axis',(-1.,1.0610956557854E-13,1.38531280338545E-13));
#11346=DIRECTION('',(1.,4.71844785465725E-16,-1.38531280338545E-13));
#11347=DIRECTION('center_axis',(1.38531280338545E-13,-2.16840434494034E-18,
1.));
#11348=DIRECTION('ref_axis',(4.71844785465725E-16,-1.,-2.16840434500571E-18));
#11349=DIRECTION('',(-4.71844785465725E-16,1.,2.16840434500571E-18));
#11350=DIRECTION('center_axis',(1.36310834289294E-13,-2.16840434494139E-18,
1.));
#11351=DIRECTION('ref_axis',(1.,4.71844785465725E-16,-1.36310834289294E-13));
#11352=DIRECTION('',(-1.,-4.71844785465725E-16,1.38531280338545E-13));
#11353=DIRECTION('center_axis',(1.38531280338545E-13,-2.16840434494034E-18,
1.));
#11354=DIRECTION('ref_axis',(-4.71844785465725E-16,1.,2.16840434500571E-18));
#11355=DIRECTION('',(4.71844785465725E-16,-1.,-2.16840434500571E-18));
#11356=DIRECTION('center_axis',(1.38531280338545E-13,-2.16840434494034E-18,
1.));
#11357=DIRECTION('ref_axis',(-1.,-7.15261183614697E-14,1.38531280338545E-13));
#11358=DIRECTION('',(1.,4.71844785465725E-16,-1.38531280338545E-13));
#11359=DIRECTION('center_axis',(1.38531280338545E-13,-2.22261445359538E-15,
1.));
#11360=DIRECTION('ref_axis',(3.59989815734724E-14,-1.,-2.22261445360037E-15));
#11361=DIRECTION('',(-4.71844785465725E-16,1.,2.16840434500571E-18));
#11362=DIRECTION('center_axis',(1.40751726387795E-13,-2.16840434493929E-18,
1.));
#11363=DIRECTION('ref_axis',(1.,4.71844785465725E-16,-1.40751726387795E-13));
#11364=DIRECTION('',(-1.,-4.71844785465725E-16,1.38531280338545E-13));
#11365=DIRECTION('center_axis',(1.38531280338545E-13,-2.16840434494034E-18,
1.));
#11366=DIRECTION('ref_axis',(-4.71844785465725E-16,1.,2.16840434500571E-18));
#11367=DIRECTION('',(4.71844785465725E-16,-1.,-2.16840434500571E-18));
#11368=DIRECTION('center_axis',(1.36310834289294E-13,-2.16840434446807E-18,
1.));
#11369=DIRECTION('ref_axis',(-1.,2.12690975942576E-13,1.36310834289294E-13));
#11370=DIRECTION('',(1.,4.71844785465725E-16,-1.38531280338545E-13));
#11371=DIRECTION('center_axis',(1.38531280338545E-13,2.2182776449055E-15,
1.));
#11372=DIRECTION('ref_axis',(-7.0582428790548E-14,-1.,2.21827764491528E-15));
#11373=DIRECTION('',(-4.71844785465725E-16,1.,2.16840434500571E-18));
#11374=DIRECTION('center_axis',(1.38531280338545E-13,-2.16840434494034E-18,
1.));
#11375=DIRECTION('ref_axis',(1.,4.71844785465725E-16,-1.38531280338545E-13));
#11376=DIRECTION('',(-1.,-4.71844785465725E-16,1.38531280338545E-13));
#11377=DIRECTION('center_axis',(1.38531280338545E-13,-2.16840434494034E-18,
1.));
#11378=DIRECTION('ref_axis',(-4.71844785465725E-16,1.,2.16840434500571E-18));
#11379=DIRECTION('',(4.71844785465725E-16,-1.,-2.16840434500571E-18));
#11380=DIRECTION('center_axis',(1.38531280338545E-13,-2.16840434494034E-18,
1.));
#11381=DIRECTION('ref_axis',(-1.,-5.37625499674763E-14,1.38531280338545E-13));
#11382=DIRECTION('',(1.,4.71844785465725E-16,-1.38531280338545E-13));
#11383=DIRECTION('center_axis',(1.38531280338545E-13,-2.22261445359538E-15,
1.));
#11384=DIRECTION('ref_axis',(7.15261183614795E-14,-1.,-2.22261445360529E-15));
#11385=DIRECTION('',(-4.71844785465725E-16,1.,2.16840434500571E-18));
#11386=DIRECTION('center_axis',(1.40751726387795E-13,-2.16840434493929E-18,
1.));
#11387=DIRECTION('ref_axis',(1.,4.71844785465725E-16,-1.40751726387795E-13));
#11388=DIRECTION('',(-1.,-4.71844785465725E-16,1.38531280338545E-13));
#11389=DIRECTION('center_axis',(1.38531280338545E-13,-2.16840434494034E-18,
1.));
#11390=DIRECTION('ref_axis',(-4.71844785465725E-16,1.,2.16840434500571E-18));
#11391=DIRECTION('',(4.71844785465725E-16,-1.,-2.16840434500571E-18));
#11392=DIRECTION('center_axis',(1.38531280338545E-13,-2.16840434494034E-18,
1.));
#11393=DIRECTION('ref_axis',(-1.,-5.82034420659771E-14,1.38531280338545E-13));
#11394=DIRECTION('',(1.,4.71844785465725E-16,-1.38531280338545E-13));
#11395=DIRECTION('center_axis',(1.38531280338545E-13,-2.16840434494034E-18,
1.));
#11396=DIRECTION('ref_axis',(7.15261183614798E-14,-1.,-2.16840435484895E-18));
#11397=DIRECTION('',(-4.71844785465725E-16,1.,2.16840434500571E-18));
#11398=DIRECTION('center_axis',(1.38531280338545E-13,-2.16840434494034E-18,
1.));
#11399=DIRECTION('ref_axis',(1.,4.71844785465725E-16,-1.38531280338545E-13));
#11400=DIRECTION('',(-1.,-4.71844785465725E-16,1.38531280338545E-13));
#11401=DIRECTION('center_axis',(1.38531280338545E-13,-2.16840434494034E-18,
1.));
#11402=DIRECTION('ref_axis',(-4.71844785465725E-16,1.,2.16840434500571E-18));
#11403=DIRECTION('',(4.71844785465725E-16,-1.,-2.16840434500571E-18));
#11404=DIRECTION('center_axis',(1.40751726387795E-13,-2.16840434517595E-18,
1.));
#11405=DIRECTION('ref_axis',(-1.,1.06109565578555E-13,1.40751726387795E-13));
#11406=DIRECTION('',(1.,4.71844785465725E-16,-1.38531280338545E-13));
#11407=DIRECTION('center_axis',(1.38531280338545E-13,-2.16840434494034E-18,
1.));
#11408=DIRECTION('ref_axis',(4.71844785465725E-16,-1.,-2.16840434500571E-18));
#11409=DIRECTION('',(-4.71844785465725E-16,1.,2.16840434500571E-18));
#11410=DIRECTION('center_axis',(1.38531280338545E-13,-2.16840434494034E-18,
1.));
#11411=DIRECTION('ref_axis',(1.,4.71844785465725E-16,-1.38531280338545E-13));
#11412=DIRECTION('',(-1.,-4.71844785465725E-16,1.38531280338545E-13));
#11413=DIRECTION('center_axis',(1.38531280338545E-13,-2.16840434494034E-18,
1.));
#11414=DIRECTION('ref_axis',(-4.71844785465725E-16,1.,2.16840434500571E-18));
#11415=DIRECTION('',(4.71844785465725E-16,-1.,-2.16840434500571E-18));
#11416=DIRECTION('center_axis',(1.38531280338545E-13,-2.16840434494034E-18,
1.));
#11417=DIRECTION('ref_axis',(-1.,2.12690975942576E-13,1.38531280338545E-13));
#11418=DIRECTION('',(1.,4.71844785465725E-16,-1.38531280338545E-13));
#11419=DIRECTION('center_axis',(1.38531280338545E-13,-2.16840434494034E-18,
1.));
#11420=DIRECTION('ref_axis',(-1.41636702366562E-13,-1.,-2.16840432531923E-18));
#11421=DIRECTION('',(-4.71844785465725E-16,1.,2.16840434500571E-18));
#11422=DIRECTION('center_axis',(1.38531280338545E-13,-2.16840434494034E-18,
1.));
#11423=DIRECTION('ref_axis',(1.,4.71844785465725E-16,-1.38531280338545E-13));
#11424=DIRECTION('',(-1.,-4.71844785465725E-16,1.38531280338545E-13));
#11425=DIRECTION('center_axis',(1.38531280338545E-13,-2.16840434494034E-18,
1.));
#11426=DIRECTION('ref_axis',(-4.71844785465725E-16,1.,2.16840434500571E-18));
#11427=DIRECTION('',(4.71844785465725E-16,-1.,-2.16840434500571E-18));
#11428=DIRECTION('center_axis',(1.38531280338545E-13,-2.16840434494034E-18,
1.));
#11429=DIRECTION('ref_axis',(-1.,-5.37625499674687E-14,1.38531280338545E-13));
#11430=DIRECTION('',(1.,4.71844785465725E-16,-1.38531280338545E-13));
#11431=DIRECTION('center_axis',(1.38531280338545E-13,-2.16840434494034E-18,
1.));
#11432=DIRECTION('ref_axis',(4.71844785465725E-16,-1.,-2.16840434500571E-18));
#11433=DIRECTION('',(-4.71844785465725E-16,1.,2.16840434500571E-18));
#11434=DIRECTION('center_axis',(1.38531280338545E-13,-2.16840434494034E-18,
1.));
#11435=DIRECTION('ref_axis',(1.,4.71844785465725E-16,-1.38531280338545E-13));
#11436=DIRECTION('',(-1.,-4.71844785465725E-16,1.38531280338545E-13));
#11437=DIRECTION('center_axis',(1.38531280338545E-13,-2.16840434494034E-18,
1.));
#11438=DIRECTION('ref_axis',(-4.71844785465725E-16,1.,2.16840434500571E-18));
#11439=DIRECTION('',(4.71844785465725E-16,-1.,-2.16840434500571E-18));
#11440=DIRECTION('center_axis',(1.38531280338545E-13,-2.16840434494034E-18,
1.));
#11441=DIRECTION('ref_axis',(-1.,-5.37625499674687E-14,1.38531280338545E-13));
#11442=DIRECTION('',(1.,4.71844785465725E-16,-1.38531280338545E-13));
#11443=DIRECTION('center_axis',(1.38531280338545E-13,-2.16840434494034E-18,
1.));
#11444=DIRECTION('ref_axis',(7.15261183614798E-14,-1.,-2.16840435484895E-18));
#11445=DIRECTION('',(-4.71844785465725E-16,1.,2.16840434500571E-18));
#11446=DIRECTION('center_axis',(1.38531280338545E-13,-2.16840434494034E-18,
1.));
#11447=DIRECTION('ref_axis',(1.,4.71844785465725E-16,-1.38531280338545E-13));
#11448=DIRECTION('',(-1.,-4.71844785465725E-16,1.38531280338545E-13));
#11449=DIRECTION('center_axis',(1.38531280338545E-13,-2.16840434494034E-18,
1.));
#11450=DIRECTION('ref_axis',(-4.71844785465725E-16,1.,2.16840434500571E-18));
#11451=DIRECTION('',(4.71844785465725E-16,-1.,-2.16840434500571E-18));
#11452=DIRECTION('center_axis',(1.38531280338545E-13,-2.16840434494034E-18,
1.));
#11453=DIRECTION('ref_axis',(-1.,2.12690975942576E-13,1.38531280338545E-13));
#11454=DIRECTION('',(1.,4.71844785465725E-16,-1.38531280338545E-13));
#11455=DIRECTION('center_axis',(1.38531280338545E-13,-2.16840434494034E-18,
1.));
#11456=DIRECTION('ref_axis',(-7.05824287905483E-14,-1.,-2.16840433516247E-18));
#11457=DIRECTION('',(-4.71844785465725E-16,1.,2.16840434500571E-18));
#11458=DIRECTION('center_axis',(1.38531280338545E-13,-2.16840434494034E-18,
1.));
#11459=DIRECTION('ref_axis',(1.,4.71844785465725E-16,-1.38531280338545E-13));
#11460=DIRECTION('',(-1.,-4.71844785465725E-16,1.38531280338545E-13));
#11461=DIRECTION('center_axis',(1.38531280338545E-13,-2.16840434494034E-18,
1.));
#11462=DIRECTION('ref_axis',(-4.71844785465725E-16,1.,2.16840434500571E-18));
#11463=DIRECTION('',(4.71844785465725E-16,-1.,-2.16840434500571E-18));
#11464=DIRECTION('center_axis',(1.38531280338545E-13,-2.16840434494034E-18,
1.));
#11465=DIRECTION('ref_axis',(-1.,-5.37625499674687E-14,1.38531280338545E-13));
#11466=DIRECTION('',(1.,4.71844785465725E-16,-1.38531280338545E-13));
#11467=DIRECTION('center_axis',(1.38531280338545E-13,2.2182776449055E-15,
1.));
#11468=DIRECTION('ref_axis',(-7.0582428790548E-14,-1.,2.21827764491528E-15));
#11469=DIRECTION('',(-4.71844785465725E-16,1.,2.16840434500571E-18));
#11470=DIRECTION('center_axis',(1.38531280338545E-13,-2.16840434494034E-18,
1.));
#11471=DIRECTION('ref_axis',(1.,4.71844785465725E-16,-1.38531280338545E-13));
#11472=DIRECTION('',(-1.,-4.71844785465725E-16,1.38531280338545E-13));
#11473=DIRECTION('center_axis',(1.38531280338545E-13,-2.16840434494034E-18,
1.));
#11474=DIRECTION('ref_axis',(-4.71844785465725E-16,1.,2.16840434500571E-18));
#11475=DIRECTION('',(4.71844785465725E-16,-1.,-2.16840434500571E-18));
#11476=DIRECTION('center_axis',(1.38531280338545E-13,-2.16840434494034E-18,
1.));
#11477=DIRECTION('ref_axis',(-1.,2.12690975942576E-13,1.38531280338545E-13));
#11478=DIRECTION('',(1.,4.71844785465725E-16,-1.38531280338545E-13));
#11479=DIRECTION('center_axis',(1.38531280338545E-13,-2.16840434494034E-18,
1.));
#11480=DIRECTION('ref_axis',(7.15261183614798E-14,-1.,-2.16840435484895E-18));
#11481=DIRECTION('',(-4.71844785465725E-16,1.,2.16840434500571E-18));
#11482=DIRECTION('center_axis',(1.38531280338545E-13,-2.16840434494034E-18,
1.));
#11483=DIRECTION('ref_axis',(1.,4.71844785465725E-16,-1.38531280338545E-13));
#11484=DIRECTION('',(-1.,-4.71844785465725E-16,1.38531280338545E-13));
#11485=DIRECTION('center_axis',(1.38531280338545E-13,-2.16840434494034E-18,
1.));
#11486=DIRECTION('ref_axis',(-4.71844785465725E-16,1.,2.16840434500571E-18));
#11487=DIRECTION('',(4.71844785465725E-16,-1.,-2.16840434500571E-18));
#11488=DIRECTION('center_axis',(1.38531280338545E-13,-2.16840434494034E-18,
1.));
#11489=DIRECTION('ref_axis',(-1.,-5.82034420659771E-14,1.38531280338545E-13));
#11490=DIRECTION('',(1.,4.71844785465725E-16,-1.38531280338545E-13));
#11491=DIRECTION('center_axis',(1.38531280338545E-13,-2.22261445359538E-15,
1.));
#11492=DIRECTION('ref_axis',(3.59989815734724E-14,-1.,-2.22261445360037E-15));
#11493=DIRECTION('',(-4.71844785465725E-16,1.,2.16840434500571E-18));
#11494=DIRECTION('center_axis',(1.40751726387795E-13,-2.16840434493929E-18,
1.));
#11495=DIRECTION('ref_axis',(1.,4.71844785465725E-16,-1.40751726387795E-13));
#11496=DIRECTION('',(-1.,-4.71844785465725E-16,1.38531280338545E-13));
#11497=DIRECTION('center_axis',(1.38531280338545E-13,-2.16840434494034E-18,
1.));
#11498=DIRECTION('ref_axis',(-4.71844785465725E-16,1.,2.16840434500571E-18));
#11499=DIRECTION('',(4.71844785465725E-16,-1.,-2.16840434500571E-18));
#11500=DIRECTION('center_axis',(1.38531280338545E-13,-2.16840434494034E-18,
1.));
#11501=DIRECTION('ref_axis',(-1.,-7.15261183614798E-14,1.38531280338545E-13));
#11502=DIRECTION('',(1.,4.71844785465725E-16,-1.38531280338545E-13));
#11503=DIRECTION('center_axis',(1.38531280338545E-13,-2.16840434494034E-18,
1.));
#11504=DIRECTION('ref_axis',(7.15261183614798E-14,-1.,-2.16840435484895E-18));
#11505=DIRECTION('',(-4.71844785465725E-16,1.,2.16840434500571E-18));
#11506=DIRECTION('center_axis',(1.38531280338545E-13,-2.16840434494034E-18,
1.));
#11507=DIRECTION('ref_axis',(1.,4.71844785465725E-16,-1.38531280338545E-13));
#11508=DIRECTION('',(-1.,-4.71844785465725E-16,1.38531280338545E-13));
#11509=DIRECTION('center_axis',(1.38531280338545E-13,-2.16840434494034E-18,
1.));
#11510=DIRECTION('ref_axis',(-4.71844785465725E-16,1.,2.16840434500571E-18));
#11511=DIRECTION('',(4.71844785465725E-16,-1.,-2.16840434500571E-18));
#11512=DIRECTION('center_axis',(1.38531280338545E-13,-2.16840434494034E-18,
1.));
#11513=DIRECTION('ref_axis',(-1.,2.12690975942576E-13,1.38531280338545E-13));
#11514=DIRECTION('',(1.,4.71844785465725E-16,-1.38531280338545E-13));
#11515=DIRECTION('center_axis',(1.38531280338545E-13,-2.16840434494034E-18,
1.));
#11516=DIRECTION('ref_axis',(7.15261183614798E-14,-1.,-2.16840435484895E-18));
#11517=DIRECTION('',(-4.71844785465725E-16,1.,2.16840434500571E-18));
#11518=DIRECTION('center_axis',(1.38531280338545E-13,-2.16840434494034E-18,
1.));
#11519=DIRECTION('ref_axis',(1.,4.71844785465725E-16,-1.38531280338545E-13));
#11520=DIRECTION('',(-1.,-4.71844785465725E-16,1.38531280338545E-13));
#11521=DIRECTION('center_axis',(1.38531280338545E-13,-2.16840434494034E-18,
1.));
#11522=DIRECTION('ref_axis',(-4.71844785465725E-16,1.,2.16840434500571E-18));
#11523=DIRECTION('',(4.71844785465725E-16,-1.,-2.16840434500571E-18));
#11524=DIRECTION('center_axis',(1.38531280338545E-13,-2.16840434494034E-18,
1.));
#11525=DIRECTION('ref_axis',(-1.,-5.37625499674687E-14,1.38531280338545E-13));
#11526=DIRECTION('',(1.,4.71844785465725E-16,-1.38531280338545E-13));
#11527=DIRECTION('center_axis',(1.38531280338545E-13,-2.16840434494034E-18,
1.));
#11528=DIRECTION('ref_axis',(7.15261183614798E-14,-1.,-2.16840435484895E-18));
#11529=DIRECTION('',(-4.71844785465725E-16,1.,2.16840434500571E-18));
#11530=DIRECTION('center_axis',(1.38531280338545E-13,-2.16840434494034E-18,
1.));
#11531=DIRECTION('ref_axis',(1.,4.71844785465725E-16,-1.38531280338545E-13));
#11532=DIRECTION('',(-1.,-4.71844785465725E-16,1.38531280338545E-13));
#11533=DIRECTION('center_axis',(1.38531280338545E-13,-2.16840434494034E-18,
1.));
#11534=DIRECTION('ref_axis',(-4.71844785465725E-16,1.,2.16840434500571E-18));
#11535=DIRECTION('',(4.71844785465725E-16,-1.,-2.16840434500571E-18));
#11536=DIRECTION('center_axis',(1.36310834289295E-13,-2.16840434446807E-18,
1.));
#11537=DIRECTION('ref_axis',(-1.,2.12690975942546E-13,1.36310834289295E-13));
#11538=DIRECTION('',(1.,4.71844785465725E-16,-1.38531280338545E-13));
#11539=DIRECTION('center_axis',(1.38531280338545E-13,2.2182776449055E-15,
1.));
#11540=DIRECTION('ref_axis',(3.59989815734731E-14,-1.,2.21827764490051E-15));
#11541=DIRECTION('',(-4.71844785465725E-16,1.,2.16840434500571E-18));
#11542=DIRECTION('center_axis',(1.38531280338545E-13,-2.16840434494034E-18,
1.));
#11543=DIRECTION('ref_axis',(1.,4.71844785465725E-16,-1.38531280338545E-13));
#11544=DIRECTION('',(-1.,-4.71844785465725E-16,1.38531280338545E-13));
#11545=DIRECTION('center_axis',(1.38531280338545E-13,-2.16840434494034E-18,
1.));
#11546=DIRECTION('ref_axis',(-4.71844785465725E-16,1.,2.16840434500571E-18));
#11547=DIRECTION('',(4.71844785465725E-16,-1.,-2.16840434500571E-18));
#11548=DIRECTION('center_axis',(1.38531280338545E-13,-2.16840434494034E-18,
1.));
#11549=DIRECTION('ref_axis',(-1.,2.12690975942576E-13,1.38531280338545E-13));
#11550=DIRECTION('',(1.,4.71844785465725E-16,-1.38531280338545E-13));
#11551=DIRECTION('center_axis',(1.38531280338545E-13,-2.16840434494034E-18,
1.));
#11552=DIRECTION('ref_axis',(7.15261183614798E-14,-1.,-2.16840435484895E-18));
#11553=DIRECTION('',(-4.71844785465725E-16,1.,2.16840434500571E-18));
#11554=DIRECTION('center_axis',(1.38531280338545E-13,-2.16840434494034E-18,
1.));
#11555=DIRECTION('ref_axis',(1.,4.71844785465725E-16,-1.38531280338545E-13));
#11556=DIRECTION('',(-1.,-4.71844785465725E-16,1.38531280338545E-13));
#11557=DIRECTION('center_axis',(1.38531280338545E-13,-2.16840434494034E-18,
1.));
#11558=DIRECTION('ref_axis',(-4.71844785465725E-16,1.,2.16840434500571E-18));
#11559=DIRECTION('',(4.71844785465725E-16,-1.,-2.16840434500571E-18));
#11560=DIRECTION('center_axis',(1.40751726387795E-13,-2.16840434478152E-18,
1.));
#11561=DIRECTION('ref_axis',(-1.,-7.15261183614697E-14,1.40751726387795E-13));
#11562=DIRECTION('',(1.,4.71844785465725E-16,-1.38531280338545E-13));
#11563=DIRECTION('center_axis',(1.38531280338545E-13,-2.16840434494034E-18,
1.));
#11564=DIRECTION('ref_axis',(-7.05824287905483E-14,-1.,-2.16840433516247E-18));
#11565=DIRECTION('',(-4.71844785465725E-16,1.,2.16840434500571E-18));
#11566=DIRECTION('center_axis',(1.38531280338545E-13,-2.16840434494034E-18,
1.));
#11567=DIRECTION('ref_axis',(1.,4.71844785465725E-16,-1.38531280338545E-13));
#11568=DIRECTION('',(-1.,-4.71844785465725E-16,1.38531280338545E-13));
#11569=DIRECTION('center_axis',(1.38531280338545E-13,-2.16840434494034E-18,
1.));
#11570=DIRECTION('ref_axis',(-4.71844785465725E-16,1.,2.16840434500571E-18));
#11571=DIRECTION('',(4.71844785465725E-16,-1.,-2.16840434500571E-18));
#11572=DIRECTION('center_axis',(1.38531280338545E-13,-2.16840434494034E-18,
1.));
#11573=DIRECTION('ref_axis',(-1.,-5.37625499674687E-14,1.38531280338545E-13));
#11574=DIRECTION('',(1.,4.71844785465725E-16,-1.38531280338545E-13));
#11575=DIRECTION('center_axis',(1.38531280338545E-13,-2.16840434494034E-18,
1.));
#11576=DIRECTION('ref_axis',(-7.05824287905483E-14,-1.,-2.16840433516247E-18));
#11577=DIRECTION('',(-4.71844785465725E-16,1.,2.16840434500571E-18));
#11578=DIRECTION('center_axis',(1.38531280338545E-13,-2.16840434494034E-18,
1.));
#11579=DIRECTION('ref_axis',(1.,4.71844785465725E-16,-1.38531280338545E-13));
#11580=DIRECTION('',(-1.,-4.71844785465725E-16,1.38531280338545E-13));
#11581=DIRECTION('center_axis',(1.38531280338545E-13,-2.16840434494034E-18,
1.));
#11582=DIRECTION('ref_axis',(-4.71844785465725E-16,1.,2.16840434500571E-18));
#11583=DIRECTION('',(4.71844785465725E-16,-1.,-2.16840434500571E-18));
#11584=DIRECTION('center_axis',(1.38531280338545E-13,-2.16840434494034E-18,
1.));
#11585=DIRECTION('ref_axis',(-1.,-7.15261183614697E-14,1.38531280338545E-13));
#11586=DIRECTION('',(1.,4.71844785465725E-16,-1.38531280338545E-13));
#11587=DIRECTION('center_axis',(1.38531280338545E-13,-2.16840434494034E-18,
1.));
#11588=DIRECTION('ref_axis',(7.15261183614798E-14,-1.,-2.16840435484895E-18));
#11589=DIRECTION('',(-4.71844785465725E-16,1.,2.16840434500571E-18));
#11590=DIRECTION('center_axis',(1.38531280338545E-13,-2.16840434494034E-18,
1.));
#11591=DIRECTION('ref_axis',(1.,4.71844785465725E-16,-1.38531280338545E-13));
#11592=DIRECTION('',(-1.,-4.71844785465725E-16,1.38531280338545E-13));
#11593=DIRECTION('center_axis',(1.38531280338545E-13,-2.16840434494034E-18,
1.));
#11594=DIRECTION('ref_axis',(-4.71844785465725E-16,1.,2.16840434500571E-18));
#11595=DIRECTION('',(4.71844785465725E-16,-1.,-2.16840434500571E-18));
#11596=DIRECTION('center_axis',(1.38531280338545E-13,-2.16840434494034E-18,
1.));
#11597=DIRECTION('ref_axis',(-1.,1.06109565578555E-13,1.38531280338545E-13));
#11598=DIRECTION('',(1.,4.71844785465725E-16,-1.38531280338545E-13));
#11599=DIRECTION('center_axis',(1.38531280338545E-13,-2.16840434494034E-18,
1.));
#11600=DIRECTION('ref_axis',(7.15261183614798E-14,-1.,-2.16840435484895E-18));
#11601=DIRECTION('',(-4.71844785465725E-16,1.,2.16840434500571E-18));
#11602=DIRECTION('center_axis',(1.38531280338545E-13,-2.16840434494034E-18,
1.));
#11603=DIRECTION('ref_axis',(1.,4.71844785465725E-16,-1.38531280338545E-13));
#11604=DIRECTION('',(-1.,-4.71844785465725E-16,1.38531280338545E-13));
#11605=DIRECTION('center_axis',(1.38531280338545E-13,-2.16840434494034E-18,
1.));
#11606=DIRECTION('ref_axis',(-4.71844785465725E-16,1.,2.16840434500571E-18));
#11607=DIRECTION('',(4.71844785465725E-16,-1.,-2.16840434500571E-18));
#11608=DIRECTION('center_axis',(1.40751726387795E-13,-2.16840434545205E-18,
1.));
#11609=DIRECTION('ref_axis',(-1.,2.30454544336547E-13,1.40751726387795E-13));
#11610=DIRECTION('',(1.,4.71844785465725E-16,-1.38531280338545E-13));
#11611=DIRECTION('center_axis',(1.38531280338545E-13,-2.16840434494034E-18,
1.));
#11612=DIRECTION('ref_axis',(3.59989815734728E-14,-1.,-2.16840434992732E-18));
#11613=DIRECTION('',(-4.71844785465725E-16,1.,2.16840434500571E-18));
#11614=DIRECTION('center_axis',(1.38531280338545E-13,-2.16840434494034E-18,
1.));
#11615=DIRECTION('ref_axis',(1.,4.71844785465725E-16,-1.38531280338545E-13));
#11616=DIRECTION('',(-1.,-4.71844785465725E-16,1.38531280338545E-13));
#11617=DIRECTION('center_axis',(1.38531280338545E-13,-2.16840434494034E-18,
1.));
#11618=DIRECTION('ref_axis',(-4.71844785465725E-16,1.,2.16840434500571E-18));
#11619=DIRECTION('',(4.71844785465725E-16,-1.,-2.16840434500571E-18));
#11620=DIRECTION('center_axis',(1.38531280338545E-13,-2.16840434494034E-18,
1.));
#11621=DIRECTION('ref_axis',(-1.,-7.15261183614798E-14,1.38531280338545E-13));
#11622=DIRECTION('',(1.,4.71844785465725E-16,-1.38531280338545E-13));
#11623=DIRECTION('center_axis',(1.38531280338545E-13,-2.16840434494034E-18,
1.));
#11624=DIRECTION('ref_axis',(-7.05824287905483E-14,-1.,-2.16840433516247E-18));
#11625=DIRECTION('',(-4.71844785465725E-16,1.,2.16840434500571E-18));
#11626=DIRECTION('center_axis',(1.38531280338545E-13,-2.16840434494034E-18,
1.));
#11627=DIRECTION('ref_axis',(1.,4.71844785465725E-16,-1.38531280338545E-13));
#11628=DIRECTION('',(-1.,-4.71844785465725E-16,1.38531280338545E-13));
#11629=DIRECTION('center_axis',(1.38531280338545E-13,-2.16840434494034E-18,
1.));
#11630=DIRECTION('ref_axis',(-4.71844785465725E-16,1.,2.16840434500571E-18));
#11631=DIRECTION('',(4.71844785465725E-16,-1.,-2.16840434500571E-18));
#11632=DIRECTION('center_axis',(1.38531280338545E-13,-2.16840434494034E-18,
1.));
#11633=DIRECTION('ref_axis',(-1.,-5.82034420659689E-14,1.38531280338545E-13));
#11634=DIRECTION('',(1.,4.71844785465725E-16,-1.38531280338545E-13));
#11635=DIRECTION('center_axis',(1.38531280338545E-13,-2.16840434494034E-18,
1.));
#11636=DIRECTION('ref_axis',(-7.05824287905483E-14,-1.,-2.16840433516247E-18));
#11637=DIRECTION('',(-4.71844785465725E-16,1.,2.16840434500571E-18));
#11638=DIRECTION('center_axis',(1.38531280338545E-13,-2.16840434494034E-18,
1.));
#11639=DIRECTION('ref_axis',(1.,4.71844785465725E-16,-1.38531280338545E-13));
#11640=DIRECTION('',(-1.,-4.71844785465725E-16,1.38531280338545E-13));
#11641=DIRECTION('center_axis',(1.38531280338545E-13,-2.16840434494034E-18,
1.));
#11642=DIRECTION('ref_axis',(-4.71844785465725E-16,1.,2.16840434500571E-18));
#11643=DIRECTION('',(4.71844785465725E-16,-1.,-2.16840434500571E-18));
#11644=DIRECTION('center_axis',(1.38531280338545E-13,-2.16840434494034E-18,
1.));
#11645=DIRECTION('ref_axis',(-1.,-5.82034420659771E-14,1.38531280338545E-13));
#11646=DIRECTION('',(1.,4.71844785465725E-16,-1.38531280338545E-13));
#11647=DIRECTION('center_axis',(1.38531280338545E-13,-2.16840434494034E-18,
1.));
#11648=DIRECTION('ref_axis',(-7.05824287905483E-14,-1.,-2.16840433516247E-18));
#11649=DIRECTION('',(-4.71844785465725E-16,1.,2.16840434500571E-18));
#11650=DIRECTION('center_axis',(1.38531280338545E-13,-2.16840434494034E-18,
1.));
#11651=DIRECTION('ref_axis',(1.,4.71844785465725E-16,-1.38531280338545E-13));
#11652=DIRECTION('',(-1.,-4.71844785465725E-16,1.38531280338545E-13));
#11653=DIRECTION('center_axis',(1.38531280338545E-13,-2.16840434494034E-18,
1.));
#11654=DIRECTION('ref_axis',(-4.71844785465725E-16,1.,2.16840434500571E-18));
#11655=DIRECTION('',(4.71844785465725E-16,-1.,-2.16840434500571E-18));
#11656=DIRECTION('center_axis',(1.40751726387795E-13,-2.16840434541261E-18,
1.));
#11657=DIRECTION('ref_axis',(-1.,2.12690975942576E-13,1.40751726387795E-13));
#11658=DIRECTION('',(1.,4.71844785465725E-16,-1.38531280338545E-13));
#11659=DIRECTION('center_axis',(1.38531280338545E-13,-2.16840434494034E-18,
1.));
#11660=DIRECTION('ref_axis',(-7.05824287905483E-14,-1.,-2.16840433516247E-18));
#11661=DIRECTION('',(-4.71844785465725E-16,1.,2.16840434500571E-18));
#11662=DIRECTION('center_axis',(1.38531280338545E-13,-2.16840434494034E-18,
1.));
#11663=DIRECTION('ref_axis',(1.,4.71844785465725E-16,-1.38531280338545E-13));
#11664=DIRECTION('',(-1.,-4.71844785465725E-16,1.38531280338545E-13));
#11665=DIRECTION('center_axis',(1.38531280338545E-13,-2.16840434494034E-18,
1.));
#11666=DIRECTION('ref_axis',(-4.71844785465725E-16,1.,2.16840434500571E-18));
#11667=DIRECTION('',(4.71844785465725E-16,-1.,-2.16840434500571E-18));
#11668=DIRECTION('center_axis',(1.36310834289294E-13,-2.16840434505972E-18,
1.));
#11669=DIRECTION('ref_axis',(-1.,-5.37625499674763E-14,1.36310834289294E-13));
#11670=DIRECTION('',(1.,4.71844785465725E-16,-1.38531280338545E-13));
#11671=DIRECTION('center_axis',(1.38531280338545E-13,2.2182776449055E-15,
1.));
#11672=DIRECTION('ref_axis',(-7.0582428790548E-14,-1.,2.21827764491528E-15));
#11673=DIRECTION('',(-4.71844785465725E-16,1.,2.16840434500571E-18));
#11674=DIRECTION('center_axis',(1.38531280338545E-13,-2.16840434494034E-18,
1.));
#11675=DIRECTION('ref_axis',(1.,4.71844785465725E-16,-1.38531280338545E-13));
#11676=DIRECTION('',(-1.,-4.71844785465725E-16,1.38531280338545E-13));
#11677=DIRECTION('center_axis',(1.38531280338545E-13,-2.16840434494034E-18,
1.));
#11678=DIRECTION('ref_axis',(-4.71844785465725E-16,1.,2.16840434500571E-18));
#11679=DIRECTION('',(4.71844785465725E-16,-1.,-2.16840434500571E-18));
#11680=DIRECTION('center_axis',(1.38531280338545E-13,-2.16840434494034E-18,
1.));
#11681=DIRECTION('ref_axis',(-1.,-7.15261183614697E-14,1.38531280338545E-13));
#11682=DIRECTION('',(1.,4.71844785465725E-16,-1.38531280338545E-13));
#11683=DIRECTION('center_axis',(1.38531280338545E-13,-2.16840434494034E-18,
1.));
#11684=DIRECTION('ref_axis',(4.71844785465725E-16,-1.,-2.16840434500571E-18));
#11685=DIRECTION('',(-4.71844785465725E-16,1.,2.16840434500571E-18));
#11686=DIRECTION('center_axis',(1.38531280338545E-13,-2.16840434494034E-18,
1.));
#11687=DIRECTION('ref_axis',(1.,4.71844785465725E-16,-1.38531280338545E-13));
#11688=DIRECTION('',(-1.,-4.71844785465725E-16,1.38531280338545E-13));
#11689=DIRECTION('center_axis',(1.38531280338545E-13,-2.16840434494034E-18,
1.));
#11690=DIRECTION('ref_axis',(-4.71844785465725E-16,1.,2.16840434500571E-18));
#11691=DIRECTION('',(4.71844785465725E-16,-1.,-2.16840434500571E-18));
#11692=DIRECTION('center_axis',(1.38531280338545E-13,-2.16840434494034E-18,
1.));
#11693=DIRECTION('ref_axis',(-1.,-5.37625499674763E-14,1.38531280338545E-13));
#11694=DIRECTION('',(1.,4.71844785465725E-16,-1.38531280338545E-13));
#11695=DIRECTION('center_axis',(1.38531280338545E-13,-2.16840434494034E-18,
1.));
#11696=DIRECTION('ref_axis',(-7.05824287905483E-14,-1.,-2.16840433516247E-18));
#11697=DIRECTION('',(-4.71844785465725E-16,1.,2.16840434500571E-18));
#11698=DIRECTION('center_axis',(1.38531280338545E-13,-2.16840434494034E-18,
1.));
#11699=DIRECTION('ref_axis',(1.,4.71844785465725E-16,-1.38531280338545E-13));
#11700=DIRECTION('',(-1.,-4.71844785465725E-16,1.38531280338545E-13));
#11701=DIRECTION('center_axis',(1.38531280338545E-13,-2.16840434494034E-18,
1.));
#11702=DIRECTION('ref_axis',(-4.71844785465725E-16,1.,2.16840434500571E-18));
#11703=DIRECTION('',(4.71844785465725E-16,-1.,-2.16840434500571E-18));
#11704=DIRECTION('center_axis',(1.38531280338545E-13,-2.16840434494034E-18,
1.));
#11705=DIRECTION('ref_axis',(-1.,2.30454544336547E-13,1.38531280338545E-13));
#11706=DIRECTION('',(1.,4.71844785465725E-16,-1.38531280338545E-13));
#11707=DIRECTION('center_axis',(1.38531280338545E-13,-2.16840434494034E-18,
1.));
#11708=DIRECTION('ref_axis',(3.59989815734728E-14,-1.,-2.16840434992732E-18));
#11709=DIRECTION('',(-4.71844785465725E-16,1.,2.16840434500571E-18));
#11710=DIRECTION('center_axis',(1.36310834289294E-13,-2.1684043443103E-18,
1.));
#11711=DIRECTION('ref_axis',(1.,-2.8374524951859E-13,-1.36310834289294E-13));
#11712=DIRECTION('',(-1.,-4.71844785465725E-16,1.38531280338545E-13));
#11713=DIRECTION('center_axis',(1.38531280338545E-13,-2.16840434494034E-18,
1.));
#11714=DIRECTION('ref_axis',(-4.71844785465725E-16,1.,2.16840434500571E-18));
#11715=DIRECTION('',(4.71844785465725E-16,-1.,-2.16840434500571E-18));
#11716=DIRECTION('center_axis',(1.38531280338545E-13,-2.16840434494034E-18,
1.));
#11717=DIRECTION('ref_axis',(-1.,-5.37625499674763E-14,1.38531280338545E-13));
#11718=DIRECTION('',(1.,4.71844785465725E-16,-1.38531280338545E-13));
#11719=DIRECTION('center_axis',(1.38531280338545E-13,-2.16840434494034E-18,
1.));
#11720=DIRECTION('ref_axis',(7.15261183614798E-14,-1.,-2.16840435484895E-18));
#11721=DIRECTION('',(-4.71844785465725E-16,1.,2.16840434500571E-18));
#11722=DIRECTION('center_axis',(1.38531280338545E-13,-2.16840434494034E-18,
1.));
#11723=DIRECTION('ref_axis',(1.,4.71844785465725E-16,-1.38531280338545E-13));
#11724=DIRECTION('',(-1.,-4.71844785465725E-16,1.38531280338545E-13));
#11725=DIRECTION('center_axis',(1.38531280338545E-13,-2.16840434494034E-18,
1.));
#11726=DIRECTION('ref_axis',(-4.71844785465725E-16,1.,2.16840434500571E-18));
#11727=DIRECTION('',(4.71844785465725E-16,-1.,-2.16840434500571E-18));
#11728=DIRECTION('center_axis',(1.38531280338545E-13,-2.16840434494034E-18,
1.));
#11729=DIRECTION('ref_axis',(-1.,2.12690975942546E-13,1.38531280338545E-13));
#11730=DIRECTION('',(1.,4.71844785465725E-16,-1.38531280338545E-13));
#11731=DIRECTION('center_axis',(1.38531280338545E-13,-2.16840434494034E-18,
1.));
#11732=DIRECTION('ref_axis',(-7.05824287905483E-14,-1.,-2.16840433516247E-18));
#11733=DIRECTION('',(-4.71844785465725E-16,1.,2.16840434500571E-18));
#11734=DIRECTION('center_axis',(1.38531280338545E-13,-2.16840434494034E-18,
1.));
#11735=DIRECTION('ref_axis',(1.,4.71844785465725E-16,-1.38531280338545E-13));
#11736=DIRECTION('',(-1.,-4.71844785465725E-16,1.38531280338545E-13));
#11737=DIRECTION('center_axis',(1.38531280338545E-13,-2.16840434494034E-18,
1.));
#11738=DIRECTION('ref_axis',(-4.71844785465725E-16,1.,2.16840434500571E-18));
#11739=DIRECTION('',(4.71844785465725E-16,-1.,-2.16840434500571E-18));
#11740=DIRECTION('center_axis',(1.38531280338545E-13,-2.16840434494034E-18,
1.));
#11741=DIRECTION('ref_axis',(-1.,2.12690975942576E-13,1.38531280338545E-13));
#11742=DIRECTION('',(1.,4.71844785465725E-16,-1.38531280338545E-13));
#11743=DIRECTION('center_axis',(1.38531280338545E-13,-2.16840434494034E-18,
1.));
#11744=DIRECTION('ref_axis',(7.15261183614798E-14,-1.,-2.16840435484895E-18));
#11745=DIRECTION('',(-4.71844785465725E-16,1.,2.16840434500571E-18));
#11746=DIRECTION('center_axis',(1.38531280338545E-13,-2.16840434494034E-18,
1.));
#11747=DIRECTION('ref_axis',(1.,4.71844785465725E-16,-1.38531280338545E-13));
#11748=DIRECTION('',(-1.,-4.71844785465725E-16,1.38531280338545E-13));
#11749=DIRECTION('center_axis',(1.38531280338545E-13,-2.16840434494034E-18,
1.));
#11750=DIRECTION('ref_axis',(-4.71844785465725E-16,1.,2.16840434500571E-18));
#11751=DIRECTION('',(4.71844785465725E-16,-1.,-2.16840434500571E-18));
#11752=DIRECTION('center_axis',(1.38531280338545E-13,-2.16840434494034E-18,
1.));
#11753=DIRECTION('ref_axis',(-1.,2.12690975942576E-13,1.38531280338545E-13));
#11754=DIRECTION('',(1.,4.71844785465725E-16,-1.38531280338545E-13));
#11755=DIRECTION('center_axis',(1.38531280338545E-13,-2.16840434494034E-18,
1.));
#11756=DIRECTION('ref_axis',(7.15261183614798E-14,-1.,-2.16840435484895E-18));
#11757=DIRECTION('',(-4.71844785465725E-16,1.,2.16840434500571E-18));
#11758=DIRECTION('center_axis',(1.38531280338545E-13,-2.16840434494034E-18,
1.));
#11759=DIRECTION('ref_axis',(1.,4.71844785465725E-16,-1.38531280338545E-13));
#11760=DIRECTION('',(-1.,-4.71844785465725E-16,1.38531280338545E-13));
#11761=DIRECTION('center_axis',(1.38531280338545E-13,-2.16840434494034E-18,
1.));
#11762=DIRECTION('ref_axis',(-4.71844785465725E-16,1.,2.16840434500571E-18));
#11763=DIRECTION('',(4.71844785465725E-16,-1.,-2.16840434500571E-18));
#11764=DIRECTION('center_axis',(1.38531280338545E-13,-2.16840434494034E-18,
1.));
#11765=DIRECTION('ref_axis',(-1.,-5.37625499674687E-14,1.38531280338545E-13));
#11766=DIRECTION('',(1.,4.71844785465725E-16,-1.38531280338545E-13));
#11767=DIRECTION('center_axis',(1.38531280338545E-13,-2.16840434494034E-18,
1.));
#11768=DIRECTION('ref_axis',(7.15261183614798E-14,-1.,-2.16840435484895E-18));
#11769=DIRECTION('',(-4.71844785465725E-16,1.,2.16840434500571E-18));
#11770=DIRECTION('center_axis',(1.38531280338545E-13,-2.16840434494034E-18,
1.));
#11771=DIRECTION('ref_axis',(1.,4.71844785465725E-16,-1.38531280338545E-13));
#11772=DIRECTION('',(-1.,-4.71844785465725E-16,1.38531280338545E-13));
#11773=DIRECTION('center_axis',(1.38531280338545E-13,-2.16840434494034E-18,
1.));
#11774=DIRECTION('ref_axis',(-4.71844785465725E-16,1.,2.16840434500571E-18));
#11775=DIRECTION('',(4.71844785465725E-16,-1.,-2.16840434500571E-18));
#11776=DIRECTION('center_axis',(1.38531280338545E-13,-2.16840434494034E-18,
1.));
#11777=DIRECTION('ref_axis',(-1.,-5.37625499674763E-14,1.38531280338545E-13));
#11778=DIRECTION('',(1.,4.71844785465725E-16,-1.38531280338545E-13));
#11779=DIRECTION('center_axis',(1.38531280338545E-13,-2.16840434494034E-18,
1.));
#11780=DIRECTION('ref_axis',(7.15261183614798E-14,-1.,-2.16840435484895E-18));
#11781=DIRECTION('',(-4.71844785465725E-16,1.,2.16840434500571E-18));
#11782=DIRECTION('center_axis',(1.38531280338545E-13,-2.16840434494034E-18,
1.));
#11783=DIRECTION('ref_axis',(1.,4.71844785465725E-16,-1.38531280338545E-13));
#11784=DIRECTION('',(-1.,-4.71844785465725E-16,1.38531280338545E-13));
#11785=DIRECTION('center_axis',(1.38531280338545E-13,-2.16840434494034E-18,
1.));
#11786=DIRECTION('ref_axis',(-4.71844785465725E-16,1.,2.16840434500571E-18));
#11787=DIRECTION('',(4.71844785465725E-16,-1.,-2.16840434500571E-18));
#11788=DIRECTION('center_axis',(1.36310834289295E-13,-2.16840434509916E-18,
1.));
#11789=DIRECTION('ref_axis',(-1.,-7.15261183614697E-14,1.36310834289295E-13));
#11790=DIRECTION('',(1.,4.71844785465725E-16,-1.38531280338545E-13));
#11791=DIRECTION('center_axis',(1.38531280338545E-13,2.2182776449055E-15,
1.));
#11792=DIRECTION('ref_axis',(-7.0582428790548E-14,-1.,2.21827764491528E-15));
#11793=DIRECTION('',(-4.71844785465725E-16,1.,2.16840434500571E-18));
#11794=DIRECTION('center_axis',(1.38531280338545E-13,-2.16840434494034E-18,
1.));
#11795=DIRECTION('ref_axis',(1.,4.71844785465725E-16,-1.38531280338545E-13));
#11796=DIRECTION('',(-1.,-4.71844785465725E-16,1.38531280338545E-13));
#11797=DIRECTION('center_axis',(1.38531280338545E-13,-2.16840434494034E-18,
1.));
#11798=DIRECTION('ref_axis',(-4.71844785465725E-16,1.,2.16840434500571E-18));
#11799=DIRECTION('',(4.71844785465725E-16,-1.,-2.16840434500571E-18));
#11800=DIRECTION('center_axis',(1.38531280338545E-13,-2.16840434494034E-18,
1.));
#11801=DIRECTION('ref_axis',(-1.,-5.37625499674687E-14,1.38531280338545E-13));
#11802=DIRECTION('',(1.,4.71844785465725E-16,-1.38531280338545E-13));
#11803=DIRECTION('center_axis',(1.38531280338545E-13,-2.16840434494034E-18,
1.));
#11804=DIRECTION('ref_axis',(3.59989815734728E-14,-1.,-2.16840434992732E-18));
#11805=DIRECTION('',(-4.71844785465725E-16,1.,2.16840434500571E-18));
#11806=DIRECTION('center_axis',(1.38531280338545E-13,-2.16840434494034E-18,
1.));
#11807=DIRECTION('ref_axis',(1.,4.71844785465725E-16,-1.38531280338545E-13));
#11808=DIRECTION('',(-1.,-4.71844785465725E-16,1.38531280338545E-13));
#11809=DIRECTION('center_axis',(1.38531280338545E-13,-2.16840434494034E-18,
1.));
#11810=DIRECTION('ref_axis',(-4.71844785465725E-16,1.,2.16840434500571E-18));
#11811=DIRECTION('',(4.71844785465725E-16,-1.,-2.16840434500571E-18));
#11812=DIRECTION('center_axis',(1.38531280338545E-13,-2.16840434494034E-18,
1.));
#11813=DIRECTION('ref_axis',(-1.,2.3045454433658E-13,1.38531280338545E-13));
#11814=DIRECTION('',(1.,4.71844785465725E-16,-1.38531280338545E-13));
#11815=DIRECTION('center_axis',(1.38531280338545E-13,-2.16840434494034E-18,
1.));
#11816=DIRECTION('ref_axis',(-7.05824287905483E-14,-1.,-2.16840433516247E-18));
#11817=DIRECTION('',(-4.71844785465725E-16,1.,2.16840434500571E-18));
#11818=DIRECTION('center_axis',(1.38531280338545E-13,-2.16840434494034E-18,
1.));
#11819=DIRECTION('ref_axis',(1.,4.71844785465725E-16,-1.38531280338545E-13));
#11820=DIRECTION('',(-1.,-4.71844785465725E-16,1.38531280338545E-13));
#11821=DIRECTION('center_axis',(1.38531280338545E-13,-2.16840434494034E-18,
1.));
#11822=DIRECTION('ref_axis',(-4.71844785465725E-16,1.,2.16840434500571E-18));
#11823=DIRECTION('',(4.71844785465725E-16,-1.,-2.16840434500571E-18));
#11824=DIRECTION('center_axis',(1.38531280338545E-13,-2.16840434494034E-18,
1.));
#11825=DIRECTION('ref_axis',(-1.,2.3045454433658E-13,1.38531280338545E-13));
#11826=DIRECTION('',(1.,4.71844785465725E-16,-1.38531280338545E-13));
#11827=DIRECTION('center_axis',(1.38531280338545E-13,-2.16840434494034E-18,
1.));
#11828=DIRECTION('ref_axis',(-7.05824287905483E-14,-1.,-2.16840433516247E-18));
#11829=DIRECTION('',(-4.71844785465725E-16,1.,2.16840434500571E-18));
#11830=DIRECTION('center_axis',(1.38531280338545E-13,-2.16840434494034E-18,
1.));
#11831=DIRECTION('ref_axis',(1.,4.71844785465725E-16,-1.38531280338545E-13));
#11832=DIRECTION('',(-1.,-4.71844785465725E-16,1.38531280338545E-13));
#11833=DIRECTION('center_axis',(1.38531280338545E-13,-2.16840434494034E-18,
1.));
#11834=DIRECTION('ref_axis',(-4.71844785465725E-16,1.,2.16840434500571E-18));
#11835=DIRECTION('',(4.71844785465725E-16,-1.,-2.16840434500571E-18));
#11836=DIRECTION('center_axis',(1.38531280338545E-13,-2.16840434494034E-18,
1.));
#11837=DIRECTION('ref_axis',(-1.,-5.37625499674763E-14,1.38531280338545E-13));
#11838=DIRECTION('',(1.,4.71844785465725E-16,-1.38531280338545E-13));
#11839=DIRECTION('center_axis',(1.38531280338545E-13,-2.16840434494034E-18,
1.));
#11840=DIRECTION('ref_axis',(-7.05824287905483E-14,-1.,-2.16840433516247E-18));
#11841=DIRECTION('',(-4.71844785465725E-16,1.,2.16840434500571E-18));
#11842=DIRECTION('center_axis',(1.38531280338545E-13,-2.16840434494034E-18,
1.));
#11843=DIRECTION('ref_axis',(1.,4.71844785465725E-16,-1.38531280338545E-13));
#11844=DIRECTION('',(-1.,-4.71844785465725E-16,1.38531280338545E-13));
#11845=DIRECTION('center_axis',(1.38531280338545E-13,-2.16840434494034E-18,
1.));
#11846=DIRECTION('ref_axis',(-4.71844785465725E-16,1.,2.16840434500571E-18));
#11847=DIRECTION('',(4.71844785465725E-16,-1.,-2.16840434500571E-18));
#11848=DIRECTION('center_axis',(1.38531280338545E-13,-2.16840434494034E-18,
1.));
#11849=DIRECTION('ref_axis',(-1.,-5.82034420659771E-14,1.38531280338545E-13));
#11850=DIRECTION('',(1.,4.71844785465725E-16,-1.38531280338545E-13));
#11851=DIRECTION('center_axis',(1.38531280338545E-13,-2.16840434494034E-18,
1.));
#11852=DIRECTION('ref_axis',(7.15261183614798E-14,-1.,-2.16840435484895E-18));
#11853=DIRECTION('',(-4.71844785465725E-16,1.,2.16840434500571E-18));
#11854=DIRECTION('center_axis',(1.38531280338545E-13,-2.16840434494034E-18,
1.));
#11855=DIRECTION('ref_axis',(1.,4.71844785465725E-16,-1.38531280338545E-13));
#11856=DIRECTION('',(-1.,-4.71844785465725E-16,1.38531280338545E-13));
#11857=DIRECTION('center_axis',(1.38531280338545E-13,-2.16840434494034E-18,
1.));
#11858=DIRECTION('ref_axis',(-4.71844785465725E-16,1.,2.16840434500571E-18));
#11859=DIRECTION('',(4.71844785465725E-16,-1.,-2.16840434500571E-18));
#11860=DIRECTION('center_axis',(1.38531280338545E-13,-2.16840434494034E-18,
1.));
#11861=DIRECTION('ref_axis',(-1.,-5.82034420659771E-14,1.38531280338545E-13));
#11862=DIRECTION('',(1.,4.71844785465725E-16,-1.38531280338545E-13));
#11863=DIRECTION('center_axis',(1.38531280338545E-13,-2.16840434494034E-18,
1.));
#11864=DIRECTION('ref_axis',(-7.05824287905483E-14,-1.,-2.16840433516247E-18));
#11865=DIRECTION('',(-4.71844785465725E-16,1.,2.16840434500571E-18));
#11866=DIRECTION('center_axis',(1.38531280338545E-13,-2.16840434494034E-18,
1.));
#11867=DIRECTION('ref_axis',(1.,4.71844785465725E-16,-1.38531280338545E-13));
#11868=DIRECTION('',(-1.,-4.71844785465725E-16,1.38531280338545E-13));
#11869=DIRECTION('center_axis',(1.38531280338545E-13,-2.16840434494034E-18,
1.));
#11870=DIRECTION('ref_axis',(-4.71844785465725E-16,1.,2.16840434500571E-18));
#11871=DIRECTION('',(4.71844785465725E-16,-1.,-2.16840434500571E-18));
#11872=DIRECTION('center_axis',(1.38531280338545E-13,-2.16840434494034E-18,
1.));
#11873=DIRECTION('ref_axis',(-1.,-1.78107528725476E-13,1.38531280338545E-13));
#11874=DIRECTION('',(1.,4.71844785465725E-16,-1.38531280338545E-13));
#11875=DIRECTION('center_axis',(1.38531280338545E-13,-2.16840434494034E-18,
1.));
#11876=DIRECTION('ref_axis',(1.42580391937453E-13,-1.,-2.16840436469218E-18));
#11877=DIRECTION('',(-4.71844785465725E-16,1.,2.16840434500571E-18));
#11878=DIRECTION('center_axis',(1.38531280338545E-13,-2.16840434494034E-18,
1.));
#11879=DIRECTION('ref_axis',(1.,4.71844785465725E-16,-1.38531280338545E-13));
#11880=DIRECTION('',(-1.,-4.71844785465725E-16,1.38531280338545E-13));
#11881=DIRECTION('center_axis',(1.38531280338545E-13,-2.16840434494034E-18,
1.));
#11882=DIRECTION('ref_axis',(-4.71844785465725E-16,1.,2.16840434500571E-18));
#11883=DIRECTION('',(4.71844785465725E-16,-1.,-2.16840434500571E-18));
#11884=DIRECTION('center_axis',(1.38531280338545E-13,-2.16840434494034E-18,
1.));
#11885=DIRECTION('ref_axis',(-1.,2.12690975942576E-13,1.38531280338545E-13));
#11886=DIRECTION('',(1.,4.71844785465725E-16,-1.38531280338545E-13));
#11887=DIRECTION('center_axis',(1.38531280338545E-13,-2.16840434494034E-18,
1.));
#11888=DIRECTION('ref_axis',(7.15261183614798E-14,-1.,-2.16840435484895E-18));
#11889=DIRECTION('',(-4.71844785465725E-16,1.,2.16840434500571E-18));
#11890=DIRECTION('center_axis',(1.36310834289294E-13,-2.16840434494139E-18,
1.));
#11891=DIRECTION('ref_axis',(1.,4.71844785465725E-16,-1.36310834289294E-13));
#11892=DIRECTION('',(-1.,-4.71844785465725E-16,1.38531280338545E-13));
#11893=DIRECTION('center_axis',(1.38531280338545E-13,-2.16840434494034E-18,
1.));
#11894=DIRECTION('ref_axis',(-4.71844785465725E-16,1.,2.16840434500571E-18));
#11895=DIRECTION('',(4.71844785465725E-16,-1.,-2.16840434500571E-18));
#11896=DIRECTION('center_axis',(1.38531280338545E-13,-2.16840434494034E-18,
1.));
#11897=DIRECTION('ref_axis',(-1.,1.06109565578555E-13,1.38531280338545E-13));
#11898=DIRECTION('',(1.,4.71844785465725E-16,-1.38531280338545E-13));
#11899=DIRECTION('center_axis',(1.38531280338545E-13,-2.16840434494034E-18,
1.));
#11900=DIRECTION('ref_axis',(7.15261183614798E-14,-1.,-2.16840435484895E-18));
#11901=DIRECTION('',(-4.71844785465725E-16,1.,2.16840434500571E-18));
#11902=DIRECTION('center_axis',(1.38531280338545E-13,-2.16840434494034E-18,
1.));
#11903=DIRECTION('ref_axis',(1.,4.71844785465725E-16,-1.38531280338545E-13));
#11904=DIRECTION('',(-1.,-4.71844785465725E-16,1.38531280338545E-13));
#11905=DIRECTION('',(-5.55111512312633E-17,1.,2.16840434494803E-18));
#11906=DIRECTION('',(-1.,-5.55111512312635E-17,1.38531280338545E-13));
#11907=DIRECTION('',(5.55111512312633E-17,-1.,-2.16840434494803E-18));
#11908=DIRECTION('',(1.,5.55111512312635E-17,-1.38531280338545E-13));
#11909=DIRECTION('center_axis',(0.,0.,-1.));
#11910=DIRECTION('ref_axis',(0.707106781186547,0.707106781186547,0.));
#11911=DIRECTION('',(0.,0.,-1.));
#11912=DIRECTION('',(0.,0.,1.));
#11913=DIRECTION('center_axis',(-1.,-1.97683283299016E-81,0.));
#11914=DIRECTION('ref_axis',(-1.97683283299016E-81,1.,0.));
#11915=DIRECTION('',(0.,0.,-1.));
#11916=DIRECTION('center_axis',(0.,0.,-1.));
#11917=DIRECTION('ref_axis',(0.707106781186547,-0.707106781186547,0.));
#11918=DIRECTION('center_axis',(1.97683283299016E-81,-1.,0.));
#11919=DIRECTION('ref_axis',(-1.,-1.97683283299016E-81,0.));
#11920=DIRECTION('center_axis',(-3.00391830196249E-31,-1.,-2.16840434494034E-18));
#11921=DIRECTION('ref_axis',(-0.840051564219195,-1.66064151355325E-81,-0.542506561668044));
#11922=DIRECTION('center_axis',(-0.707106781185982,0.707106781187113,1.00485917355681E-13));
#11923=DIRECTION('ref_axis',(0.707106781187113,0.707106781185982,-1.00482850769009E-13));
#11924=DIRECTION('',(-1.97683283299016E-81,1.,0.));
#11925=DIRECTION('center_axis',(0.707106781186553,0.707106781186543,-1.00485917355762E-13));
#11926=DIRECTION('ref_axis',(0.707106781186543,-0.707106781186553,-9.5426898111917E-14));
#11927=DIRECTION('center_axis',(1.,3.00391830196249E-31,-1.38531280338545E-13));
#11928=DIRECTION('ref_axis',(-7.10542735760099E-14,-0.840051564217767,-0.542506561670255));
#11929=DIRECTION('',(-1.,-1.97683283299016E-81,0.));
#11930=DIRECTION('center_axis',(-0.707106781186545,-0.70710678118655,1.00485917355761E-13));
#11931=DIRECTION('ref_axis',(-0.70710678118655,0.707106781186545,9.54268981119181E-14));
#11932=DIRECTION('center_axis',(3.00391830196249E-31,1.,2.16840434494034E-18));
#11933=DIRECTION('ref_axis',(0.840051564217694,1.66064151355028E-81,-0.542506561670369));
#11934=DIRECTION('',(1.97683283299016E-81,-1.,0.));
#11935=DIRECTION('center_axis',(0.707106781187116,-0.707106781185979,-1.00485917355842E-13));
#11936=DIRECTION('ref_axis',(-0.707106781185979,-0.707106781187115,1.00482850768848E-13));
#11937=DIRECTION('center_axis',(-1.,-3.00391830196249E-31,1.38531280338545E-13));
#11938=DIRECTION('ref_axis',(-7.10542735760099E-14,0.840051564219123,-0.542506561668156));
#11939=DIRECTION('',(1.,1.97683283299016E-81,0.));
#11940=DIRECTION('center_axis',(0.,0.,1.));
#11941=DIRECTION('ref_axis',(1.,1.97683283299016E-81,0.));
#11942=DIRECTION('',(1.,1.97683283299016E-81,0.));
#11943=DIRECTION('',(1.97683283299016E-81,-1.,0.));
#11944=DIRECTION('',(-1.,-1.97683283299016E-81,0.));
#11945=DIRECTION('',(-1.97683283299016E-81,1.,0.));
#11946=DIRECTION('center_axis',(1.38531280338545E-13,-2.16840434494034E-18,
1.));
#11947=DIRECTION('ref_axis',(1.,1.97683283299016E-81,-1.38531280338545E-13));
#11948=DIRECTION('',(1.,4.71844785465725E-16,-1.38531280338545E-13));
#11949=DIRECTION('center_axis',(-1.38531280338545E-13,2.16840434494034E-18,
-1.));
#11950=DIRECTION('ref_axis',(1.,4.71844785465725E-16,-1.38531280338545E-13));
#11951=DIRECTION('',(4.71844785465725E-16,-1.,-2.16840434500571E-18));
#11952=DIRECTION('center_axis',(-1.38531280338545E-13,2.16840434494034E-18,
-1.));
#11953=DIRECTION('ref_axis',(-7.05824287905483E-14,-1.,-2.16840433516247E-18));
#11954=DIRECTION('',(-1.,-4.71844785465725E-16,1.38531280338545E-13));
#11955=DIRECTION('center_axis',(-1.38531280338545E-13,2.16840434494034E-18,
-1.));
#11956=DIRECTION('ref_axis',(-1.,-5.82034420659771E-14,1.38531280338545E-13));
#11957=DIRECTION('',(-4.71844785465725E-16,1.,2.16840434500571E-18));
#11958=DIRECTION('center_axis',(-1.38531280338545E-13,2.16840434494034E-18,
-1.));
#11959=DIRECTION('ref_axis',(-4.71844785465725E-16,1.,2.16840434500571E-18));
#11960=DIRECTION('center_axis',(0.,0.,-1.));
#11961=DIRECTION('ref_axis',(-1.,-1.97683283299016E-81,0.));
#11962=DIRECTION('center_axis',(-1.38531280338545E-13,2.16840434494034E-18,
-1.));
#11963=DIRECTION('ref_axis',(-1.,0.,1.3855583347322E-13));
#11964=DIRECTION('center_axis',(0.,0.,1.));
#11965=DIRECTION('ref_axis',(-1.,-1.97683283299016E-81,0.));
#11966=DIRECTION('center_axis',(-3.00415890563426E-31,-1.,-2.16840434494034E-18));
#11967=DIRECTION('ref_axis',(1.,0.,-1.38542376224436E-13));
#11968=DIRECTION('center_axis',(0.,0.,1.));
#11969=DIRECTION('ref_axis',(-1.,-1.97683283299016E-81,0.));
#11970=DIRECTION('center_axis',(0.,0.,-1.));
#11971=DIRECTION('ref_axis',(-1.,-1.97683283299016E-81,0.));
#11972=DIRECTION('',(0.,0.,-1.));
#11973=DIRECTION('center_axis',(0.,0.,1.));
#11974=DIRECTION('ref_axis',(-1.,-1.97683283299016E-81,0.));
#11975=DIRECTION('center_axis',(-1.97683283299016E-81,1.,0.));
#11976=DIRECTION('ref_axis',(-1.,-1.97683283299016E-81,0.));
#11977=DIRECTION('',(0.,0.,-1.));
#11978=DIRECTION('',(-1.,-1.97683283299016E-81,0.));
#11979=DIRECTION('',(0.,0.,1.));
#11980=DIRECTION('center_axis',(-1.,-1.97683283299016E-81,0.));
#11981=DIRECTION('ref_axis',(1.97683283299016E-81,-1.,0.));
#11982=DIRECTION('',(0.,0.,1.));
#11983=DIRECTION('',(1.97683283299016E-81,-1.,0.));
#11984=DIRECTION('center_axis',(1.,5.55111512312635E-17,-1.3840881565863E-13));
#11985=DIRECTION('ref_axis',(5.55111512312623E-17,-1.,-9.1072982488415E-18));
#11986=DIRECTION('',(-5.55111512312635E-17,1.,0.));
#11987=DIRECTION('',(-1.3840881565863E-13,2.16840434494043E-18,-1.));
#11988=DIRECTION('',(-1.3840881565863E-13,2.16840434494043E-18,-1.));
#11989=DIRECTION('center_axis',(-5.55111512312633E-17,1.,2.16840434494811E-18));
#11990=DIRECTION('ref_axis',(1.,5.55111512312635E-17,-1.38134729349426E-13));
#11991=DIRECTION('',(-1.,-5.55111512312633E-17,0.));
#11992=DIRECTION('',(-1.3840881565863E-13,2.16840434494043E-18,-1.));
#11993=DIRECTION('center_axis',(-1.,-5.55111512312635E-17,1.3840881565863E-13));
#11994=DIRECTION('ref_axis',(-5.55111512312623E-17,1.,9.1072982488415E-18));
#11995=DIRECTION('',(5.55111512312635E-17,-1.,0.));
#11996=DIRECTION('',(-1.3840881565863E-13,2.16840434494043E-18,-1.));
#11997=DIRECTION('center_axis',(5.55111512312633E-17,-1.,-2.16840434494811E-18));
#11998=DIRECTION('ref_axis',(-1.,-5.55111512312635E-17,1.38134729349426E-13));
#11999=DIRECTION('',(1.,5.55111512312633E-17,0.));
#12000=DIRECTION('center_axis',(4.71844785465725E-16,-1.,-2.16840434500573E-18));
#12001=DIRECTION('ref_axis',(-1.,-4.71844785465725E-16,1.38531280338545E-13));
#12002=DIRECTION('',(-1.3840881565863E-13,2.16840434494043E-18,-1.));
#12003=DIRECTION('',(-1.3840881565863E-13,2.16840434494043E-18,-1.));
#12004=DIRECTION('center_axis',(-1.3840881565863E-13,2.16840434494043E-18,
-1.));
#12005=DIRECTION('ref_axis',(1.,4.71844785465725E-16,-1.3840881565863E-13));
#12006=DIRECTION('',(-1.3840881565863E-13,2.16840434494043E-18,-1.));
#12007=DIRECTION('center_axis',(-1.,-4.71844785465725E-16,1.3840881565863E-13));
#12008=DIRECTION('ref_axis',(-4.71844785465725E-16,1.,2.16840434500571E-18));
#12009=DIRECTION('',(-1.3840881565863E-13,2.16840434494043E-18,-1.));
#12010=DIRECTION('center_axis',(-1.3840881565863E-13,2.16840434494043E-18,
-1.));
#12011=DIRECTION('ref_axis',(4.71844785465725E-16,-1.,-2.16840434500573E-18));
#12012=DIRECTION('',(-1.3840881565863E-13,2.16840434494043E-18,-1.));
#12013=DIRECTION('center_axis',(-4.71844785465725E-16,1.,2.16840434500573E-18));
#12014=DIRECTION('ref_axis',(1.,4.71844785465725E-16,-1.38531280338545E-13));
#12015=DIRECTION('',(-1.3840881565863E-13,2.16840434494043E-18,-1.));
#12016=DIRECTION('center_axis',(-1.3840881565863E-13,2.16840434494043E-18,
-1.));
#12017=DIRECTION('ref_axis',(-1.,-7.15261183614697E-14,1.3840881565863E-13));
#12018=DIRECTION('',(-1.3840881565863E-13,2.16840434494043E-18,-1.));
#12019=DIRECTION('center_axis',(1.,4.71844785465725E-16,-1.3840881565863E-13));
#12020=DIRECTION('ref_axis',(4.71844785465725E-16,-1.,-2.16840434500571E-18));
#12021=DIRECTION('',(-1.3840881565863E-13,2.16840434494043E-18,-1.));
#12022=DIRECTION('center_axis',(-1.3840881565863E-13,2.16840434494043E-18,
-1.));
#12023=DIRECTION('ref_axis',(-4.71844785465725E-16,1.,2.16840434500573E-18));
#12024=DIRECTION('center_axis',(4.71844785465725E-16,-1.,-2.16840434500573E-18));
#12025=DIRECTION('ref_axis',(-1.,-4.71844785465725E-16,1.38531280338545E-13));
#12026=DIRECTION('',(-1.3840881565863E-13,2.16840434494043E-18,-1.));
#12027=DIRECTION('',(-1.3840881565863E-13,2.16840434494043E-18,-1.));
#12028=DIRECTION('center_axis',(-1.3840881565863E-13,2.16840434494043E-18,
-1.));
#12029=DIRECTION('ref_axis',(1.,4.71844785465725E-16,-1.3840881565863E-13));
#12030=DIRECTION('',(-1.3840881565863E-13,2.16840434494043E-18,-1.));
#12031=DIRECTION('center_axis',(-1.,-4.71844785465725E-16,1.3840881565863E-13));
#12032=DIRECTION('ref_axis',(-4.71844785465725E-16,1.,2.16840434500571E-18));
#12033=DIRECTION('',(-1.3840881565863E-13,2.16840434494043E-18,-1.));
#12034=DIRECTION('center_axis',(-1.3840881565863E-13,2.16840434494043E-18,
-1.));
#12035=DIRECTION('ref_axis',(-7.05824287905483E-14,-1.,-2.1684043351712E-18));
#12036=DIRECTION('',(-1.3840881565863E-13,2.16840434494043E-18,-1.));
#12037=DIRECTION('center_axis',(-4.71844785465725E-16,1.,2.16840434500573E-18));
#12038=DIRECTION('ref_axis',(1.,4.71844785465725E-16,-1.38531280338545E-13));
#12039=DIRECTION('',(-1.3840881565863E-13,2.16840434494043E-18,-1.));
#12040=DIRECTION('center_axis',(-1.3840881565863E-13,2.16840434494043E-18,
-1.));
#12041=DIRECTION('ref_axis',(-1.,-7.15261183614798E-14,1.3840881565863E-13));
#12042=DIRECTION('',(-1.3840881565863E-13,2.16840434494043E-18,-1.));
#12043=DIRECTION('center_axis',(1.,4.71844785465725E-16,-1.3840881565863E-13));
#12044=DIRECTION('ref_axis',(4.71844785465725E-16,-1.,-2.16840434500571E-18));
#12045=DIRECTION('',(-1.3840881565863E-13,2.16840434494043E-18,-1.));
#12046=DIRECTION('center_axis',(-1.3840881565863E-13,2.16840434494043E-18,
-1.));
#12047=DIRECTION('ref_axis',(-4.71844785465725E-16,1.,2.16840434500573E-18));
#12048=DIRECTION('center_axis',(4.71844785465725E-16,-1.,-2.16840434500573E-18));
#12049=DIRECTION('ref_axis',(-1.,-4.71844785465725E-16,1.38531280338545E-13));
#12050=DIRECTION('',(-1.3840881565863E-13,2.16840434494043E-18,-1.));
#12051=DIRECTION('',(-1.3840881565863E-13,2.16840434494043E-18,-1.));
#12052=DIRECTION('center_axis',(-1.3840881565863E-13,2.16840434494043E-18,
-1.));
#12053=DIRECTION('ref_axis',(1.,4.71844785465725E-16,-1.3840881565863E-13));
#12054=DIRECTION('',(-1.3840881565863E-13,2.16840434494043E-18,-1.));
#12055=DIRECTION('center_axis',(-1.,-4.71844785465725E-16,1.3840881565863E-13));
#12056=DIRECTION('ref_axis',(-4.71844785465725E-16,1.,2.16840434500571E-18));
#12057=DIRECTION('',(-1.3840881565863E-13,2.16840434494043E-18,-1.));
#12058=DIRECTION('center_axis',(-1.3840881565863E-13,2.16840434494043E-18,
-1.));
#12059=DIRECTION('ref_axis',(-7.05824287905483E-14,-1.,-2.1684043351712E-18));
#12060=DIRECTION('',(-1.3840881565863E-13,2.16840434494043E-18,-1.));
#12061=DIRECTION('center_axis',(-4.71844785465725E-16,1.,2.16840434500573E-18));
#12062=DIRECTION('ref_axis',(1.,4.71844785465725E-16,-1.38531280338545E-13));
#12063=DIRECTION('',(-1.3840881565863E-13,2.16840434494043E-18,-1.));
#12064=DIRECTION('center_axis',(-1.3840881565863E-13,2.16840434494043E-18,
-1.));
#12065=DIRECTION('ref_axis',(-1.,2.12690975942576E-13,1.3840881565863E-13));
#12066=DIRECTION('',(-1.3840881565863E-13,2.16840434494043E-18,-1.));
#12067=DIRECTION('center_axis',(1.,4.71844785465725E-16,-1.3840881565863E-13));
#12068=DIRECTION('ref_axis',(4.71844785465725E-16,-1.,-2.16840434500571E-18));
#12069=DIRECTION('',(-1.3840881565863E-13,2.16840434494043E-18,-1.));
#12070=DIRECTION('center_axis',(-1.3840881565863E-13,2.16840434494043E-18,
-1.));
#12071=DIRECTION('ref_axis',(-4.71844785465725E-16,1.,2.16840434500573E-18));
#12072=DIRECTION('center_axis',(4.71844785465725E-16,-1.,-2.16840434500573E-18));
#12073=DIRECTION('ref_axis',(-1.,-4.71844785465725E-16,1.38531280338545E-13));
#12074=DIRECTION('',(-1.3840881565863E-13,2.16840434494043E-18,-1.));
#12075=DIRECTION('',(-1.3840881565863E-13,2.16840434494043E-18,-1.));
#12076=DIRECTION('center_axis',(-1.3840881565863E-13,2.16840434494043E-18,
-1.));
#12077=DIRECTION('ref_axis',(1.,4.71844785465725E-16,-1.3840881565863E-13));
#12078=DIRECTION('',(-1.3840881565863E-13,2.16840434494043E-18,-1.));
#12079=DIRECTION('center_axis',(-1.,-4.71844785465725E-16,1.3840881565863E-13));
#12080=DIRECTION('ref_axis',(-4.71844785465725E-16,1.,2.16840434500571E-18));
#12081=DIRECTION('',(-1.3840881565863E-13,2.16840434494043E-18,-1.));
#12082=DIRECTION('center_axis',(-1.3840881565863E-13,2.16840434494043E-18,
-1.));
#12083=DIRECTION('ref_axis',(-7.05824287905483E-14,-1.,-2.1684043351712E-18));
#12084=DIRECTION('',(-1.3840881565863E-13,2.16840434494043E-18,-1.));
#12085=DIRECTION('center_axis',(-4.71844785465725E-16,1.,2.16840434500573E-18));
#12086=DIRECTION('ref_axis',(1.,4.71844785465725E-16,-1.38531280338545E-13));
#12087=DIRECTION('',(-1.3840881565863E-13,2.16840434494043E-18,-1.));
#12088=DIRECTION('center_axis',(-1.3840881565863E-13,2.16840434494043E-18,
-1.));
#12089=DIRECTION('ref_axis',(-1.,2.12690975942546E-13,1.3840881565863E-13));
#12090=DIRECTION('',(-1.3840881565863E-13,2.16840434494043E-18,-1.));
#12091=DIRECTION('center_axis',(1.,4.71844785465725E-16,-1.3840881565863E-13));
#12092=DIRECTION('ref_axis',(4.71844785465725E-16,-1.,-2.16840434500571E-18));
#12093=DIRECTION('',(-1.3840881565863E-13,2.16840434494043E-18,-1.));
#12094=DIRECTION('center_axis',(-1.3840881565863E-13,2.16840434494043E-18,
-1.));
#12095=DIRECTION('ref_axis',(-4.71844785465725E-16,1.,2.16840434500573E-18));
#12096=DIRECTION('center_axis',(4.71844785465725E-16,-1.,-2.16840434500573E-18));
#12097=DIRECTION('ref_axis',(-1.,-4.71844785465725E-16,1.38531280338545E-13));
#12098=DIRECTION('',(-1.3840881565863E-13,2.16840434494043E-18,-1.));
#12099=DIRECTION('',(-1.3840881565863E-13,2.16840434494043E-18,-1.));
#12100=DIRECTION('center_axis',(-1.3840881565863E-13,2.16840434494043E-18,
-1.));
#12101=DIRECTION('ref_axis',(1.,4.71844785465725E-16,-1.3840881565863E-13));
#12102=DIRECTION('',(-1.3840881565863E-13,2.16840434494043E-18,-1.));
#12103=DIRECTION('center_axis',(-1.,-4.71844785465725E-16,1.3840881565863E-13));
#12104=DIRECTION('ref_axis',(-4.71844785465725E-16,1.,2.16840434500571E-18));
#12105=DIRECTION('',(-1.3840881565863E-13,2.16840434494043E-18,-1.));
#12106=DIRECTION('center_axis',(-1.3840881565863E-13,2.16840434494043E-18,
-1.));
#12107=DIRECTION('ref_axis',(4.71844785465725E-16,-1.,-2.16840434500573E-18));
#12108=DIRECTION('',(-1.3840881565863E-13,2.16840434494043E-18,-1.));
#12109=DIRECTION('center_axis',(-4.71844785465725E-16,1.,2.16840434500573E-18));
#12110=DIRECTION('ref_axis',(1.,4.71844785465725E-16,-1.38531280338545E-13));
#12111=DIRECTION('',(-1.3840881565863E-13,2.16840434494043E-18,-1.));
#12112=DIRECTION('center_axis',(-1.3840881565863E-13,2.16840434494043E-18,
-1.));
#12113=DIRECTION('ref_axis',(-1.,1.0610956557854E-13,1.3840881565863E-13));
#12114=DIRECTION('',(-1.3840881565863E-13,2.16840434494043E-18,-1.));
#12115=DIRECTION('center_axis',(1.,4.71844785465725E-16,-1.3840881565863E-13));
#12116=DIRECTION('ref_axis',(4.71844785465725E-16,-1.,-2.16840434500571E-18));
#12117=DIRECTION('',(-1.3840881565863E-13,2.16840434494043E-18,-1.));
#12118=DIRECTION('center_axis',(-1.3840881565863E-13,2.16840434494043E-18,
-1.));
#12119=DIRECTION('ref_axis',(-4.71844785465725E-16,1.,2.16840434500573E-18));
#12120=DIRECTION('center_axis',(4.71844785465725E-16,-1.,-2.16840434500573E-18));
#12121=DIRECTION('ref_axis',(-1.,-4.71844785465725E-16,1.38531280338545E-13));
#12122=DIRECTION('',(-1.3840881565863E-13,2.16840434494043E-18,-1.));
#12123=DIRECTION('',(-1.3840881565863E-13,2.16840434494043E-18,-1.));
#12124=DIRECTION('center_axis',(-1.3840881565863E-13,2.16840434494043E-18,
-1.));
#12125=DIRECTION('ref_axis',(1.,4.71844785465725E-16,-1.3840881565863E-13));
#12126=DIRECTION('',(-1.3840881565863E-13,2.16840434494043E-18,-1.));
#12127=DIRECTION('center_axis',(-1.,-4.71844785465725E-16,1.3840881565863E-13));
#12128=DIRECTION('ref_axis',(-4.71844785465725E-16,1.,2.16840434500571E-18));
#12129=DIRECTION('',(-1.3840881565863E-13,2.16840434494043E-18,-1.));
#12130=DIRECTION('center_axis',(-1.3840881565863E-13,2.16840434494043E-18,
-1.));
#12131=DIRECTION('ref_axis',(3.59989815734728E-14,-1.,-2.168404349923E-18));
#12132=DIRECTION('',(-1.3840881565863E-13,2.16840434494043E-18,-1.));
#12133=DIRECTION('center_axis',(-4.71844785465725E-16,1.,2.16840434500573E-18));
#12134=DIRECTION('ref_axis',(1.,4.71844785465725E-16,-1.38531280338545E-13));
#12135=DIRECTION('',(-1.3840881565863E-13,2.16840434494043E-18,-1.));
#12136=DIRECTION('center_axis',(-1.3840881565863E-13,2.16840434494043E-18,
-1.));
#12137=DIRECTION('ref_axis',(-1.,-7.15261183614697E-14,1.3840881565863E-13));
#12138=DIRECTION('',(-1.3840881565863E-13,2.16840434494043E-18,-1.));
#12139=DIRECTION('center_axis',(1.,4.71844785465725E-16,-1.3840881565863E-13));
#12140=DIRECTION('ref_axis',(4.71844785465725E-16,-1.,-2.16840434500571E-18));
#12141=DIRECTION('',(-1.3840881565863E-13,2.16840434494043E-18,-1.));
#12142=DIRECTION('center_axis',(-1.3840881565863E-13,2.16840434494043E-18,
-1.));
#12143=DIRECTION('ref_axis',(-4.71844785465725E-16,1.,2.16840434500573E-18));
#12144=DIRECTION('center_axis',(4.71844785465725E-16,-1.,-2.16840434500573E-18));
#12145=DIRECTION('ref_axis',(-1.,-4.71844785465725E-16,1.38531280338545E-13));
#12146=DIRECTION('',(-1.3840881565863E-13,2.16840434494043E-18,-1.));
#12147=DIRECTION('',(-1.3840881565863E-13,2.16840434494043E-18,-1.));
#12148=DIRECTION('center_axis',(-1.3840881565863E-13,2.16840434494043E-18,
-1.));
#12149=DIRECTION('ref_axis',(1.,4.71844785465725E-16,-1.3840881565863E-13));
#12150=DIRECTION('',(-1.3840881565863E-13,2.16840434494043E-18,-1.));
#12151=DIRECTION('center_axis',(-1.,-4.71844785465725E-16,1.3840881565863E-13));
#12152=DIRECTION('ref_axis',(-4.71844785465725E-16,1.,2.16840434500571E-18));
#12153=DIRECTION('',(-1.3840881565863E-13,2.16840434494043E-18,-1.));
#12154=DIRECTION('center_axis',(-1.3840881565863E-13,2.16840434494043E-18,
-1.));
#12155=DIRECTION('ref_axis',(-7.05824287905483E-14,-1.,-2.1684043351712E-18));
#12156=DIRECTION('',(-1.3840881565863E-13,2.16840434494043E-18,-1.));
#12157=DIRECTION('center_axis',(-4.71844785465725E-16,1.,2.16840434500573E-18));
#12158=DIRECTION('ref_axis',(1.,4.71844785465725E-16,-1.38531280338545E-13));
#12159=DIRECTION('',(-1.3840881565863E-13,2.16840434494043E-18,-1.));
#12160=DIRECTION('center_axis',(-1.3840881565863E-13,2.16840434494043E-18,
-1.));
#12161=DIRECTION('ref_axis',(-1.,2.12690975942576E-13,1.3840881565863E-13));
#12162=DIRECTION('',(-1.3840881565863E-13,2.16840434494043E-18,-1.));
#12163=DIRECTION('center_axis',(1.,4.71844785465725E-16,-1.3840881565863E-13));
#12164=DIRECTION('ref_axis',(4.71844785465725E-16,-1.,-2.16840434500571E-18));
#12165=DIRECTION('',(-1.3840881565863E-13,2.16840434494043E-18,-1.));
#12166=DIRECTION('center_axis',(-1.3840881565863E-13,2.16840434494043E-18,
-1.));
#12167=DIRECTION('ref_axis',(-4.71844785465725E-16,1.,2.16840434500573E-18));
#12168=DIRECTION('center_axis',(4.71844785465725E-16,-1.,-2.16840434500573E-18));
#12169=DIRECTION('ref_axis',(-1.,-4.71844785465725E-16,1.38531280338545E-13));
#12170=DIRECTION('',(-1.3840881565863E-13,2.16840434494043E-18,-1.));
#12171=DIRECTION('',(-1.3840881565863E-13,2.16840434494043E-18,-1.));
#12172=DIRECTION('center_axis',(-1.3840881565863E-13,2.16840434494043E-18,
-1.));
#12173=DIRECTION('ref_axis',(1.,4.71844785465725E-16,-1.3840881565863E-13));
#12174=DIRECTION('',(-1.3840881565863E-13,2.16840434494043E-18,-1.));
#12175=DIRECTION('center_axis',(-1.,-4.71844785465725E-16,1.3840881565863E-13));
#12176=DIRECTION('ref_axis',(-4.71844785465725E-16,1.,2.16840434500571E-18));
#12177=DIRECTION('',(-1.3840881565863E-13,2.16840434494043E-18,-1.));
#12178=DIRECTION('center_axis',(-1.3840881565863E-13,2.16840434494043E-18,
-1.));
#12179=DIRECTION('ref_axis',(7.15261183614798E-14,-1.,-2.16840435484027E-18));
#12180=DIRECTION('',(-1.3840881565863E-13,2.16840434494043E-18,-1.));
#12181=DIRECTION('center_axis',(-4.71844785465725E-16,1.,2.16840434500573E-18));
#12182=DIRECTION('ref_axis',(1.,4.71844785465725E-16,-1.38531280338545E-13));
#12183=DIRECTION('',(-1.3840881565863E-13,2.16840434494043E-18,-1.));
#12184=DIRECTION('center_axis',(-1.3840881565863E-13,2.16840434494043E-18,
-1.));
#12185=DIRECTION('ref_axis',(-1.,-5.37625499674763E-14,1.3840881565863E-13));
#12186=DIRECTION('',(-1.3840881565863E-13,2.16840434494043E-18,-1.));
#12187=DIRECTION('center_axis',(1.,4.71844785465725E-16,-1.3840881565863E-13));
#12188=DIRECTION('ref_axis',(4.71844785465725E-16,-1.,-2.16840434500571E-18));
#12189=DIRECTION('',(-1.3840881565863E-13,2.16840434494043E-18,-1.));
#12190=DIRECTION('center_axis',(-1.3840881565863E-13,2.16840434494043E-18,
-1.));
#12191=DIRECTION('ref_axis',(-4.71844785465725E-16,1.,2.16840434500573E-18));
#12192=DIRECTION('center_axis',(4.71844785465725E-16,-1.,-2.16840434500573E-18));
#12193=DIRECTION('ref_axis',(-1.,-4.71844785465725E-16,1.38531280338545E-13));
#12194=DIRECTION('',(-1.3840881565863E-13,2.16840434494043E-18,-1.));
#12195=DIRECTION('',(-1.3840881565863E-13,2.16840434494043E-18,-1.));
#12196=DIRECTION('center_axis',(-1.3840881565863E-13,2.16840434494043E-18,
-1.));
#12197=DIRECTION('ref_axis',(1.,4.71844785465725E-16,-1.3840881565863E-13));
#12198=DIRECTION('',(-1.3840881565863E-13,2.16840434494043E-18,-1.));
#12199=DIRECTION('center_axis',(-1.,-4.71844785465725E-16,1.3840881565863E-13));
#12200=DIRECTION('ref_axis',(-4.71844785465725E-16,1.,2.16840434500571E-18));
#12201=DIRECTION('',(-1.3840881565863E-13,2.16840434494043E-18,-1.));
#12202=DIRECTION('center_axis',(-1.3840881565863E-13,2.16840434494043E-18,
-1.));
#12203=DIRECTION('ref_axis',(7.15261183614798E-14,-1.,-2.16840435484027E-18));
#12204=DIRECTION('',(-1.3840881565863E-13,2.16840434494043E-18,-1.));
#12205=DIRECTION('center_axis',(-4.71844785465725E-16,1.,2.16840434500573E-18));
#12206=DIRECTION('ref_axis',(1.,4.71844785465725E-16,-1.38531280338545E-13));
#12207=DIRECTION('',(-1.3840881565863E-13,2.16840434494043E-18,-1.));
#12208=DIRECTION('center_axis',(-1.3840881565863E-13,2.16840434494043E-18,
-1.));
#12209=DIRECTION('ref_axis',(-1.,-5.82034420659771E-14,1.3840881565863E-13));
#12210=DIRECTION('',(-1.3840881565863E-13,2.16840434494043E-18,-1.));
#12211=DIRECTION('center_axis',(1.,4.71844785465725E-16,-1.3840881565863E-13));
#12212=DIRECTION('ref_axis',(4.71844785465725E-16,-1.,-2.16840434500571E-18));
#12213=DIRECTION('',(-1.3840881565863E-13,2.16840434494043E-18,-1.));
#12214=DIRECTION('center_axis',(-1.3840881565863E-13,2.16840434494043E-18,
-1.));
#12215=DIRECTION('ref_axis',(-4.71844785465725E-16,1.,2.16840434500573E-18));
#12216=DIRECTION('center_axis',(4.71844785465725E-16,-1.,-2.16840434500573E-18));
#12217=DIRECTION('ref_axis',(-1.,-4.71844785465725E-16,1.38531280338545E-13));
#12218=DIRECTION('',(-1.3840881565863E-13,2.16840434494043E-18,-1.));
#12219=DIRECTION('',(-1.3840881565863E-13,2.16840434494043E-18,-1.));
#12220=DIRECTION('center_axis',(-1.3840881565863E-13,2.16840434494043E-18,
-1.));
#12221=DIRECTION('ref_axis',(1.,4.71844785465725E-16,-1.3840881565863E-13));
#12222=DIRECTION('',(-1.3840881565863E-13,2.16840434494043E-18,-1.));
#12223=DIRECTION('center_axis',(-1.,-4.71844785465725E-16,1.3840881565863E-13));
#12224=DIRECTION('ref_axis',(-4.71844785465725E-16,1.,2.16840434500571E-18));
#12225=DIRECTION('',(-1.3840881565863E-13,2.16840434494043E-18,-1.));
#12226=DIRECTION('center_axis',(-1.3840881565863E-13,2.16840434494043E-18,
-1.));
#12227=DIRECTION('ref_axis',(4.71844785465725E-16,-1.,-2.16840434500573E-18));
#12228=DIRECTION('',(-1.3840881565863E-13,2.16840434494043E-18,-1.));
#12229=DIRECTION('center_axis',(-4.71844785465725E-16,1.,2.16840434500573E-18));
#12230=DIRECTION('ref_axis',(1.,4.71844785465725E-16,-1.38531280338545E-13));
#12231=DIRECTION('',(-1.3840881565863E-13,2.16840434494043E-18,-1.));
#12232=DIRECTION('center_axis',(-1.3840881565863E-13,2.16840434494043E-18,
-1.));
#12233=DIRECTION('ref_axis',(-1.,1.06109565578555E-13,1.3840881565863E-13));
#12234=DIRECTION('',(-1.3840881565863E-13,2.16840434494043E-18,-1.));
#12235=DIRECTION('center_axis',(1.,4.71844785465725E-16,-1.3840881565863E-13));
#12236=DIRECTION('ref_axis',(4.71844785465725E-16,-1.,-2.16840434500571E-18));
#12237=DIRECTION('',(-1.3840881565863E-13,2.16840434494043E-18,-1.));
#12238=DIRECTION('center_axis',(-1.3840881565863E-13,2.16840434494043E-18,
-1.));
#12239=DIRECTION('ref_axis',(-4.71844785465725E-16,1.,2.16840434500573E-18));
#12240=DIRECTION('center_axis',(4.71844785465725E-16,-1.,-2.16840434500573E-18));
#12241=DIRECTION('ref_axis',(-1.,-4.71844785465725E-16,1.38531280338545E-13));
#12242=DIRECTION('',(-1.3840881565863E-13,2.16840434494043E-18,-1.));
#12243=DIRECTION('',(-1.3840881565863E-13,2.16840434494043E-18,-1.));
#12244=DIRECTION('center_axis',(-1.3840881565863E-13,2.16840434494043E-18,
-1.));
#12245=DIRECTION('ref_axis',(1.,4.71844785465725E-16,-1.3840881565863E-13));
#12246=DIRECTION('',(-1.3840881565863E-13,2.16840434494043E-18,-1.));
#12247=DIRECTION('center_axis',(-1.,-4.71844785465725E-16,1.3840881565863E-13));
#12248=DIRECTION('ref_axis',(-4.71844785465725E-16,1.,2.16840434500571E-18));
#12249=DIRECTION('',(-1.3840881565863E-13,2.16840434494043E-18,-1.));
#12250=DIRECTION('center_axis',(-1.3840881565863E-13,2.16840434494043E-18,
-1.));
#12251=DIRECTION('ref_axis',(-1.41636702366562E-13,-1.,-2.16840432533666E-18));
#12252=DIRECTION('',(-1.3840881565863E-13,2.16840434494043E-18,-1.));
#12253=DIRECTION('center_axis',(-4.71844785465725E-16,1.,2.16840434500573E-18));
#12254=DIRECTION('ref_axis',(1.,4.71844785465725E-16,-1.38531280338545E-13));
#12255=DIRECTION('',(-1.3840881565863E-13,2.16840434494043E-18,-1.));
#12256=DIRECTION('center_axis',(-1.3840881565863E-13,2.16840434494043E-18,
-1.));
#12257=DIRECTION('ref_axis',(-1.,2.12690975942576E-13,1.3840881565863E-13));
#12258=DIRECTION('',(-1.3840881565863E-13,2.16840434494043E-18,-1.));
#12259=DIRECTION('center_axis',(1.,4.71844785465725E-16,-1.3840881565863E-13));
#12260=DIRECTION('ref_axis',(4.71844785465725E-16,-1.,-2.16840434500571E-18));
#12261=DIRECTION('',(-1.3840881565863E-13,2.16840434494043E-18,-1.));
#12262=DIRECTION('center_axis',(-1.3840881565863E-13,2.16840434494043E-18,
-1.));
#12263=DIRECTION('ref_axis',(-4.71844785465725E-16,1.,2.16840434500573E-18));
#12264=DIRECTION('center_axis',(4.71844785465725E-16,-1.,-2.16840434500573E-18));
#12265=DIRECTION('ref_axis',(-1.,-4.71844785465725E-16,1.38531280338545E-13));
#12266=DIRECTION('',(-1.3840881565863E-13,2.16840434494043E-18,-1.));
#12267=DIRECTION('',(-1.3840881565863E-13,2.16840434494043E-18,-1.));
#12268=DIRECTION('center_axis',(-1.3840881565863E-13,2.16840434494043E-18,
-1.));
#12269=DIRECTION('ref_axis',(1.,4.71844785465725E-16,-1.3840881565863E-13));
#12270=DIRECTION('',(-1.3840881565863E-13,2.16840434494043E-18,-1.));
#12271=DIRECTION('center_axis',(-1.,-4.71844785465725E-16,1.3840881565863E-13));
#12272=DIRECTION('ref_axis',(-4.71844785465725E-16,1.,2.16840434500571E-18));
#12273=DIRECTION('',(-1.3840881565863E-13,2.16840434494043E-18,-1.));
#12274=DIRECTION('center_axis',(-1.3840881565863E-13,2.16840434494043E-18,
-1.));
#12275=DIRECTION('ref_axis',(4.71844785465725E-16,-1.,-2.16840434500573E-18));
#12276=DIRECTION('',(-1.3840881565863E-13,2.16840434494043E-18,-1.));
#12277=DIRECTION('center_axis',(-4.71844785465725E-16,1.,2.16840434500573E-18));
#12278=DIRECTION('ref_axis',(1.,4.71844785465725E-16,-1.38531280338545E-13));
#12279=DIRECTION('',(-1.3840881565863E-13,2.16840434494043E-18,-1.));
#12280=DIRECTION('center_axis',(-1.3840881565863E-13,2.16840434494043E-18,
-1.));
#12281=DIRECTION('ref_axis',(-1.,-5.37625499674687E-14,1.3840881565863E-13));
#12282=DIRECTION('',(-1.3840881565863E-13,2.16840434494043E-18,-1.));
#12283=DIRECTION('center_axis',(1.,4.71844785465725E-16,-1.3840881565863E-13));
#12284=DIRECTION('ref_axis',(4.71844785465725E-16,-1.,-2.16840434500571E-18));
#12285=DIRECTION('',(-1.3840881565863E-13,2.16840434494043E-18,-1.));
#12286=DIRECTION('center_axis',(-1.3840881565863E-13,2.16840434494043E-18,
-1.));
#12287=DIRECTION('ref_axis',(-4.71844785465725E-16,1.,2.16840434500573E-18));
#12288=DIRECTION('center_axis',(4.71844785465725E-16,-1.,-2.16840434500573E-18));
#12289=DIRECTION('ref_axis',(-1.,-4.71844785465725E-16,1.38531280338545E-13));
#12290=DIRECTION('',(-1.3840881565863E-13,2.16840434494043E-18,-1.));
#12291=DIRECTION('',(-1.3840881565863E-13,2.16840434494043E-18,-1.));
#12292=DIRECTION('center_axis',(-1.3840881565863E-13,2.16840434494043E-18,
-1.));
#12293=DIRECTION('ref_axis',(1.,4.71844785465725E-16,-1.3840881565863E-13));
#12294=DIRECTION('',(-1.3840881565863E-13,2.16840434494043E-18,-1.));
#12295=DIRECTION('center_axis',(-1.,-4.71844785465725E-16,1.3840881565863E-13));
#12296=DIRECTION('ref_axis',(-4.71844785465725E-16,1.,2.16840434500571E-18));
#12297=DIRECTION('',(-1.3840881565863E-13,2.16840434494043E-18,-1.));
#12298=DIRECTION('center_axis',(-1.3840881565863E-13,2.16840434494043E-18,
-1.));
#12299=DIRECTION('ref_axis',(7.15261183614798E-14,-1.,-2.16840435484027E-18));
#12300=DIRECTION('',(-1.3840881565863E-13,2.16840434494043E-18,-1.));
#12301=DIRECTION('center_axis',(-4.71844785465725E-16,1.,2.16840434500573E-18));
#12302=DIRECTION('ref_axis',(1.,4.71844785465725E-16,-1.38531280338545E-13));
#12303=DIRECTION('',(-1.3840881565863E-13,2.16840434494043E-18,-1.));
#12304=DIRECTION('center_axis',(-1.3840881565863E-13,2.16840434494043E-18,
-1.));
#12305=DIRECTION('ref_axis',(-1.,-5.37625499674687E-14,1.3840881565863E-13));
#12306=DIRECTION('',(-1.3840881565863E-13,2.16840434494043E-18,-1.));
#12307=DIRECTION('center_axis',(1.,4.71844785465725E-16,-1.3840881565863E-13));
#12308=DIRECTION('ref_axis',(4.71844785465725E-16,-1.,-2.16840434500571E-18));
#12309=DIRECTION('',(-1.3840881565863E-13,2.16840434494043E-18,-1.));
#12310=DIRECTION('center_axis',(-1.3840881565863E-13,2.16840434494043E-18,
-1.));
#12311=DIRECTION('ref_axis',(-4.71844785465725E-16,1.,2.16840434500573E-18));
#12312=DIRECTION('center_axis',(4.71844785465725E-16,-1.,-2.16840434500573E-18));
#12313=DIRECTION('ref_axis',(-1.,-4.71844785465725E-16,1.38531280338545E-13));
#12314=DIRECTION('',(-1.3840881565863E-13,2.16840434494043E-18,-1.));
#12315=DIRECTION('',(-1.3840881565863E-13,2.16840434494043E-18,-1.));
#12316=DIRECTION('center_axis',(-1.3840881565863E-13,2.16840434494043E-18,
-1.));
#12317=DIRECTION('ref_axis',(1.,4.71844785465725E-16,-1.3840881565863E-13));
#12318=DIRECTION('',(-1.3840881565863E-13,2.16840434494043E-18,-1.));
#12319=DIRECTION('center_axis',(-1.,-4.71844785465725E-16,1.3840881565863E-13));
#12320=DIRECTION('ref_axis',(-4.71844785465725E-16,1.,2.16840434500571E-18));
#12321=DIRECTION('',(-1.3840881565863E-13,2.16840434494043E-18,-1.));
#12322=DIRECTION('center_axis',(-1.3840881565863E-13,2.16840434494043E-18,
-1.));
#12323=DIRECTION('ref_axis',(-7.05824287905483E-14,-1.,-2.1684043351712E-18));
#12324=DIRECTION('',(-1.3840881565863E-13,2.16840434494043E-18,-1.));
#12325=DIRECTION('center_axis',(-4.71844785465725E-16,1.,2.16840434500573E-18));
#12326=DIRECTION('ref_axis',(1.,4.71844785465725E-16,-1.38531280338545E-13));
#12327=DIRECTION('',(-1.3840881565863E-13,2.16840434494043E-18,-1.));
#12328=DIRECTION('center_axis',(-1.3840881565863E-13,2.16840434494043E-18,
-1.));
#12329=DIRECTION('ref_axis',(-1.,2.12690975942576E-13,1.3840881565863E-13));
#12330=DIRECTION('',(-1.3840881565863E-13,2.16840434494043E-18,-1.));
#12331=DIRECTION('center_axis',(1.,4.71844785465725E-16,-1.3840881565863E-13));
#12332=DIRECTION('ref_axis',(4.71844785465725E-16,-1.,-2.16840434500571E-18));
#12333=DIRECTION('',(-1.3840881565863E-13,2.16840434494043E-18,-1.));
#12334=DIRECTION('center_axis',(-1.3840881565863E-13,2.16840434494043E-18,
-1.));
#12335=DIRECTION('ref_axis',(-4.71844785465725E-16,1.,2.16840434500573E-18));
#12336=DIRECTION('center_axis',(4.71844785465725E-16,-1.,-2.16840434500573E-18));
#12337=DIRECTION('ref_axis',(-1.,-4.71844785465725E-16,1.38531280338545E-13));
#12338=DIRECTION('',(-1.3840881565863E-13,2.16840434494043E-18,-1.));
#12339=DIRECTION('',(-1.3840881565863E-13,2.16840434494043E-18,-1.));
#12340=DIRECTION('center_axis',(-1.3840881565863E-13,2.16840434494043E-18,
-1.));
#12341=DIRECTION('ref_axis',(1.,4.71844785465725E-16,-1.3840881565863E-13));
#12342=DIRECTION('',(-1.3840881565863E-13,2.16840434494043E-18,-1.));
#12343=DIRECTION('center_axis',(-1.,-4.71844785465725E-16,1.3840881565863E-13));
#12344=DIRECTION('ref_axis',(-4.71844785465725E-16,1.,2.16840434500571E-18));
#12345=DIRECTION('',(-1.3840881565863E-13,2.16840434494043E-18,-1.));
#12346=DIRECTION('center_axis',(-1.3840881565863E-13,2.16840434494043E-18,
-1.));
#12347=DIRECTION('ref_axis',(-7.05824287905483E-14,-1.,-2.1684043351712E-18));
#12348=DIRECTION('',(-1.3840881565863E-13,2.16840434494043E-18,-1.));
#12349=DIRECTION('center_axis',(-4.71844785465725E-16,1.,2.16840434500573E-18));
#12350=DIRECTION('ref_axis',(1.,4.71844785465725E-16,-1.38531280338545E-13));
#12351=DIRECTION('',(-1.3840881565863E-13,2.16840434494043E-18,-1.));
#12352=DIRECTION('center_axis',(-1.3840881565863E-13,2.16840434494043E-18,
-1.));
#12353=DIRECTION('ref_axis',(-1.,-5.37625499674687E-14,1.3840881565863E-13));
#12354=DIRECTION('',(-1.3840881565863E-13,2.16840434494043E-18,-1.));
#12355=DIRECTION('center_axis',(1.,4.71844785465725E-16,-1.3840881565863E-13));
#12356=DIRECTION('ref_axis',(4.71844785465725E-16,-1.,-2.16840434500571E-18));
#12357=DIRECTION('',(-1.3840881565863E-13,2.16840434494043E-18,-1.));
#12358=DIRECTION('center_axis',(-1.3840881565863E-13,2.16840434494043E-18,
-1.));
#12359=DIRECTION('ref_axis',(-4.71844785465725E-16,1.,2.16840434500573E-18));
#12360=DIRECTION('center_axis',(4.71844785465725E-16,-1.,-2.16840434500573E-18));
#12361=DIRECTION('ref_axis',(-1.,-4.71844785465725E-16,1.38531280338545E-13));
#12362=DIRECTION('',(-1.3840881565863E-13,2.16840434494043E-18,-1.));
#12363=DIRECTION('',(-1.3840881565863E-13,2.16840434494043E-18,-1.));
#12364=DIRECTION('center_axis',(-1.3840881565863E-13,2.16840434494043E-18,
-1.));
#12365=DIRECTION('ref_axis',(1.,4.71844785465725E-16,-1.3840881565863E-13));
#12366=DIRECTION('',(-1.3840881565863E-13,2.16840434494043E-18,-1.));
#12367=DIRECTION('center_axis',(-1.,-4.71844785465725E-16,1.3840881565863E-13));
#12368=DIRECTION('ref_axis',(-4.71844785465725E-16,1.,2.16840434500571E-18));
#12369=DIRECTION('',(-1.3840881565863E-13,2.16840434494043E-18,-1.));
#12370=DIRECTION('center_axis',(-1.3840881565863E-13,2.16840434494043E-18,
-1.));
#12371=DIRECTION('ref_axis',(7.15261183614798E-14,-1.,-2.16840435484027E-18));
#12372=DIRECTION('',(-1.3840881565863E-13,2.16840434494043E-18,-1.));
#12373=DIRECTION('center_axis',(-4.71844785465725E-16,1.,2.16840434500573E-18));
#12374=DIRECTION('ref_axis',(1.,4.71844785465725E-16,-1.38531280338545E-13));
#12375=DIRECTION('',(-1.3840881565863E-13,2.16840434494043E-18,-1.));
#12376=DIRECTION('center_axis',(-1.3840881565863E-13,2.16840434494043E-18,
-1.));
#12377=DIRECTION('ref_axis',(-1.,2.12690975942576E-13,1.3840881565863E-13));
#12378=DIRECTION('',(-1.3840881565863E-13,2.16840434494043E-18,-1.));
#12379=DIRECTION('center_axis',(1.,4.71844785465725E-16,-1.3840881565863E-13));
#12380=DIRECTION('ref_axis',(4.71844785465725E-16,-1.,-2.16840434500571E-18));
#12381=DIRECTION('',(-1.3840881565863E-13,2.16840434494043E-18,-1.));
#12382=DIRECTION('center_axis',(-1.3840881565863E-13,2.16840434494043E-18,
-1.));
#12383=DIRECTION('ref_axis',(-4.71844785465725E-16,1.,2.16840434500573E-18));
#12384=DIRECTION('center_axis',(4.71844785465725E-16,-1.,-2.16840434500573E-18));
#12385=DIRECTION('ref_axis',(-1.,-4.71844785465725E-16,1.38531280338545E-13));
#12386=DIRECTION('',(-1.3840881565863E-13,2.16840434494043E-18,-1.));
#12387=DIRECTION('',(-1.3840881565863E-13,2.16840434494043E-18,-1.));
#12388=DIRECTION('center_axis',(-1.3840881565863E-13,2.16840434494043E-18,
-1.));
#12389=DIRECTION('ref_axis',(1.,4.71844785465725E-16,-1.3840881565863E-13));
#12390=DIRECTION('',(-1.3840881565863E-13,2.16840434494043E-18,-1.));
#12391=DIRECTION('center_axis',(-1.,-4.71844785465725E-16,1.3840881565863E-13));
#12392=DIRECTION('ref_axis',(-4.71844785465725E-16,1.,2.16840434500571E-18));
#12393=DIRECTION('',(-1.3840881565863E-13,2.16840434494043E-18,-1.));
#12394=DIRECTION('center_axis',(-1.3840881565863E-13,2.16840434494043E-18,
-1.));
#12395=DIRECTION('ref_axis',(3.59989815734728E-14,-1.,-2.168404349923E-18));
#12396=DIRECTION('',(-1.3840881565863E-13,2.16840434494043E-18,-1.));
#12397=DIRECTION('center_axis',(-4.71844785465725E-16,1.,2.16840434500573E-18));
#12398=DIRECTION('ref_axis',(1.,4.71844785465725E-16,-1.38531280338545E-13));
#12399=DIRECTION('',(-1.3840881565863E-13,2.16840434494043E-18,-1.));
#12400=DIRECTION('center_axis',(-1.3840881565863E-13,2.16840434494043E-18,
-1.));
#12401=DIRECTION('ref_axis',(-1.,-5.82034420659771E-14,1.3840881565863E-13));
#12402=DIRECTION('',(-1.3840881565863E-13,2.16840434494043E-18,-1.));
#12403=DIRECTION('center_axis',(1.,4.71844785465725E-16,-1.3840881565863E-13));
#12404=DIRECTION('ref_axis',(4.71844785465725E-16,-1.,-2.16840434500571E-18));
#12405=DIRECTION('',(-1.3840881565863E-13,2.16840434494043E-18,-1.));
#12406=DIRECTION('center_axis',(-1.3840881565863E-13,2.16840434494043E-18,
-1.));
#12407=DIRECTION('ref_axis',(-4.71844785465725E-16,1.,2.16840434500573E-18));
#12408=DIRECTION('center_axis',(4.71844785465725E-16,-1.,-2.16840434500573E-18));
#12409=DIRECTION('ref_axis',(-1.,-4.71844785465725E-16,1.38531280338545E-13));
#12410=DIRECTION('',(-1.3840881565863E-13,2.16840434494043E-18,-1.));
#12411=DIRECTION('',(-1.3840881565863E-13,2.16840434494043E-18,-1.));
#12412=DIRECTION('center_axis',(-1.3840881565863E-13,2.16840434494043E-18,
-1.));
#12413=DIRECTION('ref_axis',(1.,4.71844785465725E-16,-1.3840881565863E-13));
#12414=DIRECTION('',(-1.3840881565863E-13,2.16840434494043E-18,-1.));
#12415=DIRECTION('center_axis',(-1.,-4.71844785465725E-16,1.3840881565863E-13));
#12416=DIRECTION('ref_axis',(-4.71844785465725E-16,1.,2.16840434500571E-18));
#12417=DIRECTION('',(-1.3840881565863E-13,2.16840434494043E-18,-1.));
#12418=DIRECTION('center_axis',(-1.3840881565863E-13,2.16840434494043E-18,
-1.));
#12419=DIRECTION('ref_axis',(7.15261183614798E-14,-1.,-2.16840435484027E-18));
#12420=DIRECTION('',(-1.3840881565863E-13,2.16840434494043E-18,-1.));
#12421=DIRECTION('center_axis',(-4.71844785465725E-16,1.,2.16840434500573E-18));
#12422=DIRECTION('ref_axis',(1.,4.71844785465725E-16,-1.38531280338545E-13));
#12423=DIRECTION('',(-1.3840881565863E-13,2.16840434494043E-18,-1.));
#12424=DIRECTION('center_axis',(-1.3840881565863E-13,2.16840434494043E-18,
-1.));
#12425=DIRECTION('ref_axis',(-1.,-7.15261183614798E-14,1.3840881565863E-13));
#12426=DIRECTION('',(-1.3840881565863E-13,2.16840434494043E-18,-1.));
#12427=DIRECTION('center_axis',(1.,4.71844785465725E-16,-1.3840881565863E-13));
#12428=DIRECTION('ref_axis',(4.71844785465725E-16,-1.,-2.16840434500571E-18));
#12429=DIRECTION('',(-1.3840881565863E-13,2.16840434494043E-18,-1.));
#12430=DIRECTION('center_axis',(-1.3840881565863E-13,2.16840434494043E-18,
-1.));
#12431=DIRECTION('ref_axis',(-4.71844785465725E-16,1.,2.16840434500573E-18));
#12432=DIRECTION('center_axis',(4.71844785465725E-16,-1.,-2.16840434500573E-18));
#12433=DIRECTION('ref_axis',(-1.,-4.71844785465725E-16,1.38531280338545E-13));
#12434=DIRECTION('',(-1.3840881565863E-13,2.16840434494043E-18,-1.));
#12435=DIRECTION('',(-1.3840881565863E-13,2.16840434494043E-18,-1.));
#12436=DIRECTION('center_axis',(-1.3840881565863E-13,2.16840434494043E-18,
-1.));
#12437=DIRECTION('ref_axis',(1.,4.71844785465725E-16,-1.3840881565863E-13));
#12438=DIRECTION('',(-1.3840881565863E-13,2.16840434494043E-18,-1.));
#12439=DIRECTION('center_axis',(-1.,-4.71844785465725E-16,1.3840881565863E-13));
#12440=DIRECTION('ref_axis',(-4.71844785465725E-16,1.,2.16840434500571E-18));
#12441=DIRECTION('',(-1.3840881565863E-13,2.16840434494043E-18,-1.));
#12442=DIRECTION('center_axis',(-1.3840881565863E-13,2.16840434494043E-18,
-1.));
#12443=DIRECTION('ref_axis',(7.15261183614798E-14,-1.,-2.16840435484027E-18));
#12444=DIRECTION('',(-1.3840881565863E-13,2.16840434494043E-18,-1.));
#12445=DIRECTION('center_axis',(-4.71844785465725E-16,1.,2.16840434500573E-18));
#12446=DIRECTION('ref_axis',(1.,4.71844785465725E-16,-1.38531280338545E-13));
#12447=DIRECTION('',(-1.3840881565863E-13,2.16840434494043E-18,-1.));
#12448=DIRECTION('center_axis',(-1.3840881565863E-13,2.16840434494043E-18,
-1.));
#12449=DIRECTION('ref_axis',(-1.,2.12690975942576E-13,1.3840881565863E-13));
#12450=DIRECTION('',(-1.3840881565863E-13,2.16840434494043E-18,-1.));
#12451=DIRECTION('center_axis',(1.,4.71844785465725E-16,-1.3840881565863E-13));
#12452=DIRECTION('ref_axis',(4.71844785465725E-16,-1.,-2.16840434500571E-18));
#12453=DIRECTION('',(-1.3840881565863E-13,2.16840434494043E-18,-1.));
#12454=DIRECTION('center_axis',(-1.3840881565863E-13,2.16840434494043E-18,
-1.));
#12455=DIRECTION('ref_axis',(-4.71844785465725E-16,1.,2.16840434500573E-18));
#12456=DIRECTION('center_axis',(-1.3840881565863E-13,2.16840434494043E-18,
-1.));
#12457=DIRECTION('ref_axis',(1.,4.71844785465725E-16,-1.3840881565863E-13));
#12458=DIRECTION('',(-1.3840881565863E-13,2.16840434494043E-18,-1.));
#12459=DIRECTION('center_axis',(-1.,-4.71844785465725E-16,1.3840881565863E-13));
#12460=DIRECTION('ref_axis',(-4.71844785465725E-16,1.,2.16840434500571E-18));
#12461=DIRECTION('',(-1.3840881565863E-13,2.16840434494043E-18,-1.));
#12462=DIRECTION('center_axis',(-1.3840881565863E-13,2.16840434494043E-18,
-1.));
#12463=DIRECTION('ref_axis',(3.59989815734728E-14,-1.,-2.168404349923E-18));
#12464=DIRECTION('',(-1.3840881565863E-13,2.16840434494043E-18,-1.));
#12465=DIRECTION('center_axis',(-4.71844785465725E-16,1.,2.16840434500573E-18));
#12466=DIRECTION('ref_axis',(1.,4.71844785465725E-16,-1.38531280338545E-13));
#12467=DIRECTION('center_axis',(4.71844785465725E-16,-1.,-2.16840434500573E-18));
#12468=DIRECTION('ref_axis',(-1.,-4.71844785465725E-16,1.38531280338545E-13));
#12469=DIRECTION('',(-1.3840881565863E-13,2.16840434494043E-18,-1.));
#12470=DIRECTION('',(-1.3840881565863E-13,2.16840434494043E-18,-1.));
#12471=DIRECTION('center_axis',(-1.3840881565863E-13,2.16840434494043E-18,
-1.));
#12472=DIRECTION('ref_axis',(1.,4.71844785465725E-16,-1.3840881565863E-13));
#12473=DIRECTION('',(-1.3840881565863E-13,2.16840434494043E-18,-1.));
#12474=DIRECTION('center_axis',(-1.,-4.71844785465725E-16,1.3840881565863E-13));
#12475=DIRECTION('ref_axis',(-4.71844785465725E-16,1.,2.16840434500571E-18));
#12476=DIRECTION('',(-1.3840881565863E-13,2.16840434494043E-18,-1.));
#12477=DIRECTION('center_axis',(-1.3840881565863E-13,2.16840434494043E-18,
-1.));
#12478=DIRECTION('ref_axis',(7.15261183614798E-14,-1.,-2.16840435484027E-18));
#12479=DIRECTION('',(-1.3840881565863E-13,2.16840434494043E-18,-1.));
#12480=DIRECTION('center_axis',(-4.71844785465725E-16,1.,2.16840434500573E-18));
#12481=DIRECTION('ref_axis',(1.,4.71844785465725E-16,-1.38531280338545E-13));
#12482=DIRECTION('',(-1.3840881565863E-13,2.16840434494043E-18,-1.));
#12483=DIRECTION('center_axis',(-1.3840881565863E-13,2.16840434494043E-18,
-1.));
#12484=DIRECTION('ref_axis',(-1.,-5.37625499674687E-14,1.3840881565863E-13));
#12485=DIRECTION('',(-1.3840881565863E-13,2.16840434494043E-18,-1.));
#12486=DIRECTION('center_axis',(1.,4.71844785465725E-16,-1.3840881565863E-13));
#12487=DIRECTION('ref_axis',(4.71844785465725E-16,-1.,-2.16840434500571E-18));
#12488=DIRECTION('',(-1.3840881565863E-13,2.16840434494043E-18,-1.));
#12489=DIRECTION('center_axis',(-1.3840881565863E-13,2.16840434494043E-18,
-1.));
#12490=DIRECTION('ref_axis',(-4.71844785465725E-16,1.,2.16840434500573E-18));
#12491=DIRECTION('center_axis',(4.71844785465725E-16,-1.,-2.16840434500573E-18));
#12492=DIRECTION('ref_axis',(-1.,-4.71844785465725E-16,1.38531280338545E-13));
#12493=DIRECTION('',(-1.3840881565863E-13,2.16840434494043E-18,-1.));
#12494=DIRECTION('',(-1.3840881565863E-13,2.16840434494043E-18,-1.));
#12495=DIRECTION('center_axis',(-1.3840881565863E-13,2.16840434494043E-18,
-1.));
#12496=DIRECTION('ref_axis',(1.,4.71844785465725E-16,-1.3840881565863E-13));
#12497=DIRECTION('',(-1.3840881565863E-13,2.16840434494043E-18,-1.));
#12498=DIRECTION('center_axis',(-1.,-4.71844785465725E-16,1.3840881565863E-13));
#12499=DIRECTION('ref_axis',(-4.71844785465725E-16,1.,2.16840434500571E-18));
#12500=DIRECTION('',(-1.3840881565863E-13,2.16840434494043E-18,-1.));
#12501=DIRECTION('center_axis',(-1.3840881565863E-13,2.16840434494043E-18,
-1.));
#12502=DIRECTION('ref_axis',(3.59989815734728E-14,-1.,-2.168404349923E-18));
#12503=DIRECTION('',(-1.3840881565863E-13,2.16840434494043E-18,-1.));
#12504=DIRECTION('center_axis',(-4.71844785465725E-16,1.,2.16840434500573E-18));
#12505=DIRECTION('ref_axis',(1.,4.71844785465725E-16,-1.38531280338545E-13));
#12506=DIRECTION('',(-1.3840881565863E-13,2.16840434494043E-18,-1.));
#12507=DIRECTION('center_axis',(-1.3840881565863E-13,2.16840434494043E-18,
-1.));
#12508=DIRECTION('ref_axis',(-1.,2.12690975942546E-13,1.3840881565863E-13));
#12509=DIRECTION('',(-1.3840881565863E-13,2.16840434494043E-18,-1.));
#12510=DIRECTION('center_axis',(1.,4.71844785465725E-16,-1.3840881565863E-13));
#12511=DIRECTION('ref_axis',(4.71844785465725E-16,-1.,-2.16840434500571E-18));
#12512=DIRECTION('',(-1.3840881565863E-13,2.16840434494043E-18,-1.));
#12513=DIRECTION('center_axis',(-1.3840881565863E-13,2.16840434494043E-18,
-1.));
#12514=DIRECTION('ref_axis',(-4.71844785465725E-16,1.,2.16840434500573E-18));
#12515=DIRECTION('center_axis',(4.71844785465725E-16,-1.,-2.16840434500573E-18));
#12516=DIRECTION('ref_axis',(-1.,-4.71844785465725E-16,1.38531280338545E-13));
#12517=DIRECTION('',(-1.3840881565863E-13,2.16840434494043E-18,-1.));
#12518=DIRECTION('',(-1.3840881565863E-13,2.16840434494043E-18,-1.));
#12519=DIRECTION('center_axis',(-1.3840881565863E-13,2.16840434494043E-18,
-1.));
#12520=DIRECTION('ref_axis',(1.,4.71844785465725E-16,-1.3840881565863E-13));
#12521=DIRECTION('',(-1.3840881565863E-13,2.16840434494043E-18,-1.));
#12522=DIRECTION('center_axis',(-1.,-4.71844785465725E-16,1.3840881565863E-13));
#12523=DIRECTION('ref_axis',(-4.71844785465725E-16,1.,2.16840434500571E-18));
#12524=DIRECTION('',(-1.3840881565863E-13,2.16840434494043E-18,-1.));
#12525=DIRECTION('center_axis',(-1.3840881565863E-13,2.16840434494043E-18,
-1.));
#12526=DIRECTION('ref_axis',(7.15261183614798E-14,-1.,-2.16840435484027E-18));
#12527=DIRECTION('',(-1.3840881565863E-13,2.16840434494043E-18,-1.));
#12528=DIRECTION('center_axis',(-4.71844785465725E-16,1.,2.16840434500573E-18));
#12529=DIRECTION('ref_axis',(1.,4.71844785465725E-16,-1.38531280338545E-13));
#12530=DIRECTION('',(-1.3840881565863E-13,2.16840434494043E-18,-1.));
#12531=DIRECTION('center_axis',(-1.3840881565863E-13,2.16840434494043E-18,
-1.));
#12532=DIRECTION('ref_axis',(-1.,2.12690975942576E-13,1.3840881565863E-13));
#12533=DIRECTION('',(-1.3840881565863E-13,2.16840434494043E-18,-1.));
#12534=DIRECTION('center_axis',(1.,4.71844785465725E-16,-1.3840881565863E-13));
#12535=DIRECTION('ref_axis',(4.71844785465725E-16,-1.,-2.16840434500571E-18));
#12536=DIRECTION('',(-1.3840881565863E-13,2.16840434494043E-18,-1.));
#12537=DIRECTION('center_axis',(-1.3840881565863E-13,2.16840434494043E-18,
-1.));
#12538=DIRECTION('ref_axis',(-4.71844785465725E-16,1.,2.16840434500573E-18));
#12539=DIRECTION('center_axis',(4.71844785465725E-16,-1.,-2.16840434500573E-18));
#12540=DIRECTION('ref_axis',(-1.,-4.71844785465725E-16,1.38531280338545E-13));
#12541=DIRECTION('',(-1.3840881565863E-13,2.16840434494043E-18,-1.));
#12542=DIRECTION('',(-1.3840881565863E-13,2.16840434494043E-18,-1.));
#12543=DIRECTION('center_axis',(-1.3840881565863E-13,2.16840434494043E-18,
-1.));
#12544=DIRECTION('ref_axis',(1.,4.71844785465725E-16,-1.3840881565863E-13));
#12545=DIRECTION('',(-1.3840881565863E-13,2.16840434494043E-18,-1.));
#12546=DIRECTION('center_axis',(-1.,-4.71844785465725E-16,1.3840881565863E-13));
#12547=DIRECTION('ref_axis',(-4.71844785465725E-16,1.,2.16840434500571E-18));
#12548=DIRECTION('',(-1.3840881565863E-13,2.16840434494043E-18,-1.));
#12549=DIRECTION('center_axis',(-1.3840881565863E-13,2.16840434494043E-18,
-1.));
#12550=DIRECTION('ref_axis',(-7.05824287905483E-14,-1.,-2.1684043351712E-18));
#12551=DIRECTION('',(-1.3840881565863E-13,2.16840434494043E-18,-1.));
#12552=DIRECTION('center_axis',(-4.71844785465725E-16,1.,2.16840434500573E-18));
#12553=DIRECTION('ref_axis',(1.,4.71844785465725E-16,-1.38531280338545E-13));
#12554=DIRECTION('',(-1.3840881565863E-13,2.16840434494043E-18,-1.));
#12555=DIRECTION('center_axis',(-1.3840881565863E-13,2.16840434494043E-18,
-1.));
#12556=DIRECTION('ref_axis',(-1.,-7.15261183614697E-14,1.3840881565863E-13));
#12557=DIRECTION('',(-1.3840881565863E-13,2.16840434494043E-18,-1.));
#12558=DIRECTION('center_axis',(1.,4.71844785465725E-16,-1.3840881565863E-13));
#12559=DIRECTION('ref_axis',(4.71844785465725E-16,-1.,-2.16840434500571E-18));
#12560=DIRECTION('',(-1.3840881565863E-13,2.16840434494043E-18,-1.));
#12561=DIRECTION('center_axis',(-1.3840881565863E-13,2.16840434494043E-18,
-1.));
#12562=DIRECTION('ref_axis',(-4.71844785465725E-16,1.,2.16840434500573E-18));
#12563=DIRECTION('center_axis',(4.71844785465725E-16,-1.,-2.16840434500573E-18));
#12564=DIRECTION('ref_axis',(-1.,-4.71844785465725E-16,1.38531280338545E-13));
#12565=DIRECTION('',(-1.3840881565863E-13,2.16840434494043E-18,-1.));
#12566=DIRECTION('',(-1.3840881565863E-13,2.16840434494043E-18,-1.));
#12567=DIRECTION('center_axis',(-1.3840881565863E-13,2.16840434494043E-18,
-1.));
#12568=DIRECTION('ref_axis',(1.,4.71844785465725E-16,-1.3840881565863E-13));
#12569=DIRECTION('',(-1.3840881565863E-13,2.16840434494043E-18,-1.));
#12570=DIRECTION('center_axis',(-1.,-4.71844785465725E-16,1.3840881565863E-13));
#12571=DIRECTION('ref_axis',(-4.71844785465725E-16,1.,2.16840434500571E-18));
#12572=DIRECTION('',(-1.3840881565863E-13,2.16840434494043E-18,-1.));
#12573=DIRECTION('center_axis',(-1.3840881565863E-13,2.16840434494043E-18,
-1.));
#12574=DIRECTION('ref_axis',(-7.05824287905483E-14,-1.,-2.1684043351712E-18));
#12575=DIRECTION('',(-1.3840881565863E-13,2.16840434494043E-18,-1.));
#12576=DIRECTION('center_axis',(-4.71844785465725E-16,1.,2.16840434500573E-18));
#12577=DIRECTION('ref_axis',(1.,4.71844785465725E-16,-1.38531280338545E-13));
#12578=DIRECTION('',(-1.3840881565863E-13,2.16840434494043E-18,-1.));
#12579=DIRECTION('center_axis',(-1.3840881565863E-13,2.16840434494043E-18,
-1.));
#12580=DIRECTION('ref_axis',(-1.,-5.37625499674687E-14,1.3840881565863E-13));
#12581=DIRECTION('',(-1.3840881565863E-13,2.16840434494043E-18,-1.));
#12582=DIRECTION('center_axis',(1.,4.71844785465725E-16,-1.3840881565863E-13));
#12583=DIRECTION('ref_axis',(4.71844785465725E-16,-1.,-2.16840434500571E-18));
#12584=DIRECTION('',(-1.3840881565863E-13,2.16840434494043E-18,-1.));
#12585=DIRECTION('center_axis',(-1.3840881565863E-13,2.16840434494043E-18,
-1.));
#12586=DIRECTION('ref_axis',(-4.71844785465725E-16,1.,2.16840434500573E-18));
#12587=DIRECTION('center_axis',(4.71844785465725E-16,-1.,-2.16840434500573E-18));
#12588=DIRECTION('ref_axis',(-1.,-4.71844785465725E-16,1.38531280338545E-13));
#12589=DIRECTION('',(-1.3840881565863E-13,2.16840434494043E-18,-1.));
#12590=DIRECTION('',(-1.3840881565863E-13,2.16840434494043E-18,-1.));
#12591=DIRECTION('center_axis',(-1.3840881565863E-13,2.16840434494043E-18,
-1.));
#12592=DIRECTION('ref_axis',(1.,4.71844785465725E-16,-1.3840881565863E-13));
#12593=DIRECTION('',(-1.3840881565863E-13,2.16840434494043E-18,-1.));
#12594=DIRECTION('center_axis',(-1.,-4.71844785465725E-16,1.3840881565863E-13));
#12595=DIRECTION('ref_axis',(-4.71844785465725E-16,1.,2.16840434500571E-18));
#12596=DIRECTION('',(-1.3840881565863E-13,2.16840434494043E-18,-1.));
#12597=DIRECTION('center_axis',(-1.3840881565863E-13,2.16840434494043E-18,
-1.));
#12598=DIRECTION('ref_axis',(7.15261183614798E-14,-1.,-2.16840435484027E-18));
#12599=DIRECTION('',(-1.3840881565863E-13,2.16840434494043E-18,-1.));
#12600=DIRECTION('center_axis',(-4.71844785465725E-16,1.,2.16840434500573E-18));
#12601=DIRECTION('ref_axis',(1.,4.71844785465725E-16,-1.38531280338545E-13));
#12602=DIRECTION('',(-1.3840881565863E-13,2.16840434494043E-18,-1.));
#12603=DIRECTION('center_axis',(-1.3840881565863E-13,2.16840434494043E-18,
-1.));
#12604=DIRECTION('ref_axis',(-1.,-7.15261183614697E-14,1.3840881565863E-13));
#12605=DIRECTION('',(-1.3840881565863E-13,2.16840434494043E-18,-1.));
#12606=DIRECTION('center_axis',(1.,4.71844785465725E-16,-1.3840881565863E-13));
#12607=DIRECTION('ref_axis',(4.71844785465725E-16,-1.,-2.16840434500571E-18));
#12608=DIRECTION('',(-1.3840881565863E-13,2.16840434494043E-18,-1.));
#12609=DIRECTION('center_axis',(-1.3840881565863E-13,2.16840434494043E-18,
-1.));
#12610=DIRECTION('ref_axis',(-4.71844785465725E-16,1.,2.16840434500573E-18));
#12611=DIRECTION('center_axis',(4.71844785465725E-16,-1.,-2.16840434500573E-18));
#12612=DIRECTION('ref_axis',(-1.,-4.71844785465725E-16,1.38531280338545E-13));
#12613=DIRECTION('',(-1.3840881565863E-13,2.16840434494043E-18,-1.));
#12614=DIRECTION('',(-1.3840881565863E-13,2.16840434494043E-18,-1.));
#12615=DIRECTION('center_axis',(-1.3840881565863E-13,2.16840434494043E-18,
-1.));
#12616=DIRECTION('ref_axis',(1.,4.71844785465725E-16,-1.3840881565863E-13));
#12617=DIRECTION('',(-1.3840881565863E-13,2.16840434494043E-18,-1.));
#12618=DIRECTION('center_axis',(-1.,-4.71844785465725E-16,1.3840881565863E-13));
#12619=DIRECTION('ref_axis',(-4.71844785465725E-16,1.,2.16840434500571E-18));
#12620=DIRECTION('',(-1.3840881565863E-13,2.16840434494043E-18,-1.));
#12621=DIRECTION('center_axis',(-1.3840881565863E-13,2.16840434494043E-18,
-1.));
#12622=DIRECTION('ref_axis',(7.15261183614798E-14,-1.,-2.16840435484027E-18));
#12623=DIRECTION('',(-1.3840881565863E-13,2.16840434494043E-18,-1.));
#12624=DIRECTION('center_axis',(-4.71844785465725E-16,1.,2.16840434500573E-18));
#12625=DIRECTION('ref_axis',(1.,4.71844785465725E-16,-1.38531280338545E-13));
#12626=DIRECTION('',(-1.3840881565863E-13,2.16840434494043E-18,-1.));
#12627=DIRECTION('center_axis',(-1.3840881565863E-13,2.16840434494043E-18,
-1.));
#12628=DIRECTION('ref_axis',(-1.,1.06109565578555E-13,1.3840881565863E-13));
#12629=DIRECTION('',(-1.3840881565863E-13,2.16840434494043E-18,-1.));
#12630=DIRECTION('center_axis',(1.,4.71844785465725E-16,-1.3840881565863E-13));
#12631=DIRECTION('ref_axis',(4.71844785465725E-16,-1.,-2.16840434500571E-18));
#12632=DIRECTION('',(-1.3840881565863E-13,2.16840434494043E-18,-1.));
#12633=DIRECTION('center_axis',(-1.3840881565863E-13,2.16840434494043E-18,
-1.));
#12634=DIRECTION('ref_axis',(-4.71844785465725E-16,1.,2.16840434500573E-18));
#12635=DIRECTION('center_axis',(4.71844785465725E-16,-1.,-2.16840434500573E-18));
#12636=DIRECTION('ref_axis',(-1.,-4.71844785465725E-16,1.38531280338545E-13));
#12637=DIRECTION('',(-1.3840881565863E-13,2.16840434494043E-18,-1.));
#12638=DIRECTION('',(-1.3840881565863E-13,2.16840434494043E-18,-1.));
#12639=DIRECTION('center_axis',(-1.3840881565863E-13,2.16840434494043E-18,
-1.));
#12640=DIRECTION('ref_axis',(1.,4.71844785465725E-16,-1.3840881565863E-13));
#12641=DIRECTION('',(-1.3840881565863E-13,2.16840434494043E-18,-1.));
#12642=DIRECTION('center_axis',(-1.,-4.71844785465725E-16,1.3840881565863E-13));
#12643=DIRECTION('ref_axis',(-4.71844785465725E-16,1.,2.16840434500571E-18));
#12644=DIRECTION('',(-1.3840881565863E-13,2.16840434494043E-18,-1.));
#12645=DIRECTION('center_axis',(-1.3840881565863E-13,2.16840434494043E-18,
-1.));
#12646=DIRECTION('ref_axis',(3.59989815734728E-14,-1.,-2.168404349923E-18));
#12647=DIRECTION('',(-1.3840881565863E-13,2.16840434494043E-18,-1.));
#12648=DIRECTION('center_axis',(-4.71844785465725E-16,1.,2.16840434500573E-18));
#12649=DIRECTION('ref_axis',(1.,4.71844785465725E-16,-1.38531280338545E-13));
#12650=DIRECTION('',(-1.3840881565863E-13,2.16840434494043E-18,-1.));
#12651=DIRECTION('center_axis',(-1.3840881565863E-13,2.16840434494043E-18,
-1.));
#12652=DIRECTION('ref_axis',(-1.,2.30454544336547E-13,1.3840881565863E-13));
#12653=DIRECTION('',(-1.3840881565863E-13,2.16840434494043E-18,-1.));
#12654=DIRECTION('center_axis',(1.,4.71844785465725E-16,-1.3840881565863E-13));
#12655=DIRECTION('ref_axis',(4.71844785465725E-16,-1.,-2.16840434500571E-18));
#12656=DIRECTION('',(-1.3840881565863E-13,2.16840434494043E-18,-1.));
#12657=DIRECTION('center_axis',(-1.3840881565863E-13,2.16840434494043E-18,
-1.));
#12658=DIRECTION('ref_axis',(-4.71844785465725E-16,1.,2.16840434500573E-18));
#12659=DIRECTION('center_axis',(-1.3840881565863E-13,2.16840434494043E-18,
-1.));
#12660=DIRECTION('ref_axis',(1.,4.71844785465725E-16,-1.3840881565863E-13));
#12661=DIRECTION('',(-1.3840881565863E-13,2.16840434494043E-18,-1.));
#12662=DIRECTION('center_axis',(-1.,-4.71844785465725E-16,1.3840881565863E-13));
#12663=DIRECTION('ref_axis',(-4.71844785465725E-16,1.,2.16840434500571E-18));
#12664=DIRECTION('',(-1.3840881565863E-13,2.16840434494043E-18,-1.));
#12665=DIRECTION('center_axis',(-1.3840881565863E-13,2.16840434494043E-18,
-1.));
#12666=DIRECTION('ref_axis',(3.59989815734728E-14,-1.,-2.168404349923E-18));
#12667=DIRECTION('',(-1.3840881565863E-13,2.16840434494043E-18,-1.));
#12668=DIRECTION('center_axis',(-4.71844785465725E-16,1.,2.16840434500573E-18));
#12669=DIRECTION('ref_axis',(1.,4.71844785465725E-16,-1.38531280338545E-13));
#12670=DIRECTION('center_axis',(4.71844785465725E-16,-1.,-2.16840434500573E-18));
#12671=DIRECTION('ref_axis',(-1.,-4.71844785465725E-16,1.38531280338545E-13));
#12672=DIRECTION('',(-1.3840881565863E-13,2.16840434494043E-18,-1.));
#12673=DIRECTION('',(-1.3840881565863E-13,2.16840434494043E-18,-1.));
#12674=DIRECTION('center_axis',(-1.3840881565863E-13,2.16840434494043E-18,
-1.));
#12675=DIRECTION('ref_axis',(1.,4.71844785465725E-16,-1.3840881565863E-13));
#12676=DIRECTION('',(-1.3840881565863E-13,2.16840434494043E-18,-1.));
#12677=DIRECTION('center_axis',(-1.,-4.71844785465725E-16,1.3840881565863E-13));
#12678=DIRECTION('ref_axis',(-4.71844785465725E-16,1.,2.16840434500571E-18));
#12679=DIRECTION('',(-1.3840881565863E-13,2.16840434494043E-18,-1.));
#12680=DIRECTION('center_axis',(-1.3840881565863E-13,2.16840434494043E-18,
-1.));
#12681=DIRECTION('ref_axis',(-7.05824287905483E-14,-1.,-2.1684043351712E-18));
#12682=DIRECTION('',(-1.3840881565863E-13,2.16840434494043E-18,-1.));
#12683=DIRECTION('center_axis',(-4.71844785465725E-16,1.,2.16840434500573E-18));
#12684=DIRECTION('ref_axis',(1.,4.71844785465725E-16,-1.38531280338545E-13));
#12685=DIRECTION('',(-1.3840881565863E-13,2.16840434494043E-18,-1.));
#12686=DIRECTION('center_axis',(-1.3840881565863E-13,2.16840434494043E-18,
-1.));
#12687=DIRECTION('ref_axis',(-1.,-7.15261183614798E-14,1.3840881565863E-13));
#12688=DIRECTION('',(-1.3840881565863E-13,2.16840434494043E-18,-1.));
#12689=DIRECTION('center_axis',(1.,4.71844785465725E-16,-1.3840881565863E-13));
#12690=DIRECTION('ref_axis',(4.71844785465725E-16,-1.,-2.16840434500571E-18));
#12691=DIRECTION('',(-1.3840881565863E-13,2.16840434494043E-18,-1.));
#12692=DIRECTION('center_axis',(-1.3840881565863E-13,2.16840434494043E-18,
-1.));
#12693=DIRECTION('ref_axis',(-4.71844785465725E-16,1.,2.16840434500573E-18));
#12694=DIRECTION('center_axis',(4.71844785465725E-16,-1.,-2.16840434500573E-18));
#12695=DIRECTION('ref_axis',(-1.,-4.71844785465725E-16,1.38531280338545E-13));
#12696=DIRECTION('',(-1.3840881565863E-13,2.16840434494043E-18,-1.));
#12697=DIRECTION('',(-1.3840881565863E-13,2.16840434494043E-18,-1.));
#12698=DIRECTION('center_axis',(-1.3840881565863E-13,2.16840434494043E-18,
-1.));
#12699=DIRECTION('ref_axis',(1.,4.71844785465725E-16,-1.3840881565863E-13));
#12700=DIRECTION('',(-1.3840881565863E-13,2.16840434494043E-18,-1.));
#12701=DIRECTION('center_axis',(-1.,-4.71844785465725E-16,1.3840881565863E-13));
#12702=DIRECTION('ref_axis',(-4.71844785465725E-16,1.,2.16840434500571E-18));
#12703=DIRECTION('',(-1.3840881565863E-13,2.16840434494043E-18,-1.));
#12704=DIRECTION('center_axis',(-1.3840881565863E-13,2.16840434494043E-18,
-1.));
#12705=DIRECTION('ref_axis',(-7.05824287905483E-14,-1.,-2.1684043351712E-18));
#12706=DIRECTION('',(-1.3840881565863E-13,2.16840434494043E-18,-1.));
#12707=DIRECTION('center_axis',(-4.71844785465725E-16,1.,2.16840434500573E-18));
#12708=DIRECTION('ref_axis',(1.,4.71844785465725E-16,-1.38531280338545E-13));
#12709=DIRECTION('',(-1.3840881565863E-13,2.16840434494043E-18,-1.));
#12710=DIRECTION('center_axis',(-1.3840881565863E-13,2.16840434494043E-18,
-1.));
#12711=DIRECTION('ref_axis',(-1.,-5.82034420659689E-14,1.3840881565863E-13));
#12712=DIRECTION('',(-1.3840881565863E-13,2.16840434494043E-18,-1.));
#12713=DIRECTION('center_axis',(1.,4.71844785465725E-16,-1.3840881565863E-13));
#12714=DIRECTION('ref_axis',(4.71844785465725E-16,-1.,-2.16840434500571E-18));
#12715=DIRECTION('',(-1.3840881565863E-13,2.16840434494043E-18,-1.));
#12716=DIRECTION('center_axis',(-1.3840881565863E-13,2.16840434494043E-18,
-1.));
#12717=DIRECTION('ref_axis',(-4.71844785465725E-16,1.,2.16840434500573E-18));
#12718=DIRECTION('center_axis',(4.71844785465725E-16,-1.,-2.16840434500573E-18));
#12719=DIRECTION('ref_axis',(-1.,-4.71844785465725E-16,1.38531280338545E-13));
#12720=DIRECTION('',(-1.3840881565863E-13,2.16840434494043E-18,-1.));
#12721=DIRECTION('',(-1.3840881565863E-13,2.16840434494043E-18,-1.));
#12722=DIRECTION('center_axis',(-1.3840881565863E-13,2.16840434494043E-18,
-1.));
#12723=DIRECTION('ref_axis',(1.,4.71844785465725E-16,-1.3840881565863E-13));
#12724=DIRECTION('',(-1.3840881565863E-13,2.16840434494043E-18,-1.));
#12725=DIRECTION('center_axis',(-1.,-4.71844785465725E-16,1.3840881565863E-13));
#12726=DIRECTION('ref_axis',(-4.71844785465725E-16,1.,2.16840434500571E-18));
#12727=DIRECTION('',(-1.3840881565863E-13,2.16840434494043E-18,-1.));
#12728=DIRECTION('center_axis',(-1.3840881565863E-13,2.16840434494043E-18,
-1.));
#12729=DIRECTION('ref_axis',(-7.05824287905483E-14,-1.,-2.1684043351712E-18));
#12730=DIRECTION('',(-1.3840881565863E-13,2.16840434494043E-18,-1.));
#12731=DIRECTION('center_axis',(-4.71844785465725E-16,1.,2.16840434500573E-18));
#12732=DIRECTION('ref_axis',(1.,4.71844785465725E-16,-1.38531280338545E-13));
#12733=DIRECTION('',(-1.3840881565863E-13,2.16840434494043E-18,-1.));
#12734=DIRECTION('center_axis',(-1.3840881565863E-13,2.16840434494043E-18,
-1.));
#12735=DIRECTION('ref_axis',(-1.,-5.82034420659771E-14,1.3840881565863E-13));
#12736=DIRECTION('',(-1.3840881565863E-13,2.16840434494043E-18,-1.));
#12737=DIRECTION('center_axis',(1.,4.71844785465725E-16,-1.3840881565863E-13));
#12738=DIRECTION('ref_axis',(4.71844785465725E-16,-1.,-2.16840434500571E-18));
#12739=DIRECTION('',(-1.3840881565863E-13,2.16840434494043E-18,-1.));
#12740=DIRECTION('center_axis',(-1.3840881565863E-13,2.16840434494043E-18,
-1.));
#12741=DIRECTION('ref_axis',(-4.71844785465725E-16,1.,2.16840434500573E-18));
#12742=DIRECTION('center_axis',(-1.3840881565863E-13,2.16840434494043E-18,
-1.));
#12743=DIRECTION('ref_axis',(1.,4.71844785465725E-16,-1.3840881565863E-13));
#12744=DIRECTION('',(-1.3840881565863E-13,2.16840434494043E-18,-1.));
#12745=DIRECTION('center_axis',(-1.,-4.71844785465725E-16,1.3840881565863E-13));
#12746=DIRECTION('ref_axis',(-4.71844785465725E-16,1.,2.16840434500571E-18));
#12747=DIRECTION('',(-1.3840881565863E-13,2.16840434494043E-18,-1.));
#12748=DIRECTION('center_axis',(-1.3840881565863E-13,2.16840434494043E-18,
-1.));
#12749=DIRECTION('ref_axis',(-7.05824287905483E-14,-1.,-2.1684043351712E-18));
#12750=DIRECTION('',(-1.3840881565863E-13,2.16840434494043E-18,-1.));
#12751=DIRECTION('center_axis',(-4.71844785465725E-16,1.,2.16840434500573E-18));
#12752=DIRECTION('ref_axis',(1.,4.71844785465725E-16,-1.38531280338545E-13));
#12753=DIRECTION('center_axis',(4.71844785465725E-16,-1.,-2.16840434500573E-18));
#12754=DIRECTION('ref_axis',(-1.,-4.71844785465725E-16,1.38531280338545E-13));
#12755=DIRECTION('',(-1.3840881565863E-13,2.16840434494043E-18,-1.));
#12756=DIRECTION('',(-1.3840881565863E-13,2.16840434494043E-18,-1.));
#12757=DIRECTION('center_axis',(-1.3840881565863E-13,2.16840434494043E-18,
-1.));
#12758=DIRECTION('ref_axis',(1.,4.71844785465725E-16,-1.3840881565863E-13));
#12759=DIRECTION('',(-1.3840881565863E-13,2.16840434494043E-18,-1.));
#12760=DIRECTION('center_axis',(-1.,-4.71844785465725E-16,1.3840881565863E-13));
#12761=DIRECTION('ref_axis',(-4.71844785465725E-16,1.,2.16840434500571E-18));
#12762=DIRECTION('',(-1.3840881565863E-13,2.16840434494043E-18,-1.));
#12763=DIRECTION('center_axis',(-1.3840881565863E-13,2.16840434494043E-18,
-1.));
#12764=DIRECTION('ref_axis',(-7.05824287905483E-14,-1.,-2.1684043351712E-18));
#12765=DIRECTION('',(-1.3840881565863E-13,2.16840434494043E-18,-1.));
#12766=DIRECTION('center_axis',(-4.71844785465725E-16,1.,2.16840434500573E-18));
#12767=DIRECTION('ref_axis',(1.,4.71844785465725E-16,-1.38531280338545E-13));
#12768=DIRECTION('',(-1.3840881565863E-13,2.16840434494043E-18,-1.));
#12769=DIRECTION('center_axis',(-1.3840881565863E-13,2.16840434494043E-18,
-1.));
#12770=DIRECTION('ref_axis',(-1.,2.12690975942576E-13,1.3840881565863E-13));
#12771=DIRECTION('',(-1.3840881565863E-13,2.16840434494043E-18,-1.));
#12772=DIRECTION('center_axis',(1.,4.71844785465725E-16,-1.3840881565863E-13));
#12773=DIRECTION('ref_axis',(4.71844785465725E-16,-1.,-2.16840434500571E-18));
#12774=DIRECTION('',(-1.3840881565863E-13,2.16840434494043E-18,-1.));
#12775=DIRECTION('center_axis',(-1.3840881565863E-13,2.16840434494043E-18,
-1.));
#12776=DIRECTION('ref_axis',(-4.71844785465725E-16,1.,2.16840434500573E-18));
#12777=DIRECTION('center_axis',(4.71844785465725E-16,-1.,-2.16840434500573E-18));
#12778=DIRECTION('ref_axis',(-1.,-4.71844785465725E-16,1.38531280338545E-13));
#12779=DIRECTION('',(-1.3840881565863E-13,2.16840434494043E-18,-1.));
#12780=DIRECTION('',(-1.3840881565863E-13,2.16840434494043E-18,-1.));
#12781=DIRECTION('center_axis',(-1.3840881565863E-13,2.16840434494043E-18,
-1.));
#12782=DIRECTION('ref_axis',(1.,4.71844785465725E-16,-1.3840881565863E-13));
#12783=DIRECTION('',(-1.3840881565863E-13,2.16840434494043E-18,-1.));
#12784=DIRECTION('center_axis',(-1.,-4.71844785465725E-16,1.3840881565863E-13));
#12785=DIRECTION('ref_axis',(-4.71844785465725E-16,1.,2.16840434500571E-18));
#12786=DIRECTION('',(-1.3840881565863E-13,2.16840434494043E-18,-1.));
#12787=DIRECTION('center_axis',(-1.3840881565863E-13,2.16840434494043E-18,
-1.));
#12788=DIRECTION('ref_axis',(-7.05824287905483E-14,-1.,-2.1684043351712E-18));
#12789=DIRECTION('',(-1.3840881565863E-13,2.16840434494043E-18,-1.));
#12790=DIRECTION('center_axis',(-4.71844785465725E-16,1.,2.16840434500573E-18));
#12791=DIRECTION('ref_axis',(1.,4.71844785465725E-16,-1.38531280338545E-13));
#12792=DIRECTION('',(-1.3840881565863E-13,2.16840434494043E-18,-1.));
#12793=DIRECTION('center_axis',(-1.3840881565863E-13,2.16840434494043E-18,
-1.));
#12794=DIRECTION('ref_axis',(-1.,-5.37625499674763E-14,1.3840881565863E-13));
#12795=DIRECTION('',(-1.3840881565863E-13,2.16840434494043E-18,-1.));
#12796=DIRECTION('center_axis',(1.,4.71844785465725E-16,-1.3840881565863E-13));
#12797=DIRECTION('ref_axis',(4.71844785465725E-16,-1.,-2.16840434500571E-18));
#12798=DIRECTION('',(-1.3840881565863E-13,2.16840434494043E-18,-1.));
#12799=DIRECTION('center_axis',(-1.3840881565863E-13,2.16840434494043E-18,
-1.));
#12800=DIRECTION('ref_axis',(-4.71844785465725E-16,1.,2.16840434500573E-18));
#12801=DIRECTION('center_axis',(4.71844785465725E-16,-1.,-2.16840434500573E-18));
#12802=DIRECTION('ref_axis',(-1.,-4.71844785465725E-16,1.38531280338545E-13));
#12803=DIRECTION('',(-1.3840881565863E-13,2.16840434494043E-18,-1.));
#12804=DIRECTION('',(-1.3840881565863E-13,2.16840434494043E-18,-1.));
#12805=DIRECTION('center_axis',(-1.3840881565863E-13,2.16840434494043E-18,
-1.));
#12806=DIRECTION('ref_axis',(1.,4.71844785465725E-16,-1.3840881565863E-13));
#12807=DIRECTION('',(-1.3840881565863E-13,2.16840434494043E-18,-1.));
#12808=DIRECTION('center_axis',(-1.,-4.71844785465725E-16,1.3840881565863E-13));
#12809=DIRECTION('ref_axis',(-4.71844785465725E-16,1.,2.16840434500571E-18));
#12810=DIRECTION('',(-1.3840881565863E-13,2.16840434494043E-18,-1.));
#12811=DIRECTION('center_axis',(-1.3840881565863E-13,2.16840434494043E-18,
-1.));
#12812=DIRECTION('ref_axis',(4.71844785465725E-16,-1.,-2.16840434500573E-18));
#12813=DIRECTION('',(-1.3840881565863E-13,2.16840434494043E-18,-1.));
#12814=DIRECTION('center_axis',(-4.71844785465725E-16,1.,2.16840434500573E-18));
#12815=DIRECTION('ref_axis',(1.,4.71844785465725E-16,-1.38531280338545E-13));
#12816=DIRECTION('',(-1.3840881565863E-13,2.16840434494043E-18,-1.));
#12817=DIRECTION('center_axis',(-1.3840881565863E-13,2.16840434494043E-18,
-1.));
#12818=DIRECTION('ref_axis',(-1.,-7.15261183614697E-14,1.3840881565863E-13));
#12819=DIRECTION('',(-1.3840881565863E-13,2.16840434494043E-18,-1.));
#12820=DIRECTION('center_axis',(1.,4.71844785465725E-16,-1.3840881565863E-13));
#12821=DIRECTION('ref_axis',(4.71844785465725E-16,-1.,-2.16840434500571E-18));
#12822=DIRECTION('',(-1.3840881565863E-13,2.16840434494043E-18,-1.));
#12823=DIRECTION('center_axis',(-1.3840881565863E-13,2.16840434494043E-18,
-1.));
#12824=DIRECTION('ref_axis',(-4.71844785465725E-16,1.,2.16840434500573E-18));
#12825=DIRECTION('center_axis',(-1.3840881565863E-13,2.16840434494043E-18,
-1.));
#12826=DIRECTION('ref_axis',(1.,4.71844785465725E-16,-1.3840881565863E-13));
#12827=DIRECTION('',(-1.3840881565863E-13,2.16840434494043E-18,-1.));
#12828=DIRECTION('center_axis',(-1.,-4.71844785465725E-16,1.3840881565863E-13));
#12829=DIRECTION('ref_axis',(-4.71844785465725E-16,1.,2.16840434500571E-18));
#12830=DIRECTION('',(-1.3840881565863E-13,2.16840434494043E-18,-1.));
#12831=DIRECTION('center_axis',(-1.3840881565863E-13,2.16840434494043E-18,
-1.));
#12832=DIRECTION('ref_axis',(4.71844785465725E-16,-1.,-2.16840434500573E-18));
#12833=DIRECTION('',(-1.3840881565863E-13,2.16840434494043E-18,-1.));
#12834=DIRECTION('center_axis',(-4.71844785465725E-16,1.,2.16840434500573E-18));
#12835=DIRECTION('ref_axis',(1.,4.71844785465725E-16,-1.38531280338545E-13));
#12836=DIRECTION('center_axis',(4.71844785465725E-16,-1.,-2.16840434500573E-18));
#12837=DIRECTION('ref_axis',(-1.,-4.71844785465725E-16,1.38531280338545E-13));
#12838=DIRECTION('',(-1.3840881565863E-13,2.16840434494043E-18,-1.));
#12839=DIRECTION('',(-1.3840881565863E-13,2.16840434494043E-18,-1.));
#12840=DIRECTION('center_axis',(-1.3840881565863E-13,2.16840434494043E-18,
-1.));
#12841=DIRECTION('ref_axis',(1.,4.71844785465725E-16,-1.3840881565863E-13));
#12842=DIRECTION('',(-1.3840881565863E-13,2.16840434494043E-18,-1.));
#12843=DIRECTION('center_axis',(-1.,-4.71844785465725E-16,1.3840881565863E-13));
#12844=DIRECTION('ref_axis',(-4.71844785465725E-16,1.,2.16840434500571E-18));
#12845=DIRECTION('',(-1.3840881565863E-13,2.16840434494043E-18,-1.));
#12846=DIRECTION('center_axis',(-1.3840881565863E-13,2.16840434494043E-18,
-1.));
#12847=DIRECTION('ref_axis',(-7.05824287905483E-14,-1.,-2.1684043351712E-18));
#12848=DIRECTION('',(-1.3840881565863E-13,2.16840434494043E-18,-1.));
#12849=DIRECTION('center_axis',(-4.71844785465725E-16,1.,2.16840434500573E-18));
#12850=DIRECTION('ref_axis',(1.,4.71844785465725E-16,-1.38531280338545E-13));
#12851=DIRECTION('',(-1.3840881565863E-13,2.16840434494043E-18,-1.));
#12852=DIRECTION('center_axis',(-1.3840881565863E-13,2.16840434494043E-18,
-1.));
#12853=DIRECTION('ref_axis',(-1.,-5.37625499674763E-14,1.3840881565863E-13));
#12854=DIRECTION('',(-1.3840881565863E-13,2.16840434494043E-18,-1.));
#12855=DIRECTION('center_axis',(1.,4.71844785465725E-16,-1.3840881565863E-13));
#12856=DIRECTION('ref_axis',(4.71844785465725E-16,-1.,-2.16840434500571E-18));
#12857=DIRECTION('',(-1.3840881565863E-13,2.16840434494043E-18,-1.));
#12858=DIRECTION('center_axis',(-1.3840881565863E-13,2.16840434494043E-18,
-1.));
#12859=DIRECTION('ref_axis',(-4.71844785465725E-16,1.,2.16840434500573E-18));
#12860=DIRECTION('center_axis',(4.71844785465725E-16,-1.,-2.16840434500573E-18));
#12861=DIRECTION('ref_axis',(-1.,-4.71844785465725E-16,1.38531280338545E-13));
#12862=DIRECTION('',(-1.3840881565863E-13,2.16840434494043E-18,-1.));
#12863=DIRECTION('',(-1.3840881565863E-13,2.16840434494043E-18,-1.));
#12864=DIRECTION('center_axis',(-1.3840881565863E-13,2.16840434494043E-18,
-1.));
#12865=DIRECTION('ref_axis',(1.,-2.8374524951859E-13,-1.3840881565863E-13));
#12866=DIRECTION('',(-1.3840881565863E-13,2.16840434494043E-18,-1.));
#12867=DIRECTION('center_axis',(-1.,-4.71844785465725E-16,1.3840881565863E-13));
#12868=DIRECTION('ref_axis',(-4.71844785465725E-16,1.,2.16840434500571E-18));
#12869=DIRECTION('',(-1.3840881565863E-13,2.16840434494043E-18,-1.));
#12870=DIRECTION('center_axis',(-1.3840881565863E-13,2.16840434494043E-18,
-1.));
#12871=DIRECTION('ref_axis',(3.59989815734728E-14,-1.,-2.168404349923E-18));
#12872=DIRECTION('',(-1.3840881565863E-13,2.16840434494043E-18,-1.));
#12873=DIRECTION('center_axis',(-4.71844785465725E-16,1.,2.16840434500573E-18));
#12874=DIRECTION('ref_axis',(1.,4.71844785465725E-16,-1.38531280338545E-13));
#12875=DIRECTION('',(-1.3840881565863E-13,2.16840434494043E-18,-1.));
#12876=DIRECTION('center_axis',(-1.3840881565863E-13,2.16840434494043E-18,
-1.));
#12877=DIRECTION('ref_axis',(-1.,2.30454544336547E-13,1.3840881565863E-13));
#12878=DIRECTION('',(-1.3840881565863E-13,2.16840434494043E-18,-1.));
#12879=DIRECTION('center_axis',(1.,4.71844785465725E-16,-1.3840881565863E-13));
#12880=DIRECTION('ref_axis',(4.71844785465725E-16,-1.,-2.16840434500571E-18));
#12881=DIRECTION('',(-1.3840881565863E-13,2.16840434494043E-18,-1.));
#12882=DIRECTION('center_axis',(-1.3840881565863E-13,2.16840434494043E-18,
-1.));
#12883=DIRECTION('ref_axis',(-4.71844785465725E-16,1.,2.16840434500573E-18));
#12884=DIRECTION('center_axis',(4.71844785465725E-16,-1.,-2.16840434500573E-18));
#12885=DIRECTION('ref_axis',(-1.,-4.71844785465725E-16,1.38531280338545E-13));
#12886=DIRECTION('',(-1.3840881565863E-13,2.16840434494043E-18,-1.));
#12887=DIRECTION('',(-1.3840881565863E-13,2.16840434494043E-18,-1.));
#12888=DIRECTION('center_axis',(-1.3840881565863E-13,2.16840434494043E-18,
-1.));
#12889=DIRECTION('ref_axis',(1.,4.71844785465725E-16,-1.3840881565863E-13));
#12890=DIRECTION('',(-1.3840881565863E-13,2.16840434494043E-18,-1.));
#12891=DIRECTION('center_axis',(-1.,-4.71844785465725E-16,1.3840881565863E-13));
#12892=DIRECTION('ref_axis',(-4.71844785465725E-16,1.,2.16840434500571E-18));
#12893=DIRECTION('',(-1.3840881565863E-13,2.16840434494043E-18,-1.));
#12894=DIRECTION('center_axis',(-1.3840881565863E-13,2.16840434494043E-18,
-1.));
#12895=DIRECTION('ref_axis',(7.15261183614798E-14,-1.,-2.16840435484027E-18));
#12896=DIRECTION('',(-1.3840881565863E-13,2.16840434494043E-18,-1.));
#12897=DIRECTION('center_axis',(-4.71844785465725E-16,1.,2.16840434500573E-18));
#12898=DIRECTION('ref_axis',(1.,4.71844785465725E-16,-1.38531280338545E-13));
#12899=DIRECTION('',(-1.3840881565863E-13,2.16840434494043E-18,-1.));
#12900=DIRECTION('center_axis',(-1.3840881565863E-13,2.16840434494043E-18,
-1.));
#12901=DIRECTION('ref_axis',(-1.,-5.37625499674763E-14,1.3840881565863E-13));
#12902=DIRECTION('',(-1.3840881565863E-13,2.16840434494043E-18,-1.));
#12903=DIRECTION('center_axis',(1.,4.71844785465725E-16,-1.3840881565863E-13));
#12904=DIRECTION('ref_axis',(4.71844785465725E-16,-1.,-2.16840434500571E-18));
#12905=DIRECTION('',(-1.3840881565863E-13,2.16840434494043E-18,-1.));
#12906=DIRECTION('center_axis',(-1.3840881565863E-13,2.16840434494043E-18,
-1.));
#12907=DIRECTION('ref_axis',(-4.71844785465725E-16,1.,2.16840434500573E-18));
#12908=DIRECTION('center_axis',(4.71844785465725E-16,-1.,-2.16840434500573E-18));
#12909=DIRECTION('ref_axis',(-1.,-4.71844785465725E-16,1.38531280338545E-13));
#12910=DIRECTION('',(-1.3840881565863E-13,2.16840434494043E-18,-1.));
#12911=DIRECTION('',(-1.3840881565863E-13,2.16840434494043E-18,-1.));
#12912=DIRECTION('center_axis',(-1.3840881565863E-13,2.16840434494043E-18,
-1.));
#12913=DIRECTION('ref_axis',(1.,4.71844785465725E-16,-1.3840881565863E-13));
#12914=DIRECTION('',(-1.3840881565863E-13,2.16840434494043E-18,-1.));
#12915=DIRECTION('center_axis',(-1.,-4.71844785465725E-16,1.3840881565863E-13));
#12916=DIRECTION('ref_axis',(-4.71844785465725E-16,1.,2.16840434500571E-18));
#12917=DIRECTION('',(-1.3840881565863E-13,2.16840434494043E-18,-1.));
#12918=DIRECTION('center_axis',(-1.3840881565863E-13,2.16840434494043E-18,
-1.));
#12919=DIRECTION('ref_axis',(-7.05824287905483E-14,-1.,-2.1684043351712E-18));
#12920=DIRECTION('',(-1.3840881565863E-13,2.16840434494043E-18,-1.));
#12921=DIRECTION('center_axis',(-4.71844785465725E-16,1.,2.16840434500573E-18));
#12922=DIRECTION('ref_axis',(1.,4.71844785465725E-16,-1.38531280338545E-13));
#12923=DIRECTION('',(-1.3840881565863E-13,2.16840434494043E-18,-1.));
#12924=DIRECTION('center_axis',(-1.3840881565863E-13,2.16840434494043E-18,
-1.));
#12925=DIRECTION('ref_axis',(-1.,2.12690975942546E-13,1.3840881565863E-13));
#12926=DIRECTION('',(-1.3840881565863E-13,2.16840434494043E-18,-1.));
#12927=DIRECTION('center_axis',(1.,4.71844785465725E-16,-1.3840881565863E-13));
#12928=DIRECTION('ref_axis',(4.71844785465725E-16,-1.,-2.16840434500571E-18));
#12929=DIRECTION('',(-1.3840881565863E-13,2.16840434494043E-18,-1.));
#12930=DIRECTION('center_axis',(-1.3840881565863E-13,2.16840434494043E-18,
-1.));
#12931=DIRECTION('ref_axis',(-4.71844785465725E-16,1.,2.16840434500573E-18));
#12932=DIRECTION('center_axis',(4.71844785465725E-16,-1.,-2.16840434500573E-18));
#12933=DIRECTION('ref_axis',(-1.,-4.71844785465725E-16,1.38531280338545E-13));
#12934=DIRECTION('',(-1.3840881565863E-13,2.16840434494043E-18,-1.));
#12935=DIRECTION('',(-1.3840881565863E-13,2.16840434494043E-18,-1.));
#12936=DIRECTION('center_axis',(-1.3840881565863E-13,2.16840434494043E-18,
-1.));
#12937=DIRECTION('ref_axis',(1.,4.71844785465725E-16,-1.3840881565863E-13));
#12938=DIRECTION('',(-1.3840881565863E-13,2.16840434494043E-18,-1.));
#12939=DIRECTION('center_axis',(-1.,-4.71844785465725E-16,1.3840881565863E-13));
#12940=DIRECTION('ref_axis',(-4.71844785465725E-16,1.,2.16840434500571E-18));
#12941=DIRECTION('',(-1.3840881565863E-13,2.16840434494043E-18,-1.));
#12942=DIRECTION('center_axis',(-1.3840881565863E-13,2.16840434494043E-18,
-1.));
#12943=DIRECTION('ref_axis',(7.15261183614798E-14,-1.,-2.16840435484027E-18));
#12944=DIRECTION('',(-1.3840881565863E-13,2.16840434494043E-18,-1.));
#12945=DIRECTION('center_axis',(-4.71844785465725E-16,1.,2.16840434500573E-18));
#12946=DIRECTION('ref_axis',(1.,4.71844785465725E-16,-1.38531280338545E-13));
#12947=DIRECTION('',(-1.3840881565863E-13,2.16840434494043E-18,-1.));
#12948=DIRECTION('center_axis',(-1.3840881565863E-13,2.16840434494043E-18,
-1.));
#12949=DIRECTION('ref_axis',(-1.,2.12690975942576E-13,1.3840881565863E-13));
#12950=DIRECTION('',(-1.3840881565863E-13,2.16840434494043E-18,-1.));
#12951=DIRECTION('center_axis',(1.,4.71844785465725E-16,-1.3840881565863E-13));
#12952=DIRECTION('ref_axis',(4.71844785465725E-16,-1.,-2.16840434500571E-18));
#12953=DIRECTION('',(-1.3840881565863E-13,2.16840434494043E-18,-1.));
#12954=DIRECTION('center_axis',(-1.3840881565863E-13,2.16840434494043E-18,
-1.));
#12955=DIRECTION('ref_axis',(-4.71844785465725E-16,1.,2.16840434500573E-18));
#12956=DIRECTION('center_axis',(4.71844785465725E-16,-1.,-2.16840434500573E-18));
#12957=DIRECTION('ref_axis',(-1.,-4.71844785465725E-16,1.38531280338545E-13));
#12958=DIRECTION('',(-1.3840881565863E-13,2.16840434494043E-18,-1.));
#12959=DIRECTION('',(-1.3840881565863E-13,2.16840434494043E-18,-1.));
#12960=DIRECTION('center_axis',(-1.3840881565863E-13,2.16840434494043E-18,
-1.));
#12961=DIRECTION('ref_axis',(1.,4.71844785465725E-16,-1.3840881565863E-13));
#12962=DIRECTION('',(-1.3840881565863E-13,2.16840434494043E-18,-1.));
#12963=DIRECTION('center_axis',(-1.,-4.71844785465725E-16,1.3840881565863E-13));
#12964=DIRECTION('ref_axis',(-4.71844785465725E-16,1.,2.16840434500571E-18));
#12965=DIRECTION('',(-1.3840881565863E-13,2.16840434494043E-18,-1.));
#12966=DIRECTION('center_axis',(-1.3840881565863E-13,2.16840434494043E-18,
-1.));
#12967=DIRECTION('ref_axis',(7.15261183614798E-14,-1.,-2.16840435484027E-18));
#12968=DIRECTION('',(-1.3840881565863E-13,2.16840434494043E-18,-1.));
#12969=DIRECTION('center_axis',(-4.71844785465725E-16,1.,2.16840434500573E-18));
#12970=DIRECTION('ref_axis',(1.,4.71844785465725E-16,-1.38531280338545E-13));
#12971=DIRECTION('',(-1.3840881565863E-13,2.16840434494043E-18,-1.));
#12972=DIRECTION('center_axis',(-1.3840881565863E-13,2.16840434494043E-18,
-1.));
#12973=DIRECTION('ref_axis',(-1.,2.12690975942576E-13,1.3840881565863E-13));
#12974=DIRECTION('',(-1.3840881565863E-13,2.16840434494043E-18,-1.));
#12975=DIRECTION('center_axis',(1.,4.71844785465725E-16,-1.3840881565863E-13));
#12976=DIRECTION('ref_axis',(4.71844785465725E-16,-1.,-2.16840434500571E-18));
#12977=DIRECTION('',(-1.3840881565863E-13,2.16840434494043E-18,-1.));
#12978=DIRECTION('center_axis',(-1.3840881565863E-13,2.16840434494043E-18,
-1.));
#12979=DIRECTION('ref_axis',(-4.71844785465725E-16,1.,2.16840434500573E-18));
#12980=DIRECTION('center_axis',(4.71844785465725E-16,-1.,-2.16840434500573E-18));
#12981=DIRECTION('ref_axis',(-1.,-4.71844785465725E-16,1.38531280338545E-13));
#12982=DIRECTION('',(-1.3840881565863E-13,2.16840434494043E-18,-1.));
#12983=DIRECTION('',(-1.3840881565863E-13,2.16840434494043E-18,-1.));
#12984=DIRECTION('center_axis',(-1.3840881565863E-13,2.16840434494043E-18,
-1.));
#12985=DIRECTION('ref_axis',(1.,4.71844785465725E-16,-1.3840881565863E-13));
#12986=DIRECTION('',(-1.3840881565863E-13,2.16840434494043E-18,-1.));
#12987=DIRECTION('center_axis',(-1.,-4.71844785465725E-16,1.3840881565863E-13));
#12988=DIRECTION('ref_axis',(-4.71844785465725E-16,1.,2.16840434500571E-18));
#12989=DIRECTION('',(-1.3840881565863E-13,2.16840434494043E-18,-1.));
#12990=DIRECTION('center_axis',(-1.3840881565863E-13,2.16840434494043E-18,
-1.));
#12991=DIRECTION('ref_axis',(7.15261183614798E-14,-1.,-2.16840435484027E-18));
#12992=DIRECTION('',(-1.3840881565863E-13,2.16840434494043E-18,-1.));
#12993=DIRECTION('center_axis',(-4.71844785465725E-16,1.,2.16840434500573E-18));
#12994=DIRECTION('ref_axis',(1.,4.71844785465725E-16,-1.38531280338545E-13));
#12995=DIRECTION('',(-1.3840881565863E-13,2.16840434494043E-18,-1.));
#12996=DIRECTION('center_axis',(-1.3840881565863E-13,2.16840434494043E-18,
-1.));
#12997=DIRECTION('ref_axis',(-1.,-5.37625499674687E-14,1.3840881565863E-13));
#12998=DIRECTION('',(-1.3840881565863E-13,2.16840434494043E-18,-1.));
#12999=DIRECTION('center_axis',(1.,4.71844785465725E-16,-1.3840881565863E-13));
#13000=DIRECTION('ref_axis',(4.71844785465725E-16,-1.,-2.16840434500571E-18));
#13001=DIRECTION('',(-1.3840881565863E-13,2.16840434494043E-18,-1.));
#13002=DIRECTION('center_axis',(-1.3840881565863E-13,2.16840434494043E-18,
-1.));
#13003=DIRECTION('ref_axis',(-4.71844785465725E-16,1.,2.16840434500573E-18));
#13004=DIRECTION('center_axis',(4.71844785465725E-16,-1.,-2.16840434500573E-18));
#13005=DIRECTION('ref_axis',(-1.,-4.71844785465725E-16,1.38531280338545E-13));
#13006=DIRECTION('',(-1.3840881565863E-13,2.16840434494043E-18,-1.));
#13007=DIRECTION('',(-1.3840881565863E-13,2.16840434494043E-18,-1.));
#13008=DIRECTION('center_axis',(-1.3840881565863E-13,2.16840434494043E-18,
-1.));
#13009=DIRECTION('ref_axis',(1.,4.71844785465725E-16,-1.3840881565863E-13));
#13010=DIRECTION('',(-1.3840881565863E-13,2.16840434494043E-18,-1.));
#13011=DIRECTION('center_axis',(-1.,-4.71844785465725E-16,1.3840881565863E-13));
#13012=DIRECTION('ref_axis',(-4.71844785465725E-16,1.,2.16840434500571E-18));
#13013=DIRECTION('',(-1.3840881565863E-13,2.16840434494043E-18,-1.));
#13014=DIRECTION('center_axis',(-1.3840881565863E-13,2.16840434494043E-18,
-1.));
#13015=DIRECTION('ref_axis',(7.15261183614798E-14,-1.,-2.16840435484027E-18));
#13016=DIRECTION('',(-1.3840881565863E-13,2.16840434494043E-18,-1.));
#13017=DIRECTION('center_axis',(-4.71844785465725E-16,1.,2.16840434500573E-18));
#13018=DIRECTION('ref_axis',(1.,4.71844785465725E-16,-1.38531280338545E-13));
#13019=DIRECTION('',(-1.3840881565863E-13,2.16840434494043E-18,-1.));
#13020=DIRECTION('center_axis',(-1.3840881565863E-13,2.16840434494043E-18,
-1.));
#13021=DIRECTION('ref_axis',(-1.,-5.37625499674763E-14,1.3840881565863E-13));
#13022=DIRECTION('',(-1.3840881565863E-13,2.16840434494043E-18,-1.));
#13023=DIRECTION('center_axis',(1.,4.71844785465725E-16,-1.3840881565863E-13));
#13024=DIRECTION('ref_axis',(4.71844785465725E-16,-1.,-2.16840434500571E-18));
#13025=DIRECTION('',(-1.3840881565863E-13,2.16840434494043E-18,-1.));
#13026=DIRECTION('center_axis',(-1.3840881565863E-13,2.16840434494043E-18,
-1.));
#13027=DIRECTION('ref_axis',(-4.71844785465725E-16,1.,2.16840434500573E-18));
#13028=DIRECTION('center_axis',(4.71844785465725E-16,-1.,-2.16840434500573E-18));
#13029=DIRECTION('ref_axis',(-1.,-4.71844785465725E-16,1.38531280338545E-13));
#13030=DIRECTION('',(-1.3840881565863E-13,2.16840434494043E-18,-1.));
#13031=DIRECTION('',(-1.3840881565863E-13,2.16840434494043E-18,-1.));
#13032=DIRECTION('center_axis',(-1.3840881565863E-13,2.16840434494043E-18,
-1.));
#13033=DIRECTION('ref_axis',(1.,4.71844785465725E-16,-1.3840881565863E-13));
#13034=DIRECTION('',(-1.3840881565863E-13,2.16840434494043E-18,-1.));
#13035=DIRECTION('center_axis',(-1.,-4.71844785465725E-16,1.3840881565863E-13));
#13036=DIRECTION('ref_axis',(-4.71844785465725E-16,1.,2.16840434500571E-18));
#13037=DIRECTION('',(-1.3840881565863E-13,2.16840434494043E-18,-1.));
#13038=DIRECTION('center_axis',(-1.3840881565863E-13,2.16840434494043E-18,
-1.));
#13039=DIRECTION('ref_axis',(-7.05824287905483E-14,-1.,-2.1684043351712E-18));
#13040=DIRECTION('',(-1.3840881565863E-13,2.16840434494043E-18,-1.));
#13041=DIRECTION('center_axis',(-4.71844785465725E-16,1.,2.16840434500573E-18));
#13042=DIRECTION('ref_axis',(1.,4.71844785465725E-16,-1.38531280338545E-13));
#13043=DIRECTION('',(-1.3840881565863E-13,2.16840434494043E-18,-1.));
#13044=DIRECTION('center_axis',(-1.3840881565863E-13,2.16840434494043E-18,
-1.));
#13045=DIRECTION('ref_axis',(-1.,-7.15261183614697E-14,1.3840881565863E-13));
#13046=DIRECTION('',(-1.3840881565863E-13,2.16840434494043E-18,-1.));
#13047=DIRECTION('center_axis',(1.,4.71844785465725E-16,-1.3840881565863E-13));
#13048=DIRECTION('ref_axis',(4.71844785465725E-16,-1.,-2.16840434500571E-18));
#13049=DIRECTION('',(-1.3840881565863E-13,2.16840434494043E-18,-1.));
#13050=DIRECTION('center_axis',(-1.3840881565863E-13,2.16840434494043E-18,
-1.));
#13051=DIRECTION('ref_axis',(-4.71844785465725E-16,1.,2.16840434500573E-18));
#13052=DIRECTION('center_axis',(4.71844785465725E-16,-1.,-2.16840434500573E-18));
#13053=DIRECTION('ref_axis',(-1.,-4.71844785465725E-16,1.38531280338545E-13));
#13054=DIRECTION('',(-1.3840881565863E-13,2.16840434494043E-18,-1.));
#13055=DIRECTION('',(-1.3840881565863E-13,2.16840434494043E-18,-1.));
#13056=DIRECTION('center_axis',(-1.3840881565863E-13,2.16840434494043E-18,
-1.));
#13057=DIRECTION('ref_axis',(1.,4.71844785465725E-16,-1.3840881565863E-13));
#13058=DIRECTION('',(-1.3840881565863E-13,2.16840434494043E-18,-1.));
#13059=DIRECTION('center_axis',(-1.,-4.71844785465725E-16,1.3840881565863E-13));
#13060=DIRECTION('ref_axis',(-4.71844785465725E-16,1.,2.16840434500571E-18));
#13061=DIRECTION('',(-1.3840881565863E-13,2.16840434494043E-18,-1.));
#13062=DIRECTION('center_axis',(-1.3840881565863E-13,2.16840434494043E-18,
-1.));
#13063=DIRECTION('ref_axis',(3.59989815734728E-14,-1.,-2.168404349923E-18));
#13064=DIRECTION('',(-1.3840881565863E-13,2.16840434494043E-18,-1.));
#13065=DIRECTION('center_axis',(-4.71844785465725E-16,1.,2.16840434500573E-18));
#13066=DIRECTION('ref_axis',(1.,4.71844785465725E-16,-1.38531280338545E-13));
#13067=DIRECTION('',(-1.3840881565863E-13,2.16840434494043E-18,-1.));
#13068=DIRECTION('center_axis',(-1.3840881565863E-13,2.16840434494043E-18,
-1.));
#13069=DIRECTION('ref_axis',(-1.,-5.37625499674687E-14,1.3840881565863E-13));
#13070=DIRECTION('',(-1.3840881565863E-13,2.16840434494043E-18,-1.));
#13071=DIRECTION('center_axis',(1.,4.71844785465725E-16,-1.3840881565863E-13));
#13072=DIRECTION('ref_axis',(4.71844785465725E-16,-1.,-2.16840434500571E-18));
#13073=DIRECTION('',(-1.3840881565863E-13,2.16840434494043E-18,-1.));
#13074=DIRECTION('center_axis',(-1.3840881565863E-13,2.16840434494043E-18,
-1.));
#13075=DIRECTION('ref_axis',(-4.71844785465725E-16,1.,2.16840434500573E-18));
#13076=DIRECTION('center_axis',(4.71844785465725E-16,-1.,-2.16840434500573E-18));
#13077=DIRECTION('ref_axis',(-1.,-4.71844785465725E-16,1.38531280338545E-13));
#13078=DIRECTION('',(-1.3840881565863E-13,2.16840434494043E-18,-1.));
#13079=DIRECTION('',(-1.3840881565863E-13,2.16840434494043E-18,-1.));
#13080=DIRECTION('center_axis',(-1.3840881565863E-13,2.16840434494043E-18,
-1.));
#13081=DIRECTION('ref_axis',(1.,4.71844785465725E-16,-1.3840881565863E-13));
#13082=DIRECTION('',(-1.3840881565863E-13,2.16840434494043E-18,-1.));
#13083=DIRECTION('center_axis',(-1.,-4.71844785465725E-16,1.3840881565863E-13));
#13084=DIRECTION('ref_axis',(-4.71844785465725E-16,1.,2.16840434500571E-18));
#13085=DIRECTION('',(-1.3840881565863E-13,2.16840434494043E-18,-1.));
#13086=DIRECTION('center_axis',(-1.3840881565863E-13,2.16840434494043E-18,
-1.));
#13087=DIRECTION('ref_axis',(-7.05824287905483E-14,-1.,-2.1684043351712E-18));
#13088=DIRECTION('',(-1.3840881565863E-13,2.16840434494043E-18,-1.));
#13089=DIRECTION('center_axis',(-4.71844785465725E-16,1.,2.16840434500573E-18));
#13090=DIRECTION('ref_axis',(1.,4.71844785465725E-16,-1.38531280338545E-13));
#13091=DIRECTION('',(-1.3840881565863E-13,2.16840434494043E-18,-1.));
#13092=DIRECTION('center_axis',(-1.3840881565863E-13,2.16840434494043E-18,
-1.));
#13093=DIRECTION('ref_axis',(-1.,2.3045454433658E-13,1.3840881565863E-13));
#13094=DIRECTION('',(-1.3840881565863E-13,2.16840434494043E-18,-1.));
#13095=DIRECTION('center_axis',(1.,4.71844785465725E-16,-1.3840881565863E-13));
#13096=DIRECTION('ref_axis',(4.71844785465725E-16,-1.,-2.16840434500571E-18));
#13097=DIRECTION('',(-1.3840881565863E-13,2.16840434494043E-18,-1.));
#13098=DIRECTION('center_axis',(-1.3840881565863E-13,2.16840434494043E-18,
-1.));
#13099=DIRECTION('ref_axis',(-4.71844785465725E-16,1.,2.16840434500573E-18));
#13100=DIRECTION('center_axis',(4.71844785465725E-16,-1.,-2.16840434500573E-18));
#13101=DIRECTION('ref_axis',(-1.,-4.71844785465725E-16,1.38531280338545E-13));
#13102=DIRECTION('',(-1.3840881565863E-13,2.16840434494043E-18,-1.));
#13103=DIRECTION('',(-1.3840881565863E-13,2.16840434494043E-18,-1.));
#13104=DIRECTION('center_axis',(-1.3840881565863E-13,2.16840434494043E-18,
-1.));
#13105=DIRECTION('ref_axis',(1.,4.71844785465725E-16,-1.3840881565863E-13));
#13106=DIRECTION('',(-1.3840881565863E-13,2.16840434494043E-18,-1.));
#13107=DIRECTION('center_axis',(-1.,-4.71844785465725E-16,1.3840881565863E-13));
#13108=DIRECTION('ref_axis',(-4.71844785465725E-16,1.,2.16840434500571E-18));
#13109=DIRECTION('',(-1.3840881565863E-13,2.16840434494043E-18,-1.));
#13110=DIRECTION('center_axis',(-1.3840881565863E-13,2.16840434494043E-18,
-1.));
#13111=DIRECTION('ref_axis',(-7.05824287905483E-14,-1.,-2.1684043351712E-18));
#13112=DIRECTION('',(-1.3840881565863E-13,2.16840434494043E-18,-1.));
#13113=DIRECTION('center_axis',(-4.71844785465725E-16,1.,2.16840434500573E-18));
#13114=DIRECTION('ref_axis',(1.,4.71844785465725E-16,-1.38531280338545E-13));
#13115=DIRECTION('',(-1.3840881565863E-13,2.16840434494043E-18,-1.));
#13116=DIRECTION('center_axis',(-1.3840881565863E-13,2.16840434494043E-18,
-1.));
#13117=DIRECTION('ref_axis',(-1.,2.3045454433658E-13,1.3840881565863E-13));
#13118=DIRECTION('',(-1.3840881565863E-13,2.16840434494043E-18,-1.));
#13119=DIRECTION('center_axis',(1.,4.71844785465725E-16,-1.3840881565863E-13));
#13120=DIRECTION('ref_axis',(4.71844785465725E-16,-1.,-2.16840434500571E-18));
#13121=DIRECTION('',(-1.3840881565863E-13,2.16840434494043E-18,-1.));
#13122=DIRECTION('center_axis',(-1.3840881565863E-13,2.16840434494043E-18,
-1.));
#13123=DIRECTION('ref_axis',(-4.71844785465725E-16,1.,2.16840434500573E-18));
#13124=DIRECTION('center_axis',(4.71844785465725E-16,-1.,-2.16840434500573E-18));
#13125=DIRECTION('ref_axis',(-1.,-4.71844785465725E-16,1.38531280338545E-13));
#13126=DIRECTION('',(-1.3840881565863E-13,2.16840434494043E-18,-1.));
#13127=DIRECTION('',(-1.3840881565863E-13,2.16840434494043E-18,-1.));
#13128=DIRECTION('center_axis',(-1.3840881565863E-13,2.16840434494043E-18,
-1.));
#13129=DIRECTION('ref_axis',(1.,4.71844785465725E-16,-1.3840881565863E-13));
#13130=DIRECTION('',(-1.3840881565863E-13,2.16840434494043E-18,-1.));
#13131=DIRECTION('center_axis',(-1.,-4.71844785465725E-16,1.3840881565863E-13));
#13132=DIRECTION('ref_axis',(-4.71844785465725E-16,1.,2.16840434500571E-18));
#13133=DIRECTION('',(-1.3840881565863E-13,2.16840434494043E-18,-1.));
#13134=DIRECTION('center_axis',(-1.3840881565863E-13,2.16840434494043E-18,
-1.));
#13135=DIRECTION('ref_axis',(-7.05824287905483E-14,-1.,-2.1684043351712E-18));
#13136=DIRECTION('',(-1.3840881565863E-13,2.16840434494043E-18,-1.));
#13137=DIRECTION('center_axis',(-4.71844785465725E-16,1.,2.16840434500573E-18));
#13138=DIRECTION('ref_axis',(1.,4.71844785465725E-16,-1.38531280338545E-13));
#13139=DIRECTION('',(-1.3840881565863E-13,2.16840434494043E-18,-1.));
#13140=DIRECTION('center_axis',(-1.3840881565863E-13,2.16840434494043E-18,
-1.));
#13141=DIRECTION('ref_axis',(-1.,-5.37625499674763E-14,1.3840881565863E-13));
#13142=DIRECTION('',(-1.3840881565863E-13,2.16840434494043E-18,-1.));
#13143=DIRECTION('center_axis',(1.,4.71844785465725E-16,-1.3840881565863E-13));
#13144=DIRECTION('ref_axis',(4.71844785465725E-16,-1.,-2.16840434500571E-18));
#13145=DIRECTION('',(-1.3840881565863E-13,2.16840434494043E-18,-1.));
#13146=DIRECTION('center_axis',(-1.3840881565863E-13,2.16840434494043E-18,
-1.));
#13147=DIRECTION('ref_axis',(-4.71844785465725E-16,1.,2.16840434500573E-18));
#13148=DIRECTION('center_axis',(4.71844785465725E-16,-1.,-2.16840434500573E-18));
#13149=DIRECTION('ref_axis',(-1.,-4.71844785465725E-16,1.38531280338545E-13));
#13150=DIRECTION('',(-1.3840881565863E-13,2.16840434494043E-18,-1.));
#13151=DIRECTION('',(-1.3840881565863E-13,2.16840434494043E-18,-1.));
#13152=DIRECTION('center_axis',(-1.3840881565863E-13,2.16840434494043E-18,
-1.));
#13153=DIRECTION('ref_axis',(1.,4.71844785465725E-16,-1.3840881565863E-13));
#13154=DIRECTION('',(-1.3840881565863E-13,2.16840434494043E-18,-1.));
#13155=DIRECTION('center_axis',(-1.,-4.71844785465725E-16,1.3840881565863E-13));
#13156=DIRECTION('ref_axis',(-4.71844785465725E-16,1.,2.16840434500571E-18));
#13157=DIRECTION('',(-1.3840881565863E-13,2.16840434494043E-18,-1.));
#13158=DIRECTION('center_axis',(-1.3840881565863E-13,2.16840434494043E-18,
-1.));
#13159=DIRECTION('ref_axis',(7.15261183614798E-14,-1.,-2.16840435484027E-18));
#13160=DIRECTION('',(-1.3840881565863E-13,2.16840434494043E-18,-1.));
#13161=DIRECTION('center_axis',(-4.71844785465725E-16,1.,2.16840434500573E-18));
#13162=DIRECTION('ref_axis',(1.,4.71844785465725E-16,-1.38531280338545E-13));
#13163=DIRECTION('',(-1.3840881565863E-13,2.16840434494043E-18,-1.));
#13164=DIRECTION('center_axis',(-1.3840881565863E-13,2.16840434494043E-18,
-1.));
#13165=DIRECTION('ref_axis',(-1.,-5.82034420659771E-14,1.3840881565863E-13));
#13166=DIRECTION('',(-1.3840881565863E-13,2.16840434494043E-18,-1.));
#13167=DIRECTION('center_axis',(1.,4.71844785465725E-16,-1.3840881565863E-13));
#13168=DIRECTION('ref_axis',(4.71844785465725E-16,-1.,-2.16840434500571E-18));
#13169=DIRECTION('',(-1.3840881565863E-13,2.16840434494043E-18,-1.));
#13170=DIRECTION('center_axis',(-1.3840881565863E-13,2.16840434494043E-18,
-1.));
#13171=DIRECTION('ref_axis',(-4.71844785465725E-16,1.,2.16840434500573E-18));
#13172=DIRECTION('center_axis',(4.71844785465725E-16,-1.,-2.16840434500573E-18));
#13173=DIRECTION('ref_axis',(-1.,-4.71844785465725E-16,1.38531280338545E-13));
#13174=DIRECTION('',(-1.3840881565863E-13,2.16840434494043E-18,-1.));
#13175=DIRECTION('',(-1.3840881565863E-13,2.16840434494043E-18,-1.));
#13176=DIRECTION('center_axis',(-1.3840881565863E-13,2.16840434494043E-18,
-1.));
#13177=DIRECTION('ref_axis',(1.,4.71844785465725E-16,-1.3840881565863E-13));
#13178=DIRECTION('',(-1.3840881565863E-13,2.16840434494043E-18,-1.));
#13179=DIRECTION('center_axis',(-1.,-4.71844785465725E-16,1.3840881565863E-13));
#13180=DIRECTION('ref_axis',(-4.71844785465725E-16,1.,2.16840434500571E-18));
#13181=DIRECTION('',(-1.3840881565863E-13,2.16840434494043E-18,-1.));
#13182=DIRECTION('center_axis',(-1.3840881565863E-13,2.16840434494043E-18,
-1.));
#13183=DIRECTION('ref_axis',(-7.05824287905483E-14,-1.,-2.1684043351712E-18));
#13184=DIRECTION('',(-1.3840881565863E-13,2.16840434494043E-18,-1.));
#13185=DIRECTION('center_axis',(-4.71844785465725E-16,1.,2.16840434500573E-18));
#13186=DIRECTION('ref_axis',(1.,4.71844785465725E-16,-1.38531280338545E-13));
#13187=DIRECTION('',(-1.3840881565863E-13,2.16840434494043E-18,-1.));
#13188=DIRECTION('center_axis',(-1.3840881565863E-13,2.16840434494043E-18,
-1.));
#13189=DIRECTION('ref_axis',(-1.,-5.82034420659771E-14,1.3840881565863E-13));
#13190=DIRECTION('',(-1.3840881565863E-13,2.16840434494043E-18,-1.));
#13191=DIRECTION('center_axis',(1.,4.71844785465725E-16,-1.3840881565863E-13));
#13192=DIRECTION('ref_axis',(4.71844785465725E-16,-1.,-2.16840434500571E-18));
#13193=DIRECTION('',(-1.3840881565863E-13,2.16840434494043E-18,-1.));
#13194=DIRECTION('center_axis',(-1.3840881565863E-13,2.16840434494043E-18,
-1.));
#13195=DIRECTION('ref_axis',(-4.71844785465725E-16,1.,2.16840434500573E-18));
#13196=DIRECTION('center_axis',(4.71844785465725E-16,-1.,-2.16840434500573E-18));
#13197=DIRECTION('ref_axis',(-1.,-4.71844785465725E-16,1.38531280338545E-13));
#13198=DIRECTION('',(-1.3840881565863E-13,2.16840434494043E-18,-1.));
#13199=DIRECTION('',(-1.3840881565863E-13,2.16840434494043E-18,-1.));
#13200=DIRECTION('center_axis',(-1.3840881565863E-13,2.16840434494043E-18,
-1.));
#13201=DIRECTION('ref_axis',(1.,4.71844785465725E-16,-1.3840881565863E-13));
#13202=DIRECTION('',(-1.3840881565863E-13,2.16840434494043E-18,-1.));
#13203=DIRECTION('center_axis',(-1.,-4.71844785465725E-16,1.3840881565863E-13));
#13204=DIRECTION('ref_axis',(-4.71844785465725E-16,1.,2.16840434500571E-18));
#13205=DIRECTION('',(-1.3840881565863E-13,2.16840434494043E-18,-1.));
#13206=DIRECTION('center_axis',(-1.3840881565863E-13,2.16840434494043E-18,
-1.));
#13207=DIRECTION('ref_axis',(1.42580391937453E-13,-1.,-2.16840436467481E-18));
#13208=DIRECTION('',(-1.3840881565863E-13,2.16840434494043E-18,-1.));
#13209=DIRECTION('center_axis',(-4.71844785465725E-16,1.,2.16840434500573E-18));
#13210=DIRECTION('ref_axis',(1.,4.71844785465725E-16,-1.38531280338545E-13));
#13211=DIRECTION('',(-1.3840881565863E-13,2.16840434494043E-18,-1.));
#13212=DIRECTION('center_axis',(-1.3840881565863E-13,2.16840434494043E-18,
-1.));
#13213=DIRECTION('ref_axis',(-1.,-1.78107528725476E-13,1.3840881565863E-13));
#13214=DIRECTION('',(-1.3840881565863E-13,2.16840434494043E-18,-1.));
#13215=DIRECTION('center_axis',(1.,4.71844785465725E-16,-1.3840881565863E-13));
#13216=DIRECTION('ref_axis',(4.71844785465725E-16,-1.,-2.16840434500571E-18));
#13217=DIRECTION('',(-1.3840881565863E-13,2.16840434494043E-18,-1.));
#13218=DIRECTION('center_axis',(-1.3840881565863E-13,2.16840434494043E-18,
-1.));
#13219=DIRECTION('ref_axis',(-4.71844785465725E-16,1.,2.16840434500573E-18));
#13220=DIRECTION('center_axis',(4.71844785465725E-16,-1.,-2.16840434500573E-18));
#13221=DIRECTION('ref_axis',(-1.,-4.71844785465725E-16,1.38531280338545E-13));
#13222=DIRECTION('',(-1.3840881565863E-13,2.16840434494043E-18,-1.));
#13223=DIRECTION('',(-1.3840881565863E-13,2.16840434494043E-18,-1.));
#13224=DIRECTION('center_axis',(-1.3840881565863E-13,2.16840434494043E-18,
-1.));
#13225=DIRECTION('ref_axis',(1.,4.71844785465725E-16,-1.3840881565863E-13));
#13226=DIRECTION('',(-1.3840881565863E-13,2.16840434494043E-18,-1.));
#13227=DIRECTION('center_axis',(-1.,-4.71844785465725E-16,1.3840881565863E-13));
#13228=DIRECTION('ref_axis',(-4.71844785465725E-16,1.,2.16840434500571E-18));
#13229=DIRECTION('',(-1.3840881565863E-13,2.16840434494043E-18,-1.));
#13230=DIRECTION('center_axis',(-1.3840881565863E-13,2.16840434494043E-18,
-1.));
#13231=DIRECTION('ref_axis',(7.15261183614798E-14,-1.,-2.16840435484027E-18));
#13232=DIRECTION('',(-1.3840881565863E-13,2.16840434494043E-18,-1.));
#13233=DIRECTION('center_axis',(-4.71844785465725E-16,1.,2.16840434500573E-18));
#13234=DIRECTION('ref_axis',(1.,4.71844785465725E-16,-1.38531280338545E-13));
#13235=DIRECTION('',(-1.3840881565863E-13,2.16840434494043E-18,-1.));
#13236=DIRECTION('center_axis',(-1.3840881565863E-13,2.16840434494043E-18,
-1.));
#13237=DIRECTION('ref_axis',(-1.,2.12690975942576E-13,1.3840881565863E-13));
#13238=DIRECTION('',(-1.3840881565863E-13,2.16840434494043E-18,-1.));
#13239=DIRECTION('center_axis',(1.,4.71844785465725E-16,-1.3840881565863E-13));
#13240=DIRECTION('ref_axis',(4.71844785465725E-16,-1.,-2.16840434500571E-18));
#13241=DIRECTION('',(-1.3840881565863E-13,2.16840434494043E-18,-1.));
#13242=DIRECTION('center_axis',(-1.3840881565863E-13,2.16840434494043E-18,
-1.));
#13243=DIRECTION('ref_axis',(-4.71844785465725E-16,1.,2.16840434500573E-18));
#13244=DIRECTION('center_axis',(4.71844785465725E-16,-1.,-2.16840434500573E-18));
#13245=DIRECTION('ref_axis',(-1.,-4.71844785465725E-16,1.38531280338545E-13));
#13246=DIRECTION('',(-1.3840881565863E-13,2.16840434494043E-18,-1.));
#13247=DIRECTION('',(-1.3840881565863E-13,2.16840434494043E-18,-1.));
#13248=DIRECTION('center_axis',(-1.3840881565863E-13,2.16840434494043E-18,
-1.));
#13249=DIRECTION('ref_axis',(1.,4.71844785465725E-16,-1.3840881565863E-13));
#13250=DIRECTION('',(-1.3840881565863E-13,2.16840434494043E-18,-1.));
#13251=DIRECTION('center_axis',(-1.,-4.71844785465725E-16,1.3840881565863E-13));
#13252=DIRECTION('ref_axis',(-4.71844785465725E-16,1.,2.16840434500571E-18));
#13253=DIRECTION('',(-1.3840881565863E-13,2.16840434494043E-18,-1.));
#13254=DIRECTION('center_axis',(-1.3840881565863E-13,2.16840434494043E-18,
-1.));
#13255=DIRECTION('ref_axis',(7.15261183614798E-14,-1.,-2.16840435484027E-18));
#13256=DIRECTION('',(-1.3840881565863E-13,2.16840434494043E-18,-1.));
#13257=DIRECTION('center_axis',(-4.71844785465725E-16,1.,2.16840434500573E-18));
#13258=DIRECTION('ref_axis',(1.,4.71844785465725E-16,-1.38531280338545E-13));
#13259=DIRECTION('',(-1.3840881565863E-13,2.16840434494043E-18,-1.));
#13260=DIRECTION('center_axis',(-1.3840881565863E-13,2.16840434494043E-18,
-1.));
#13261=DIRECTION('ref_axis',(-1.,1.06109565578555E-13,1.3840881565863E-13));
#13262=DIRECTION('',(-1.3840881565863E-13,2.16840434494043E-18,-1.));
#13263=DIRECTION('center_axis',(1.,4.71844785465725E-16,-1.3840881565863E-13));
#13264=DIRECTION('ref_axis',(4.71844785465725E-16,-1.,-2.16840434500571E-18));
#13265=DIRECTION('',(-1.3840881565863E-13,2.16840434494043E-18,-1.));
#13266=DIRECTION('center_axis',(-1.3840881565863E-13,2.16840434494043E-18,
-1.));
#13267=DIRECTION('ref_axis',(-4.71844785465725E-16,1.,2.16840434500573E-18));
#13268=DIRECTION('center_axis',(1.97683283299016E-81,-1.,0.));
#13269=DIRECTION('ref_axis',(1.,1.97683283299016E-81,0.));
#13270=DIRECTION('',(0.,0.,-1.));
#13271=DIRECTION('',(1.,1.97683283299016E-81,0.));
#13272=DIRECTION('center_axis',(1.,1.97683283299016E-81,0.));
#13273=DIRECTION('ref_axis',(-1.97683283299016E-81,1.,0.));
#13274=DIRECTION('',(-1.97683283299016E-81,1.,0.));
#13275=DIRECTION('center_axis',(0.,0.,1.));
#13276=DIRECTION('ref_axis',(-1.,-1.97683283299016E-81,0.));
#13277=CARTESIAN_POINT('',(0.,0.,0.));
#13278=CARTESIAN_POINT('Origin',(600.,-177.512399114172,-0.181422822429311));
#13279=CARTESIAN_POINT('',(600.,-250.662711614172,5.08751968502373));
#13280=CARTESIAN_POINT('',(600.,-191.537711614172,5.08751968502373));
#13281=CARTESIAN_POINT('',(600.,-180.012399114172,5.08751968502373));
#13282=CARTESIAN_POINT('',(600.,-250.662711614172,-4.91248031492086));
#13283=CARTESIAN_POINT('',(600.,-250.662711614172,2.45304843132491));
#13284=CARTESIAN_POINT('',(600.,-251.962711614172,-4.91248031492086));
#13285=CARTESIAN_POINT('',(600.,-177.515685816548,-4.91248031492086));
#13286=CARTESIAN_POINT('',(600.,-251.962711614172,6.58751968502373));
#13287=CARTESIAN_POINT('',(600.,-251.962711614172,3.20304843128266));
#13288=CARTESIAN_POINT('',(600.,-191.537711614172,6.58751968502373));
#13289=CARTESIAN_POINT('',(600.,-177.512399114172,6.58751968502373));
#13290=CARTESIAN_POINT('',(600.,-191.537711614172,3.20304843129771));
#13291=CARTESIAN_POINT('Origin',(600.,-177.512399114172,-0.181422822429311));
#13292=CARTESIAN_POINT('',(600.,-177.537711614172,5.08751968502373));
#13293=CARTESIAN_POINT('',(600.,-172.487711614172,5.08751968502373));
#13294=CARTESIAN_POINT('',(600.,-180.012399114172,5.08751968502373));
#13295=CARTESIAN_POINT('',(600.,-177.537711614172,6.58751968502373));
#13296=CARTESIAN_POINT('',(600.,-177.537711614172,3.20304843129681));
#13297=CARTESIAN_POINT('',(600.,-172.487711614172,6.58751968502373));
#13298=CARTESIAN_POINT('',(600.,-177.512399114172,6.58751968502373));
#13299=CARTESIAN_POINT('',(600.,-172.487711614172,3.20304843129804));
#13300=CARTESIAN_POINT('Origin',(600.,-177.512399114172,-0.181422822429311));
#13301=CARTESIAN_POINT('',(600.,-158.487711614172,5.08751968502373));
#13302=CARTESIAN_POINT('',(600.,-153.437711614172,5.08751968502373));
#13303=CARTESIAN_POINT('',(600.,-180.012399114172,5.08751968502373));
#13304=CARTESIAN_POINT('',(600.,-158.487711614172,6.58751968502373));
#13305=CARTESIAN_POINT('',(600.,-158.487711614172,3.20304843129714));
#13306=CARTESIAN_POINT('',(600.,-153.437711614172,6.58751968502373));
#13307=CARTESIAN_POINT('',(600.,-177.512399114172,6.58751968502373));
#13308=CARTESIAN_POINT('',(600.,-153.437711614172,3.20304843129738));
#13309=CARTESIAN_POINT('Origin',(600.,-177.512399114172,-0.181422822429311));
#13310=CARTESIAN_POINT('',(600.,-139.437711614172,5.08751968502373));
#13311=CARTESIAN_POINT('',(600.,-129.387086614172,5.08751968502373));
#13312=CARTESIAN_POINT('',(600.,-180.012399114172,5.08751968502373));
#13313=CARTESIAN_POINT('',(600.,-139.437711614172,6.58751968502373));
#13314=CARTESIAN_POINT('',(600.,-139.437711614172,3.20304843129648));
#13315=CARTESIAN_POINT('',(600.,-129.387086614172,6.58751968502373));
#13316=CARTESIAN_POINT('',(600.,-177.512399114172,6.58751968502373));
#13317=CARTESIAN_POINT('',(600.,-129.387086614172,3.20304843129801));
#13318=CARTESIAN_POINT('Origin',(600.,-177.512399114172,-0.181422822429311));
#13319=CARTESIAN_POINT('',(600.,-115.387086614172,5.08751968502373));
#13320=CARTESIAN_POINT('',(600.,-104.362086614172,5.08751968502373));
#13321=CARTESIAN_POINT('',(600.,-180.012399114172,5.08751968502373));
#13322=CARTESIAN_POINT('',(600.,-115.387086614172,6.58751968502373));
#13323=CARTESIAN_POINT('',(600.,-115.387086614172,3.20304843129711));
#13324=CARTESIAN_POINT('',(600.,-103.062086614172,6.58751968502373));
#13325=CARTESIAN_POINT('',(600.,-177.512399114172,6.58751968502373));
#13326=CARTESIAN_POINT('',(600.,-103.062086614172,-4.91248031492086));
#13327=CARTESIAN_POINT('',(600.,-103.062086614172,3.20304843130551));
#13328=CARTESIAN_POINT('',(600.,-104.362086614172,-4.91248031492086));
#13329=CARTESIAN_POINT('',(600.,-177.515685816548,-4.91248031492086));
#13330=CARTESIAN_POINT('',(600.,-104.362086614172,2.45304843132491));
#13331=CARTESIAN_POINT('Origin',(809.968538385827,-251.962711614172,6.58751968499464));
#13332=CARTESIAN_POINT('',(804.768538385825,-251.962711614172,-4.91248031492086));
#13333=CARTESIAN_POINT('',(709.139595766177,-251.962711614172,-4.91248031492086));
#13334=CARTESIAN_POINT('',(804.768538385827,-251.962711614172,6.58751968499536));
#13335=CARTESIAN_POINT('',(804.768538385827,-251.962711614172,6.58751968499536));
#13336=CARTESIAN_POINT('',(710.388997390515,-251.962711614172,6.58751968500844));
#13337=CARTESIAN_POINT('Origin',(406.650374404582,-250.662711614172,5.08751968507914));
#13338=CARTESIAN_POINT('',(803.468538385826,-250.662711614172,5.08751968499554));
#13339=CARTESIAN_POINT('',(525.859300145204,-250.662711614172,5.087519685034));
#13340=CARTESIAN_POINT('',(803.468538385826,-250.662711614172,-4.91248031492086));
#13341=CARTESIAN_POINT('',(803.468538385826,-250.662711614172,5.08751968507914));
#13342=CARTESIAN_POINT('',(507.480513775555,-250.662711614172,-4.91248031492086));
#13343=CARTESIAN_POINT('Origin',(605.730413385827,-177.537711614172,6.58751968502293));
#13344=CARTESIAN_POINT('',(605.730413385826,-177.537711614172,5.08751968502293));
#13345=CARTESIAN_POINT('',(592.730413385826,-177.537711614172,5.08751968502473));
#13346=CARTESIAN_POINT('',(605.730413385827,-177.537711614172,6.58751968502293));
#13347=CARTESIAN_POINT('',(605.730413385827,-177.537711614172,6.58751968502293));
#13348=CARTESIAN_POINT('',(592.730413385827,-177.537711614172,6.58751968502473));
#13349=CARTESIAN_POINT('Origin',(600.967913385826,-158.487711614172,6.58751968502359));
#13350=CARTESIAN_POINT('',(600.967913385826,-158.487711614172,5.08751968502359));
#13351=CARTESIAN_POINT('',(587.967913385826,-158.487711614172,5.08751968502539));
#13352=CARTESIAN_POINT('',(600.967913385826,-158.487711614172,6.58751968502359));
#13353=CARTESIAN_POINT('',(600.967913385826,-158.487711614172,6.58751968502359));
#13354=CARTESIAN_POINT('',(587.967913385826,-158.487711614172,6.58751968502539));
#13355=CARTESIAN_POINT('Origin',(610.492913385826,-139.437711614172,6.58751968502227));
#13356=CARTESIAN_POINT('',(610.492913385826,-139.437711614172,5.08751968502227));
#13357=CARTESIAN_POINT('',(597.492913385826,-139.437711614172,5.08751968502407));
#13358=CARTESIAN_POINT('',(610.492913385826,-139.437711614172,6.58751968502227));
#13359=CARTESIAN_POINT('',(610.492913385826,-139.437711614172,6.58751968502227));
#13360=CARTESIAN_POINT('',(597.492913385827,-139.437711614172,6.58751968502407));
#13361=CARTESIAN_POINT('Origin',(480.167913385827,-103.062086614172,6.58751968504033));
#13362=CARTESIAN_POINT('',(804.768538385827,-103.062086614172,6.58751968499536));
#13363=CARTESIAN_POINT('',(545.488684890515,-103.062086614172,6.58751968503128));
#13364=CARTESIAN_POINT('',(804.768538385825,-103.062086614172,-4.91248031492086));
#13365=CARTESIAN_POINT('',(804.768538385827,-103.062086614172,6.58751968499538));
#13366=CARTESIAN_POINT('',(544.239283266177,-103.062086614172,-4.91248031492086));
#13367=CARTESIAN_POINT('Origin',(608.310653146528,-177.518972518923,-4.91248031492086));
#13368=CARTESIAN_POINT('',(808.468538385826,-245.662711614172,-4.91248031492086));
#13369=CARTESIAN_POINT('Origin',(803.468538385826,-245.662711614172,-4.91248031492086));
#13370=CARTESIAN_POINT('',(808.468538385826,-109.362086614172,-4.91248031492086));
#13371=CARTESIAN_POINT('',(808.468538385826,-214.840842066548,-4.91248031492086));
#13372=CARTESIAN_POINT('',(803.468538385826,-104.362086614172,-4.91248031492086));
#13373=CARTESIAN_POINT('Origin',(803.468538385826,-109.362086614172,-4.91248031492086));
#13374=CARTESIAN_POINT('',(709.139595766177,-104.362086614172,-4.91248031492086));
#13375=CARTESIAN_POINT('',(809.768538385825,-108.062086614172,-4.91248031492086));
#13376=CARTESIAN_POINT('Origin',(804.768538385825,-108.062086614172,-4.91248031494805));
#13377=CARTESIAN_POINT('',(809.768538385825,-246.962711614172,-4.91248031492086));
#13378=CARTESIAN_POINT('',(809.768538385825,-145.190529566548,-4.91248031492086));
#13379=CARTESIAN_POINT('Origin',(804.768538385825,-246.962711614172,-4.91248031494805));
#13380=CARTESIAN_POINT('Origin',(601.444163385826,-115.387086614172,6.58751968502353));
#13381=CARTESIAN_POINT('',(601.444163385826,-115.387086614172,5.08751968502353));
#13382=CARTESIAN_POINT('',(588.444163385826,-115.387086614172,5.08751968502533));
#13383=CARTESIAN_POINT('',(601.444163385826,-115.387086614172,6.58751968502353));
#13384=CARTESIAN_POINT('',(601.444163385826,-115.387086614172,6.58751968502353));
#13385=CARTESIAN_POINT('',(588.444163385826,-115.387086614172,6.58751968502533));
#13386=CARTESIAN_POINT('Origin',(811.250009118277,-185.475858423674,5.55576551033892));
#13387=CARTESIAN_POINT('',(811.50000911206,-175.475858423674,4.58751968502258));
#13388=CARTESIAN_POINT('',(812.125009121385,-175.475858423674,6.03988842299708));
#13389=CARTESIAN_POINT('Origin',(811.250009118277,-175.475858423674,5.55576551033892));
#13390=CARTESIAN_POINT('',(812.125009121385,-185.475858423674,6.03988842299708));
#13391=CARTESIAN_POINT('',(812.125009121385,-185.475858423674,6.03988842299707));
#13392=CARTESIAN_POINT('',(811.50000911206,-185.475858423674,4.58751968502258));
#13393=CARTESIAN_POINT('Origin',(811.250009118277,-185.475858423674,5.55576551033892));
#13394=CARTESIAN_POINT('',(811.50000911206,-185.475858423674,4.58751968502258));
#13395=CARTESIAN_POINT('Origin',(811.00000911206,-185.475858423674,6.08751968502258));
#13396=CARTESIAN_POINT('',(809.50000911206,-185.475858423674,7.58751968502258));
#13397=CARTESIAN_POINT('Origin',(809.50000911206,-185.475858423674,4.58751968502258));
#13398=CARTESIAN_POINT('',(806.500009112023,-185.475858423674,6.58751968499512));
#13399=CARTESIAN_POINT('Origin',(806.500009112024,-185.475858423674,11.5875196849951));
#13400=CARTESIAN_POINT('',(809.768538385827,-185.475858423674,6.58751968502258));
#13401=CARTESIAN_POINT('',(710.904732753632,-185.475858423674,6.58751968500836));
#13402=CARTESIAN_POINT('',(811.50000911206,-185.475858423674,6.58751968502258));
#13403=CARTESIAN_POINT('',(811.50000911206,-185.475858423674,6.58751968502258));
#13404=CARTESIAN_POINT('',(811.50000911206,-185.475858423674,6.58751968502258));
#13405=CARTESIAN_POINT('Origin',(809.50000911206,-185.475858423674,4.58751968502258));
#13406=CARTESIAN_POINT('',(809.50000911206,-175.475858423674,7.58751968502258));
#13407=CARTESIAN_POINT('Origin',(809.50000911206,-175.475858423674,4.58751968502258));
#13408=CARTESIAN_POINT('',(809.50000911206,-185.475858423674,7.58751968502258));
#13409=CARTESIAN_POINT('Origin',(806.500009112024,-185.475858423674,11.5875196849951));
#13410=CARTESIAN_POINT('',(806.500009112023,-175.475858423674,6.58751968499512));
#13411=CARTESIAN_POINT('Origin',(806.500009112024,-175.475858423674,11.5875196849951));
#13412=CARTESIAN_POINT('',(806.500009112023,-185.475858423674,6.58751968499512));
#13413=CARTESIAN_POINT('Origin',(811.50000911206,-185.475858423674,6.58751968502258));
#13414=CARTESIAN_POINT('',(809.768538385827,-175.475858423674,6.58751968502258));
#13415=CARTESIAN_POINT('',(809.768538385827,-145.187242864172,6.58751968499467));
#13416=CARTESIAN_POINT('',(811.50000911206,-175.475858423674,6.58751968502258));
#13417=CARTESIAN_POINT('',(811.50000911206,-175.475858423674,6.58751968502258));
#13418=CARTESIAN_POINT('',(811.50000911206,-185.475858423674,6.58751968502258));
#13419=CARTESIAN_POINT('Origin',(811.50000911206,-185.475858423674,4.58751968502258));
#13420=CARTESIAN_POINT('',(811.50000911206,-175.475858423674,6.58751968502258));
#13421=CARTESIAN_POINT('Origin',(811.00000911206,-175.475858423674,6.08751968502258));
#13422=CARTESIAN_POINT('',(710.904732753632,-175.475858423674,6.58751968500836));
#13423=CARTESIAN_POINT('Origin',(804.768538385827,-108.062086614172,6.58751968499538));
#13424=CARTESIAN_POINT('',(809.768538385827,-108.062086614172,6.58751968499467));
#13425=CARTESIAN_POINT('Origin',(804.768538385827,-108.062086614172,6.58751968499538));
#13426=CARTESIAN_POINT('',(809.768538385827,-108.062086614172,6.58751968499469));
#13427=CARTESIAN_POINT('Origin',(809.768538385827,-112.862086614172,6.58751968499467));
#13428=CARTESIAN_POINT('',(809.768538385827,-145.187242864172,6.58751968499467));
#13429=CARTESIAN_POINT('',(809.768538385827,-246.962711614172,6.58751968499467));
#13430=CARTESIAN_POINT('',(809.768538385827,-145.187242864172,6.58751968499467));
#13431=CARTESIAN_POINT('',(809.768538385827,-246.962711614172,6.58751968499467));
#13432=CARTESIAN_POINT('Origin',(610.809456395204,-177.512399114172,6.58751968502223));
#13433=CARTESIAN_POINT('Origin',(804.768538385827,-246.962711614172,6.58751968499538));
#13434=CARTESIAN_POINT('',(601.944163385826,-115.887086614172,6.58751968502346));
#13435=CARTESIAN_POINT('Origin',(601.444163385826,-115.887086614172,6.58751968502353));
#13436=CARTESIAN_POINT('',(601.944163385827,-128.887086614172,6.58751968502346));
#13437=CARTESIAN_POINT('',(601.944163385826,-115.887086614172,6.58751968502346));
#13438=CARTESIAN_POINT('',(601.444163385826,-129.387086614172,6.58751968502353));
#13439=CARTESIAN_POINT('Origin',(601.444163385827,-128.887086614172,6.58751968502353));
#13440=CARTESIAN_POINT('',(588.444163385826,-129.387086614172,6.58751968502533));
#13441=CARTESIAN_POINT('',(610.992913385826,-139.937711614172,6.5875196850222));
#13442=CARTESIAN_POINT('Origin',(610.492913385826,-139.937711614172,6.58751968502227));
#13443=CARTESIAN_POINT('',(610.992913385826,-152.937711614172,6.5875196850222));
#13444=CARTESIAN_POINT('',(610.992913385826,-139.937711614172,6.5875196850222));
#13445=CARTESIAN_POINT('',(610.492913385826,-153.437711614172,6.58751968502227));
#13446=CARTESIAN_POINT('Origin',(610.492913385826,-152.937711614172,6.58751968502227));
#13447=CARTESIAN_POINT('',(597.492913385827,-153.437711614172,6.58751968502407));
#13448=CARTESIAN_POINT('',(601.467913385826,-158.987711614172,6.58751968502352));
#13449=CARTESIAN_POINT('Origin',(600.967913385826,-158.987711614172,6.58751968502359));
#13450=CARTESIAN_POINT('',(601.467913385826,-171.987711614172,6.58751968502352));
#13451=CARTESIAN_POINT('',(601.467913385826,-158.987711614172,6.58751968502352));
#13452=CARTESIAN_POINT('',(600.967913385826,-172.487711614172,6.58751968502359));
#13453=CARTESIAN_POINT('Origin',(600.967913385826,-171.987711614172,6.58751968502359));
#13454=CARTESIAN_POINT('',(587.967913385826,-172.487711614172,6.58751968502539));
#13455=CARTESIAN_POINT('',(606.230413385827,-178.037711614172,6.58751968502286));
#13456=CARTESIAN_POINT('Origin',(605.730413385827,-178.037711614172,6.58751968502293));
#13457=CARTESIAN_POINT('',(606.230413385827,-191.037711614172,6.58751968502286));
#13458=CARTESIAN_POINT('',(606.230413385827,-178.037711614172,6.58751968502286));
#13459=CARTESIAN_POINT('',(605.730413385827,-191.537711614172,6.58751968502293));
#13460=CARTESIAN_POINT('Origin',(605.730413385827,-191.037711614172,6.58751968502293));
#13461=CARTESIAN_POINT('',(592.730413385827,-191.537711614172,6.58751968502473));
#13462=CARTESIAN_POINT('',(794.953632824534,-122.745055554396,6.58751968499672));
#13463=CARTESIAN_POINT('Origin',(780.453632824534,-122.745055554396,6.58751968499873));
#13464=CARTESIAN_POINT('',(755.305913385827,-140.937711614172,6.58751968500221));
#13465=CARTESIAN_POINT('',(755.805913385826,-140.437711614172,6.58751968500214));
#13466=CARTESIAN_POINT('Origin',(755.805913385826,-140.937711614172,6.58751968500214));
#13467=CARTESIAN_POINT('',(761.805913385826,-140.437711614172,6.58751968500131));
#13468=CARTESIAN_POINT('',(755.805913385826,-140.437711614172,6.58751968500214));
#13469=CARTESIAN_POINT('',(762.305913385827,-140.937711614172,6.58751968500124));
#13470=CARTESIAN_POINT('Origin',(761.805913385826,-140.937711614172,6.58751968500131));
#13471=CARTESIAN_POINT('',(762.305913385826,-154.937711614172,6.58751968500124));
#13472=CARTESIAN_POINT('',(762.305913385827,-140.937711614172,6.58751968500124));
#13473=CARTESIAN_POINT('',(761.805913385826,-155.437711614172,6.58751968500131));
#13474=CARTESIAN_POINT('Origin',(761.805913385826,-154.937711614172,6.58751968500131));
#13475=CARTESIAN_POINT('',(755.805913385826,-155.437711614172,6.58751968500214));
#13476=CARTESIAN_POINT('',(755.805913385826,-155.437711614172,6.58751968500214));
#13477=CARTESIAN_POINT('',(755.305913385827,-154.937711614172,6.58751968500221));
#13478=CARTESIAN_POINT('Origin',(755.805913385826,-154.937711614172,6.58751968500214));
#13479=CARTESIAN_POINT('',(755.305913385827,-140.937711614172,6.58751968500221));
#13480=CARTESIAN_POINT('',(697.005413385827,-197.087711614172,6.58751968501029));
#13481=CARTESIAN_POINT('',(697.505413385827,-196.587711614172,6.58751968501022));
#13482=CARTESIAN_POINT('Origin',(697.505413385827,-197.087711614172,6.58751968501022));
#13483=CARTESIAN_POINT('',(710.505413385827,-196.587711614172,6.58751968500842));
#13484=CARTESIAN_POINT('',(697.505413385827,-196.587711614172,6.58751968501022));
#13485=CARTESIAN_POINT('',(711.005413385826,-197.087711614172,6.58751968500835));
#13486=CARTESIAN_POINT('Origin',(710.505413385827,-197.087711614172,6.58751968500842));
#13487=CARTESIAN_POINT('',(711.005413385826,-210.087711614172,6.58751968500835));
#13488=CARTESIAN_POINT('',(711.005413385826,-197.087711614172,6.58751968500835));
#13489=CARTESIAN_POINT('',(710.505413385827,-210.587711614172,6.58751968500842));
#13490=CARTESIAN_POINT('Origin',(710.505413385827,-210.087711614172,6.58751968500842));
#13491=CARTESIAN_POINT('',(697.505413385827,-210.587711614172,6.58751968501022));
#13492=CARTESIAN_POINT('',(697.505413385827,-210.587711614172,6.58751968501022));
#13493=CARTESIAN_POINT('',(697.005413385827,-210.087711614172,6.58751968501029));
#13494=CARTESIAN_POINT('Origin',(697.505413385827,-210.087711614172,6.58751968501022));
#13495=CARTESIAN_POINT('',(697.005413385827,-197.087711614172,6.58751968501029));
#13496=CARTESIAN_POINT('',(657.636663385827,-217.137711614172,6.58751968501574));
#13497=CARTESIAN_POINT('',(658.136663385827,-216.637711614172,6.58751968501567));
#13498=CARTESIAN_POINT('Origin',(658.136663385827,-217.137711614172,6.58751968501567));
#13499=CARTESIAN_POINT('',(664.136663385827,-216.637711614172,6.58751968501484));
#13500=CARTESIAN_POINT('',(658.136663385827,-216.637711614172,6.58751968501567));
#13501=CARTESIAN_POINT('',(664.636663385826,-217.137711614172,6.58751968501477));
#13502=CARTESIAN_POINT('Origin',(664.136663385826,-217.137711614172,6.58751968501484));
#13503=CARTESIAN_POINT('',(664.636663385827,-231.137711614172,6.58751968501477));
#13504=CARTESIAN_POINT('',(664.636663385826,-217.137711614172,6.58751968501477));
#13505=CARTESIAN_POINT('',(664.136663385827,-231.637711614172,6.58751968501484));
#13506=CARTESIAN_POINT('Origin',(664.136663385826,-231.137711614172,6.58751968501484));
#13507=CARTESIAN_POINT('',(658.136663385827,-231.637711614172,6.58751968501567));
#13508=CARTESIAN_POINT('',(658.136663385827,-231.637711614172,6.58751968501567));
#13509=CARTESIAN_POINT('',(657.636663385827,-231.137711614172,6.58751968501574));
#13510=CARTESIAN_POINT('Origin',(658.136663385827,-231.137711614172,6.58751968501567));
#13511=CARTESIAN_POINT('',(657.636663385827,-217.137711614172,6.58751968501574));
#13512=CARTESIAN_POINT('',(650.094788385826,-115.887086614172,6.58751968501679));
#13513=CARTESIAN_POINT('',(650.594788385827,-115.387086614172,6.58751968501672));
#13514=CARTESIAN_POINT('Origin',(650.594788385827,-115.887086614172,6.58751968501672));
#13515=CARTESIAN_POINT('',(663.594788385826,-115.387086614172,6.58751968501492));
#13516=CARTESIAN_POINT('',(650.594788385827,-115.387086614172,6.58751968501672));
#13517=CARTESIAN_POINT('',(664.094788385826,-115.887086614172,6.58751968501485));
#13518=CARTESIAN_POINT('Origin',(663.594788385826,-115.887086614172,6.58751968501492));
#13519=CARTESIAN_POINT('',(664.094788385826,-128.887086614172,6.58751968501485));
#13520=CARTESIAN_POINT('',(664.094788385826,-115.887086614172,6.58751968501485));
#13521=CARTESIAN_POINT('',(663.594788385826,-129.387086614172,6.58751968501492));
#13522=CARTESIAN_POINT('Origin',(663.594788385826,-128.887086614172,6.58751968501492));
#13523=CARTESIAN_POINT('',(650.594788385827,-129.387086614172,6.58751968501672));
#13524=CARTESIAN_POINT('',(650.594788385827,-129.387086614172,6.58751968501672));
#13525=CARTESIAN_POINT('',(650.094788385827,-128.887086614172,6.58751968501679));
#13526=CARTESIAN_POINT('Origin',(650.594788385827,-128.887086614172,6.58751968501672));
#13527=CARTESIAN_POINT('',(650.094788385827,-115.887086614172,6.58751968501679));
#13528=CARTESIAN_POINT('',(773.443538385826,-178.037711614172,6.5875196849997));
#13529=CARTESIAN_POINT('',(773.943538385827,-177.537711614172,6.58751968499963));
#13530=CARTESIAN_POINT('Origin',(773.943538385827,-178.037711614172,6.58751968499963));
#13531=CARTESIAN_POINT('',(786.943538385826,-177.537711614172,6.58751968499783));
#13532=CARTESIAN_POINT('',(773.943538385827,-177.537711614172,6.58751968499963));
#13533=CARTESIAN_POINT('',(787.443538385827,-178.037711614172,6.58751968499776));
#13534=CARTESIAN_POINT('Origin',(786.943538385827,-178.037711614172,6.58751968499783));
#13535=CARTESIAN_POINT('',(787.443538385826,-191.037711614172,6.58751968499776));
#13536=CARTESIAN_POINT('',(787.443538385827,-178.037711614172,6.58751968499776));
#13537=CARTESIAN_POINT('',(786.943538385826,-191.537711614172,6.58751968499783));
#13538=CARTESIAN_POINT('Origin',(786.943538385827,-191.037711614172,6.58751968499783));
#13539=CARTESIAN_POINT('',(773.943538385827,-191.537711614172,6.58751968499963));
#13540=CARTESIAN_POINT('',(773.943538385827,-191.537711614172,6.58751968499963));
#13541=CARTESIAN_POINT('',(773.443538385827,-191.037711614172,6.5875196849997));
#13542=CARTESIAN_POINT('Origin',(773.943538385827,-191.037711614172,6.58751968499963));
#13543=CARTESIAN_POINT('',(773.443538385827,-178.037711614172,6.5875196849997));
#13544=CARTESIAN_POINT('',(630.330413385826,-178.037711614172,6.58751968501952));
#13545=CARTESIAN_POINT('',(630.830413385826,-177.537711614172,6.58751968501945));
#13546=CARTESIAN_POINT('Origin',(630.830413385826,-178.037711614172,6.58751968501945));
#13547=CARTESIAN_POINT('',(643.830413385826,-177.537711614172,6.58751968501765));
#13548=CARTESIAN_POINT('',(630.830413385826,-177.537711614172,6.58751968501945));
#13549=CARTESIAN_POINT('',(644.330413385827,-178.037711614172,6.58751968501759));
#13550=CARTESIAN_POINT('Origin',(643.830413385827,-178.037711614172,6.58751968501765));
#13551=CARTESIAN_POINT('',(644.330413385827,-191.037711614172,6.58751968501759));
#13552=CARTESIAN_POINT('',(644.330413385827,-178.037711614172,6.58751968501759));
#13553=CARTESIAN_POINT('',(643.830413385826,-191.537711614172,6.58751968501765));
#13554=CARTESIAN_POINT('Origin',(643.830413385827,-191.037711614172,6.58751968501765));
#13555=CARTESIAN_POINT('',(630.830413385826,-191.537711614172,6.58751968501945));
#13556=CARTESIAN_POINT('',(630.830413385826,-191.537711614172,6.58751968501945));
#13557=CARTESIAN_POINT('',(630.330413385826,-191.037711614172,6.58751968501952));
#13558=CARTESIAN_POINT('Origin',(630.830413385826,-191.037711614172,6.58751968501945));
#13559=CARTESIAN_POINT('',(630.330413385826,-178.037711614172,6.58751968501952));
#13560=CARTESIAN_POINT('',(649.380413385827,-178.037711614172,6.58751968501688));
#13561=CARTESIAN_POINT('',(649.880413385827,-177.537711614172,6.58751968501682));
#13562=CARTESIAN_POINT('Origin',(649.880413385827,-178.037711614172,6.58751968501682));
#13563=CARTESIAN_POINT('',(662.880413385826,-177.537711614172,6.58751968501502));
#13564=CARTESIAN_POINT('',(649.880413385827,-177.537711614172,6.58751968501682));
#13565=CARTESIAN_POINT('',(663.380413385827,-178.037711614172,6.58751968501495));
#13566=CARTESIAN_POINT('Origin',(662.880413385827,-178.037711614172,6.58751968501502));
#13567=CARTESIAN_POINT('',(663.380413385827,-191.037711614172,6.58751968501495));
#13568=CARTESIAN_POINT('',(663.380413385827,-178.037711614172,6.58751968501495));
#13569=CARTESIAN_POINT('',(662.880413385826,-191.537711614172,6.58751968501502));
#13570=CARTESIAN_POINT('Origin',(662.880413385827,-191.037711614172,6.58751968501502));
#13571=CARTESIAN_POINT('',(649.880413385827,-191.537711614172,6.58751968501682));
#13572=CARTESIAN_POINT('',(649.880413385827,-191.537711614172,6.58751968501682));
#13573=CARTESIAN_POINT('',(649.380413385827,-191.037711614172,6.58751968501688));
#13574=CARTESIAN_POINT('Origin',(649.880413385827,-191.037711614172,6.58751968501682));
#13575=CARTESIAN_POINT('',(649.380413385827,-178.037711614172,6.58751968501688));
#13576=CARTESIAN_POINT('',(625.567913385826,-158.987711614172,6.58751968502018));
#13577=CARTESIAN_POINT('',(626.067913385827,-158.487711614172,6.58751968502012));
#13578=CARTESIAN_POINT('Origin',(626.067913385827,-158.987711614172,6.58751968502012));
#13579=CARTESIAN_POINT('',(639.067913385827,-158.487711614172,6.58751968501831));
#13580=CARTESIAN_POINT('',(626.067913385827,-158.487711614172,6.58751968502012));
#13581=CARTESIAN_POINT('',(639.567913385827,-158.987711614172,6.58751968501825));
#13582=CARTESIAN_POINT('Origin',(639.067913385827,-158.987711614172,6.58751968501831));
#13583=CARTESIAN_POINT('',(639.567913385827,-171.987711614172,6.58751968501825));
#13584=CARTESIAN_POINT('',(639.567913385827,-158.987711614172,6.58751968501825));
#13585=CARTESIAN_POINT('',(639.067913385827,-172.487711614172,6.58751968501831));
#13586=CARTESIAN_POINT('Origin',(639.067913385827,-171.987711614172,6.58751968501831));
#13587=CARTESIAN_POINT('',(626.067913385827,-172.487711614172,6.58751968502012));
#13588=CARTESIAN_POINT('',(626.067913385827,-172.487711614172,6.58751968502012));
#13589=CARTESIAN_POINT('',(625.567913385827,-171.987711614172,6.58751968502018));
#13590=CARTESIAN_POINT('Origin',(626.067913385827,-171.987711614172,6.58751968502012));
#13591=CARTESIAN_POINT('',(625.567913385827,-158.987711614172,6.58751968502018));
#13592=CARTESIAN_POINT('',(692.242913385826,-139.937711614172,6.58751968501095));
#13593=CARTESIAN_POINT('',(692.742913385827,-139.437711614172,6.58751968501088));
#13594=CARTESIAN_POINT('Origin',(692.742913385827,-139.937711614172,6.58751968501088));
#13595=CARTESIAN_POINT('',(705.742913385827,-139.437711614172,6.58751968500908));
#13596=CARTESIAN_POINT('',(692.742913385827,-139.437711614172,6.58751968501088));
#13597=CARTESIAN_POINT('',(706.242913385827,-139.937711614172,6.58751968500901));
#13598=CARTESIAN_POINT('Origin',(705.742913385827,-139.937711614172,6.58751968500908));
#13599=CARTESIAN_POINT('',(706.242913385827,-152.937711614172,6.58751968500901));
#13600=CARTESIAN_POINT('',(706.242913385827,-139.937711614172,6.58751968500901));
#13601=CARTESIAN_POINT('',(705.742913385827,-153.437711614172,6.58751968500908));
#13602=CARTESIAN_POINT('Origin',(705.742913385827,-152.937711614172,6.58751968500908));
#13603=CARTESIAN_POINT('',(692.742913385827,-153.437711614172,6.58751968501088));
#13604=CARTESIAN_POINT('',(692.742913385827,-153.437711614172,6.58751968501088));
#13605=CARTESIAN_POINT('',(692.242913385826,-152.937711614172,6.58751968501095));
#13606=CARTESIAN_POINT('Origin',(692.742913385827,-152.937711614172,6.58751968501088));
#13607=CARTESIAN_POINT('',(692.242913385826,-139.937711614172,6.58751968501095));
#13608=CARTESIAN_POINT('',(668.430413385826,-178.037711614172,6.58751968501425));
#13609=CARTESIAN_POINT('',(668.930413385826,-177.537711614172,6.58751968501418));
#13610=CARTESIAN_POINT('Origin',(668.930413385826,-178.037711614172,6.58751968501418));
#13611=CARTESIAN_POINT('',(681.930413385826,-177.537711614172,6.58751968501238));
#13612=CARTESIAN_POINT('',(668.930413385826,-177.537711614172,6.58751968501418));
#13613=CARTESIAN_POINT('',(682.430413385827,-178.037711614172,6.58751968501231));
#13614=CARTESIAN_POINT('Origin',(681.930413385826,-178.037711614172,6.58751968501238));
#13615=CARTESIAN_POINT('',(682.430413385826,-191.037711614172,6.58751968501231));
#13616=CARTESIAN_POINT('',(682.430413385827,-178.037711614172,6.58751968501231));
#13617=CARTESIAN_POINT('',(681.930413385826,-191.537711614172,6.58751968501238));
#13618=CARTESIAN_POINT('Origin',(681.930413385826,-191.037711614172,6.58751968501238));
#13619=CARTESIAN_POINT('',(668.930413385826,-191.537711614172,6.58751968501418));
#13620=CARTESIAN_POINT('',(668.930413385826,-191.537711614172,6.58751968501418));
#13621=CARTESIAN_POINT('',(668.430413385827,-191.037711614172,6.58751968501425));
#13622=CARTESIAN_POINT('Origin',(668.930413385826,-191.037711614172,6.58751968501418));
#13623=CARTESIAN_POINT('',(668.430413385827,-178.037711614172,6.58751968501425));
#13624=CARTESIAN_POINT('',(682.717913385826,-158.987711614172,6.58751968501227));
#13625=CARTESIAN_POINT('',(683.217913385827,-158.487711614172,6.5875196850122));
#13626=CARTESIAN_POINT('Origin',(683.217913385827,-158.987711614172,6.5875196850122));
#13627=CARTESIAN_POINT('',(696.217913385826,-158.487711614172,6.5875196850104));
#13628=CARTESIAN_POINT('',(683.217913385827,-158.487711614172,6.5875196850122));
#13629=CARTESIAN_POINT('',(696.717913385826,-158.987711614172,6.58751968501033));
#13630=CARTESIAN_POINT('Origin',(696.217913385826,-158.987711614172,6.5875196850104));
#13631=CARTESIAN_POINT('',(696.717913385826,-171.987711614172,6.58751968501033));
#13632=CARTESIAN_POINT('',(696.717913385826,-158.987711614172,6.58751968501033));
#13633=CARTESIAN_POINT('',(696.217913385826,-172.487711614172,6.5875196850104));
#13634=CARTESIAN_POINT('Origin',(696.217913385826,-171.987711614172,6.5875196850104));
#13635=CARTESIAN_POINT('',(683.217913385827,-172.487711614172,6.5875196850122));
#13636=CARTESIAN_POINT('',(683.217913385827,-172.487711614172,6.5875196850122));
#13637=CARTESIAN_POINT('',(682.717913385827,-171.987711614172,6.58751968501227));
#13638=CARTESIAN_POINT('Origin',(683.217913385827,-171.987711614172,6.5875196850122));
#13639=CARTESIAN_POINT('',(682.717913385827,-158.987711614172,6.58751968501227));
#13640=CARTESIAN_POINT('',(677.955413385827,-197.087711614172,6.58751968501293));
#13641=CARTESIAN_POINT('',(678.455413385826,-196.587711614172,6.58751968501286));
#13642=CARTESIAN_POINT('Origin',(678.455413385826,-197.087711614172,6.58751968501286));
#13643=CARTESIAN_POINT('',(691.455413385826,-196.587711614172,6.58751968501106));
#13644=CARTESIAN_POINT('',(678.455413385826,-196.587711614172,6.58751968501286));
#13645=CARTESIAN_POINT('',(691.955413385826,-197.087711614172,6.58751968501099));
#13646=CARTESIAN_POINT('Origin',(691.455413385826,-197.087711614172,6.58751968501106));
#13647=CARTESIAN_POINT('',(691.955413385826,-210.087711614172,6.58751968501099));
#13648=CARTESIAN_POINT('',(691.955413385826,-197.087711614172,6.58751968501099));
#13649=CARTESIAN_POINT('',(691.455413385827,-210.587711614172,6.58751968501106));
#13650=CARTESIAN_POINT('Origin',(691.455413385827,-210.087711614172,6.58751968501106));
#13651=CARTESIAN_POINT('',(678.455413385826,-210.587711614172,6.58751968501286));
#13652=CARTESIAN_POINT('',(678.455413385826,-210.587711614172,6.58751968501286));
#13653=CARTESIAN_POINT('',(677.955413385827,-210.087711614172,6.58751968501293));
#13654=CARTESIAN_POINT('Origin',(678.455413385826,-210.087711614172,6.58751968501286));
#13655=CARTESIAN_POINT('',(677.955413385827,-197.087711614172,6.58751968501293));
#13656=CARTESIAN_POINT('',(754.393538385827,-216.137711614172,6.58751968500234));
#13657=CARTESIAN_POINT('',(754.893538385826,-215.637711614172,6.58751968500227));
#13658=CARTESIAN_POINT('Origin',(754.893538385826,-216.137711614172,6.58751968500227));
#13659=CARTESIAN_POINT('',(767.893538385827,-215.637711614172,6.58751968500047));
#13660=CARTESIAN_POINT('',(754.893538385826,-215.637711614172,6.58751968500227));
#13661=CARTESIAN_POINT('',(768.393538385826,-216.137711614172,6.5875196850004));
#13662=CARTESIAN_POINT('Origin',(767.893538385827,-216.137711614172,6.58751968500047));
#13663=CARTESIAN_POINT('',(768.393538385826,-229.137711614172,6.5875196850004));
#13664=CARTESIAN_POINT('',(768.393538385826,-216.137711614172,6.5875196850004));
#13665=CARTESIAN_POINT('',(767.893538385827,-229.637711614172,6.58751968500047));
#13666=CARTESIAN_POINT('Origin',(767.893538385827,-229.137711614172,6.58751968500047));
#13667=CARTESIAN_POINT('',(754.893538385826,-229.637711614172,6.58751968500227));
#13668=CARTESIAN_POINT('',(754.893538385826,-229.637711614172,6.58751968500227));
#13669=CARTESIAN_POINT('',(754.393538385827,-229.137711614172,6.58751968500234));
#13670=CARTESIAN_POINT('Origin',(754.893538385826,-229.137711614172,6.58751968500227));
#13671=CARTESIAN_POINT('',(754.393538385827,-216.137711614172,6.58751968500234));
#13672=CARTESIAN_POINT('',(673.192913385826,-216.137711614172,6.58751968501359));
#13673=CARTESIAN_POINT('',(673.692913385827,-215.637711614172,6.58751968501352));
#13674=CARTESIAN_POINT('Origin',(673.692913385827,-216.137711614172,6.58751968501352));
#13675=CARTESIAN_POINT('',(686.692913385827,-215.637711614172,6.58751968501172));
#13676=CARTESIAN_POINT('',(673.692913385827,-215.637711614172,6.58751968501352));
#13677=CARTESIAN_POINT('',(687.192913385827,-216.137711614172,6.58751968501165));
#13678=CARTESIAN_POINT('Origin',(686.692913385827,-216.137711614172,6.58751968501172));
#13679=CARTESIAN_POINT('',(687.192913385827,-229.137711614172,6.58751968501165));
#13680=CARTESIAN_POINT('',(687.192913385827,-216.137711614172,6.58751968501165));
#13681=CARTESIAN_POINT('',(686.692913385827,-229.637711614172,6.58751968501172));
#13682=CARTESIAN_POINT('Origin',(686.692913385827,-229.137711614172,6.58751968501172));
#13683=CARTESIAN_POINT('',(673.692913385827,-229.637711614172,6.58751968501352));
#13684=CARTESIAN_POINT('',(673.692913385827,-229.637711614172,6.58751968501352));
#13685=CARTESIAN_POINT('',(673.192913385826,-229.137711614172,6.58751968501359));
#13686=CARTESIAN_POINT('Origin',(673.692913385827,-229.137711614172,6.58751968501352));
#13687=CARTESIAN_POINT('',(673.192913385826,-216.137711614172,6.58751968501359));
#13688=CARTESIAN_POINT('',(687.480413385826,-178.037711614172,6.58751968501161));
#13689=CARTESIAN_POINT('',(687.980413385827,-177.537711614172,6.58751968501154));
#13690=CARTESIAN_POINT('Origin',(687.980413385827,-178.037711614172,6.58751968501154));
#13691=CARTESIAN_POINT('',(700.980413385827,-177.537711614172,6.58751968500974));
#13692=CARTESIAN_POINT('',(687.980413385827,-177.537711614172,6.58751968501154));
#13693=CARTESIAN_POINT('',(701.480413385827,-178.037711614172,6.58751968500967));
#13694=CARTESIAN_POINT('Origin',(700.980413385827,-178.037711614172,6.58751968500974));
#13695=CARTESIAN_POINT('',(701.480413385826,-191.037711614172,6.58751968500967));
#13696=CARTESIAN_POINT('',(701.480413385827,-178.037711614172,6.58751968500967));
#13697=CARTESIAN_POINT('',(700.980413385827,-191.537711614172,6.58751968500974));
#13698=CARTESIAN_POINT('Origin',(700.980413385827,-191.037711614172,6.58751968500974));
#13699=CARTESIAN_POINT('',(687.980413385827,-191.537711614172,6.58751968501154));
#13700=CARTESIAN_POINT('',(687.980413385827,-191.537711614172,6.58751968501154));
#13701=CARTESIAN_POINT('',(687.480413385827,-191.037711614172,6.58751968501161));
#13702=CARTESIAN_POINT('Origin',(687.980413385827,-191.037711614172,6.58751968501154));
#13703=CARTESIAN_POINT('',(687.480413385827,-178.037711614172,6.58751968501161));
#13704=CARTESIAN_POINT('',(606.517913385827,-158.987711614172,6.58751968502282));
#13705=CARTESIAN_POINT('',(607.017913385827,-158.487711614172,6.58751968502275));
#13706=CARTESIAN_POINT('Origin',(607.017913385827,-158.987711614172,6.58751968502275));
#13707=CARTESIAN_POINT('',(620.017913385826,-158.487711614172,6.58751968502095));
#13708=CARTESIAN_POINT('',(607.017913385827,-158.487711614172,6.58751968502275));
#13709=CARTESIAN_POINT('',(620.517913385826,-158.987711614172,6.58751968502089));
#13710=CARTESIAN_POINT('Origin',(620.017913385826,-158.987711614172,6.58751968502095));
#13711=CARTESIAN_POINT('',(620.517913385826,-171.987711614172,6.58751968502088));
#13712=CARTESIAN_POINT('',(620.517913385826,-158.987711614172,6.58751968502089));
#13713=CARTESIAN_POINT('',(620.017913385826,-172.487711614172,6.58751968502095));
#13714=CARTESIAN_POINT('Origin',(620.017913385826,-171.987711614172,6.58751968502095));
#13715=CARTESIAN_POINT('',(607.017913385827,-172.487711614172,6.58751968502275));
#13716=CARTESIAN_POINT('',(607.017913385827,-172.487711614172,6.58751968502275));
#13717=CARTESIAN_POINT('',(606.517913385826,-171.987711614172,6.58751968502282));
#13718=CARTESIAN_POINT('Origin',(607.017913385827,-171.987711614172,6.58751968502275));
#13719=CARTESIAN_POINT('',(606.517913385826,-158.987711614172,6.58751968502282));
#13720=CARTESIAN_POINT('',(773.443538385827,-158.987711614172,6.5875196849997));
#13721=CARTESIAN_POINT('',(773.943538385827,-158.487711614172,6.58751968499963));
#13722=CARTESIAN_POINT('Origin',(773.943538385827,-158.987711614172,6.58751968499963));
#13723=CARTESIAN_POINT('',(786.943538385826,-158.487711614172,6.58751968499783));
#13724=CARTESIAN_POINT('',(773.943538385827,-158.487711614172,6.58751968499963));
#13725=CARTESIAN_POINT('',(787.443538385827,-158.987711614172,6.58751968499776));
#13726=CARTESIAN_POINT('Origin',(786.943538385827,-158.987711614172,6.58751968499783));
#13727=CARTESIAN_POINT('',(787.443538385826,-171.987711614172,6.58751968499776));
#13728=CARTESIAN_POINT('',(787.443538385827,-158.987711614172,6.58751968499776));
#13729=CARTESIAN_POINT('',(786.943538385826,-172.487711614172,6.58751968499783));
#13730=CARTESIAN_POINT('Origin',(786.943538385827,-171.987711614172,6.58751968499783));
#13731=CARTESIAN_POINT('',(773.943538385827,-172.487711614172,6.58751968499963));
#13732=CARTESIAN_POINT('',(773.943538385827,-172.487711614172,6.58751968499963));
#13733=CARTESIAN_POINT('',(773.443538385827,-171.987711614172,6.5875196849997));
#13734=CARTESIAN_POINT('Origin',(773.943538385827,-171.987711614172,6.58751968499963));
#13735=CARTESIAN_POINT('',(773.443538385827,-158.987711614172,6.5875196849997));
#13736=CARTESIAN_POINT('',(654.142913385826,-139.937711614172,6.58751968501623));
#13737=CARTESIAN_POINT('',(654.642913385827,-139.437711614172,6.58751968501616));
#13738=CARTESIAN_POINT('Origin',(654.642913385827,-139.937711614172,6.58751968501616));
#13739=CARTESIAN_POINT('',(667.642913385827,-139.437711614172,6.58751968501436));
#13740=CARTESIAN_POINT('',(654.642913385827,-139.437711614172,6.58751968501616));
#13741=CARTESIAN_POINT('',(668.142913385826,-139.937711614172,6.58751968501429));
#13742=CARTESIAN_POINT('Origin',(667.642913385827,-139.937711614172,6.58751968501436));
#13743=CARTESIAN_POINT('',(668.142913385826,-152.937711614172,6.58751968501429));
#13744=CARTESIAN_POINT('',(668.142913385826,-139.937711614172,6.58751968501429));
#13745=CARTESIAN_POINT('',(667.642913385827,-153.437711614172,6.58751968501436));
#13746=CARTESIAN_POINT('Origin',(667.642913385827,-152.937711614172,6.58751968501436));
#13747=CARTESIAN_POINT('',(654.642913385827,-153.437711614172,6.58751968501616));
#13748=CARTESIAN_POINT('',(654.642913385827,-153.437711614172,6.58751968501616));
#13749=CARTESIAN_POINT('',(654.142913385826,-152.937711614172,6.58751968501623));
#13750=CARTESIAN_POINT('Origin',(654.642913385827,-152.937711614172,6.58751968501616));
#13751=CARTESIAN_POINT('',(654.142913385826,-139.937711614172,6.58751968501623));
#13752=CARTESIAN_POINT('',(737.486663385826,-178.037711614172,6.58751968500468));
#13753=CARTESIAN_POINT('',(737.986663385826,-177.537711614172,6.58751968500461));
#13754=CARTESIAN_POINT('Origin',(737.986663385826,-178.037711614172,6.58751968500461));
#13755=CARTESIAN_POINT('',(750.986663385826,-177.537711614172,6.58751968500281));
#13756=CARTESIAN_POINT('',(737.986663385826,-177.537711614172,6.58751968500461));
#13757=CARTESIAN_POINT('',(751.486663385827,-178.037711614172,6.58751968500274));
#13758=CARTESIAN_POINT('Origin',(750.986663385827,-178.037711614172,6.58751968500281));
#13759=CARTESIAN_POINT('',(751.486663385826,-191.037711614172,6.58751968500274));
#13760=CARTESIAN_POINT('',(751.486663385827,-178.037711614172,6.58751968500274));
#13761=CARTESIAN_POINT('',(750.986663385826,-191.537711614172,6.58751968500281));
#13762=CARTESIAN_POINT('Origin',(750.986663385827,-191.037711614172,6.58751968500281));
#13763=CARTESIAN_POINT('',(737.986663385826,-191.537711614172,6.58751968500461));
#13764=CARTESIAN_POINT('',(737.986663385826,-191.537711614172,6.58751968500461));
#13765=CARTESIAN_POINT('',(737.486663385827,-191.037711614172,6.58751968500468));
#13766=CARTESIAN_POINT('Origin',(737.986663385826,-191.037711614172,6.58751968500461));
#13767=CARTESIAN_POINT('',(737.486663385827,-178.037711614172,6.58751968500468));
#13768=CARTESIAN_POINT('',(711.292913385827,-216.137711614172,6.58751968500831));
#13769=CARTESIAN_POINT('',(711.792913385827,-215.637711614172,6.58751968500824));
#13770=CARTESIAN_POINT('Origin',(711.792913385827,-216.137711614172,6.58751968500824));
#13771=CARTESIAN_POINT('',(724.792913385826,-215.637711614172,6.58751968500644));
#13772=CARTESIAN_POINT('',(711.792913385827,-215.637711614172,6.58751968500824));
#13773=CARTESIAN_POINT('',(725.292913385827,-216.137711614172,6.58751968500637));
#13774=CARTESIAN_POINT('Origin',(724.792913385826,-216.137711614172,6.58751968500644));
#13775=CARTESIAN_POINT('',(725.292913385827,-229.137711614172,6.58751968500637));
#13776=CARTESIAN_POINT('',(725.292913385827,-216.137711614172,6.58751968500637));
#13777=CARTESIAN_POINT('',(724.792913385826,-229.637711614172,6.58751968500644));
#13778=CARTESIAN_POINT('Origin',(724.792913385826,-229.137711614172,6.58751968500644));
#13779=CARTESIAN_POINT('',(711.792913385827,-229.637711614172,6.58751968500824));
#13780=CARTESIAN_POINT('',(711.792913385827,-229.637711614172,6.58751968500824));
#13781=CARTESIAN_POINT('',(711.292913385827,-229.137711614172,6.58751968500831));
#13782=CARTESIAN_POINT('Origin',(711.792913385827,-229.137711614172,6.58751968500824));
#13783=CARTESIAN_POINT('',(711.292913385827,-216.137711614172,6.58751968500831));
#13784=CARTESIAN_POINT('',(631.044788385826,-115.887086614172,6.58751968501942));
#13785=CARTESIAN_POINT('',(631.544788385826,-115.387086614172,6.58751968501936));
#13786=CARTESIAN_POINT('Origin',(631.544788385826,-115.887086614172,6.58751968501936));
#13787=CARTESIAN_POINT('',(644.544788385826,-115.387086614172,6.58751968501756));
#13788=CARTESIAN_POINT('',(631.544788385826,-115.387086614172,6.58751968501936));
#13789=CARTESIAN_POINT('',(645.044788385827,-115.887086614172,6.58751968501749));
#13790=CARTESIAN_POINT('Origin',(644.544788385826,-115.887086614172,6.58751968501756));
#13791=CARTESIAN_POINT('',(645.044788385827,-128.887086614172,6.58751968501749));
#13792=CARTESIAN_POINT('',(645.044788385827,-115.887086614172,6.58751968501749));
#13793=CARTESIAN_POINT('',(644.544788385826,-129.387086614172,6.58751968501756));
#13794=CARTESIAN_POINT('Origin',(644.544788385826,-128.887086614172,6.58751968501756));
#13795=CARTESIAN_POINT('',(631.544788385826,-129.387086614172,6.58751968501936));
#13796=CARTESIAN_POINT('',(631.544788385826,-129.387086614172,6.58751968501936));
#13797=CARTESIAN_POINT('',(631.044788385826,-128.887086614172,6.58751968501942));
#13798=CARTESIAN_POINT('Origin',(631.544788385826,-128.887086614172,6.58751968501936));
#13799=CARTESIAN_POINT('',(631.044788385826,-115.887086614172,6.58751968501942));
#13800=CARTESIAN_POINT('',(749.392913385826,-115.887086614172,6.58751968500303));
#13801=CARTESIAN_POINT('',(749.892913385827,-115.387086614172,6.58751968500296));
#13802=CARTESIAN_POINT('Origin',(749.892913385827,-115.887086614172,6.58751968500296));
#13803=CARTESIAN_POINT('',(762.892913385827,-115.387086614172,6.58751968500116));
#13804=CARTESIAN_POINT('',(749.892913385827,-115.387086614172,6.58751968500296));
#13805=CARTESIAN_POINT('',(763.392913385827,-115.887086614172,6.58751968500109));
#13806=CARTESIAN_POINT('Origin',(762.892913385827,-115.887086614172,6.58751968500116));
#13807=CARTESIAN_POINT('',(763.392913385827,-128.887086614172,6.58751968500109));
#13808=CARTESIAN_POINT('',(763.392913385827,-115.887086614172,6.58751968500109));
#13809=CARTESIAN_POINT('',(762.892913385827,-129.387086614172,6.58751968500116));
#13810=CARTESIAN_POINT('Origin',(762.892913385827,-128.887086614172,6.58751968500116));
#13811=CARTESIAN_POINT('',(749.892913385827,-129.387086614172,6.58751968500296));
#13812=CARTESIAN_POINT('',(749.892913385827,-129.387086614172,6.58751968500296));
#13813=CARTESIAN_POINT('',(749.392913385826,-128.887086614172,6.58751968500303));
#13814=CARTESIAN_POINT('Origin',(749.892913385827,-128.887086614172,6.58751968500296));
#13815=CARTESIAN_POINT('',(749.392913385826,-115.887086614172,6.58751968500303));
#13816=CARTESIAN_POINT('',(739.867913385826,-139.937711614172,6.58751968500435));
#13817=CARTESIAN_POINT('',(740.367913385826,-139.437711614172,6.58751968500428));
#13818=CARTESIAN_POINT('Origin',(740.367913385826,-139.937711614172,6.58751968500428));
#13819=CARTESIAN_POINT('',(753.367913385826,-139.437711614172,6.58751968500248));
#13820=CARTESIAN_POINT('',(740.367913385826,-139.437711614172,6.58751968500428));
#13821=CARTESIAN_POINT('',(753.867913385827,-139.937711614172,6.58751968500241));
#13822=CARTESIAN_POINT('Origin',(753.367913385827,-139.937711614172,6.58751968500248));
#13823=CARTESIAN_POINT('',(753.867913385826,-152.937711614172,6.58751968500241));
#13824=CARTESIAN_POINT('',(753.867913385827,-139.937711614172,6.58751968500241));
#13825=CARTESIAN_POINT('',(753.367913385826,-153.437711614172,6.58751968500248));
#13826=CARTESIAN_POINT('Origin',(753.367913385827,-152.937711614172,6.58751968500248));
#13827=CARTESIAN_POINT('',(740.367913385826,-153.437711614172,6.58751968500428));
#13828=CARTESIAN_POINT('',(740.367913385826,-153.437711614172,6.58751968500428));
#13829=CARTESIAN_POINT('',(739.867913385826,-152.937711614172,6.58751968500435));
#13830=CARTESIAN_POINT('Origin',(740.367913385826,-152.937711614172,6.58751968500428));
#13831=CARTESIAN_POINT('',(739.867913385826,-139.937711614172,6.58751968500435));
#13832=CARTESIAN_POINT('',(611.280413385827,-178.037711614172,6.58751968502216));
#13833=CARTESIAN_POINT('',(611.780413385827,-177.537711614172,6.58751968502209));
#13834=CARTESIAN_POINT('Origin',(611.780413385827,-178.037711614172,6.58751968502209));
#13835=CARTESIAN_POINT('',(624.780413385827,-177.537711614172,6.58751968502029));
#13836=CARTESIAN_POINT('',(611.780413385827,-177.537711614172,6.58751968502209));
#13837=CARTESIAN_POINT('',(625.280413385826,-178.037711614172,6.58751968502022));
#13838=CARTESIAN_POINT('Origin',(624.780413385827,-178.037711614172,6.58751968502029));
#13839=CARTESIAN_POINT('',(625.280413385826,-191.037711614172,6.58751968502022));
#13840=CARTESIAN_POINT('',(625.280413385826,-178.037711614172,6.58751968502022));
#13841=CARTESIAN_POINT('',(624.780413385827,-191.537711614172,6.58751968502029));
#13842=CARTESIAN_POINT('Origin',(624.780413385827,-191.037711614172,6.58751968502029));
#13843=CARTESIAN_POINT('',(611.780413385827,-191.537711614172,6.58751968502209));
#13844=CARTESIAN_POINT('',(611.780413385827,-191.537711614172,6.58751968502209));
#13845=CARTESIAN_POINT('',(611.280413385826,-191.037711614172,6.58751968502217));
#13846=CARTESIAN_POINT('Origin',(611.780413385827,-191.037711614172,6.58751968502209));
#13847=CARTESIAN_POINT('',(611.280413385826,-178.037711614172,6.58751968502217));
#13848=CARTESIAN_POINT('',(752.924663385827,-179.037711614172,6.58751968500254));
#13849=CARTESIAN_POINT('',(753.424663385827,-178.537711614172,6.58751968500247));
#13850=CARTESIAN_POINT('Origin',(753.424663385827,-179.037711614172,6.58751968500247));
#13851=CARTESIAN_POINT('',(759.424663385827,-178.537711614172,6.58751968500164));
#13852=CARTESIAN_POINT('',(753.424663385827,-178.537711614172,6.58751968500247));
#13853=CARTESIAN_POINT('',(759.924663385827,-179.037711614172,6.58751968500157));
#13854=CARTESIAN_POINT('Origin',(759.424663385827,-179.037711614172,6.58751968500164));
#13855=CARTESIAN_POINT('',(759.924663385826,-193.037711614172,6.58751968500157));
#13856=CARTESIAN_POINT('',(759.924663385827,-179.037711614172,6.58751968500157));
#13857=CARTESIAN_POINT('',(759.424663385827,-193.537711614172,6.58751968500164));
#13858=CARTESIAN_POINT('Origin',(759.424663385827,-193.037711614172,6.58751968500164));
#13859=CARTESIAN_POINT('',(753.424663385827,-193.537711614172,6.58751968500247));
#13860=CARTESIAN_POINT('',(753.424663385827,-193.537711614172,6.58751968500247));
#13861=CARTESIAN_POINT('',(752.924663385827,-193.037711614172,6.58751968500254));
#13862=CARTESIAN_POINT('Origin',(753.424663385827,-193.037711614172,6.58751968500247));
#13863=CARTESIAN_POINT('',(752.924663385827,-179.037711614172,6.58751968500254));
#13864=CARTESIAN_POINT('',(673.192913385827,-139.937711614172,6.58751968501359));
#13865=CARTESIAN_POINT('',(673.692913385827,-139.437711614172,6.58751968501352));
#13866=CARTESIAN_POINT('Origin',(673.692913385827,-139.937711614172,6.58751968501352));
#13867=CARTESIAN_POINT('',(686.692913385827,-139.437711614172,6.58751968501172));
#13868=CARTESIAN_POINT('',(673.692913385827,-139.437711614172,6.58751968501352));
#13869=CARTESIAN_POINT('',(687.192913385827,-139.937711614172,6.58751968501165));
#13870=CARTESIAN_POINT('Origin',(686.692913385827,-139.937711614172,6.58751968501172));
#13871=CARTESIAN_POINT('',(687.192913385827,-152.937711614172,6.58751968501165));
#13872=CARTESIAN_POINT('',(687.192913385827,-139.937711614172,6.58751968501165));
#13873=CARTESIAN_POINT('',(686.692913385827,-153.437711614172,6.58751968501172));
#13874=CARTESIAN_POINT('Origin',(686.692913385827,-152.937711614172,6.58751968501172));
#13875=CARTESIAN_POINT('',(673.692913385827,-153.437711614172,6.58751968501352));
#13876=CARTESIAN_POINT('',(673.692913385827,-153.437711614172,6.58751968501352));
#13877=CARTESIAN_POINT('',(673.192913385826,-152.937711614172,6.58751968501359));
#13878=CARTESIAN_POINT('Origin',(673.692913385827,-152.937711614172,6.58751968501352));
#13879=CARTESIAN_POINT('',(673.192913385826,-139.937711614172,6.58751968501359));
#13880=CARTESIAN_POINT('',(720.817913385827,-158.987711614172,6.58751968500699));
#13881=CARTESIAN_POINT('',(721.317913385826,-158.487711614172,6.58751968500692));
#13882=CARTESIAN_POINT('Origin',(721.317913385826,-158.987711614172,6.58751968500692));
#13883=CARTESIAN_POINT('',(734.317913385827,-158.487711614172,6.58751968500512));
#13884=CARTESIAN_POINT('',(721.317913385826,-158.487711614172,6.58751968500692));
#13885=CARTESIAN_POINT('',(734.817913385827,-158.987711614172,6.58751968500505));
#13886=CARTESIAN_POINT('Origin',(734.317913385827,-158.987711614172,6.58751968500512));
#13887=CARTESIAN_POINT('',(734.817913385827,-171.987711614172,6.58751968500505));
#13888=CARTESIAN_POINT('',(734.817913385827,-158.987711614172,6.58751968500505));
#13889=CARTESIAN_POINT('',(734.317913385827,-172.487711614172,6.58751968500512));
#13890=CARTESIAN_POINT('Origin',(734.317913385827,-171.987711614172,6.58751968500512));
#13891=CARTESIAN_POINT('',(721.317913385826,-172.487711614172,6.58751968500692));
#13892=CARTESIAN_POINT('',(721.317913385826,-172.487711614172,6.58751968500692));
#13893=CARTESIAN_POINT('',(720.817913385827,-171.987711614172,6.58751968500699));
#13894=CARTESIAN_POINT('Origin',(721.317913385826,-171.987711614172,6.58751968500692));
#13895=CARTESIAN_POINT('',(720.817913385827,-158.987711614172,6.58751968500699));
#13896=CARTESIAN_POINT('',(711.292913385827,-139.937711614172,6.58751968500831));
#13897=CARTESIAN_POINT('',(711.792913385827,-139.437711614172,6.58751968500824));
#13898=CARTESIAN_POINT('Origin',(711.792913385827,-139.937711614172,6.58751968500824));
#13899=CARTESIAN_POINT('',(724.792913385827,-139.437711614172,6.58751968500644));
#13900=CARTESIAN_POINT('',(711.792913385827,-139.437711614172,6.58751968500824));
#13901=CARTESIAN_POINT('',(725.292913385827,-139.937711614172,6.58751968500637));
#13902=CARTESIAN_POINT('Origin',(724.792913385827,-139.937711614172,6.58751968500644));
#13903=CARTESIAN_POINT('',(725.292913385827,-152.937711614172,6.58751968500637));
#13904=CARTESIAN_POINT('',(725.292913385827,-139.937711614172,6.58751968500637));
#13905=CARTESIAN_POINT('',(724.792913385827,-153.437711614172,6.58751968500644));
#13906=CARTESIAN_POINT('Origin',(724.792913385827,-152.937711614172,6.58751968500644));
#13907=CARTESIAN_POINT('',(711.792913385827,-153.437711614172,6.58751968500824));
#13908=CARTESIAN_POINT('',(711.792913385827,-153.437711614172,6.58751968500824));
#13909=CARTESIAN_POINT('',(711.292913385827,-152.937711614172,6.58751968500831));
#13910=CARTESIAN_POINT('Origin',(711.792913385827,-152.937711614172,6.58751968500824));
#13911=CARTESIAN_POINT('',(711.292913385827,-139.937711614172,6.58751968500831));
#13912=CARTESIAN_POINT('',(639.855413385827,-197.087711614172,6.58751968501821));
#13913=CARTESIAN_POINT('',(640.355413385827,-196.587711614172,6.58751968501814));
#13914=CARTESIAN_POINT('Origin',(640.355413385827,-197.087711614172,6.58751968501814));
#13915=CARTESIAN_POINT('',(653.355413385826,-196.587711614172,6.58751968501634));
#13916=CARTESIAN_POINT('',(640.355413385827,-196.587711614172,6.58751968501814));
#13917=CARTESIAN_POINT('',(653.855413385826,-197.087711614172,6.58751968501627));
#13918=CARTESIAN_POINT('Origin',(653.355413385826,-197.087711614172,6.58751968501634));
#13919=CARTESIAN_POINT('',(653.855413385826,-210.087711614172,6.58751968501627));
#13920=CARTESIAN_POINT('',(653.855413385826,-197.087711614172,6.58751968501627));
#13921=CARTESIAN_POINT('',(653.355413385826,-210.587711614172,6.58751968501634));
#13922=CARTESIAN_POINT('Origin',(653.355413385826,-210.087711614172,6.58751968501634));
#13923=CARTESIAN_POINT('',(640.355413385827,-210.587711614172,6.58751968501814));
#13924=CARTESIAN_POINT('',(640.355413385827,-210.587711614172,6.58751968501814));
#13925=CARTESIAN_POINT('',(639.855413385827,-210.087711614172,6.58751968501821));
#13926=CARTESIAN_POINT('Origin',(640.355413385827,-210.087711614172,6.58751968501814));
#13927=CARTESIAN_POINT('',(639.855413385827,-197.087711614172,6.58751968501821));
#13928=CARTESIAN_POINT('',(601.755413385827,-197.087711614172,6.58751968502349));
#13929=CARTESIAN_POINT('',(602.255413385827,-196.587711614172,6.58751968502342));
#13930=CARTESIAN_POINT('Origin',(602.255413385827,-197.087711614172,6.58751968502342));
#13931=CARTESIAN_POINT('',(615.255413385827,-196.587711614172,6.58751968502161));
#13932=CARTESIAN_POINT('',(602.255413385827,-196.587711614172,6.58751968502342));
#13933=CARTESIAN_POINT('',(615.755413385827,-197.087711614172,6.58751968502154));
#13934=CARTESIAN_POINT('Origin',(615.255413385827,-197.087711614172,6.58751968502161));
#13935=CARTESIAN_POINT('',(615.755413385827,-210.087711614172,6.58751968502154));
#13936=CARTESIAN_POINT('',(615.755413385827,-197.087711614172,6.58751968502154));
#13937=CARTESIAN_POINT('',(615.255413385827,-210.587711614172,6.58751968502161));
#13938=CARTESIAN_POINT('Origin',(615.255413385827,-210.087711614172,6.58751968502161));
#13939=CARTESIAN_POINT('',(602.255413385827,-210.587711614172,6.58751968502342));
#13940=CARTESIAN_POINT('',(602.255413385827,-210.587711614172,6.58751968502342));
#13941=CARTESIAN_POINT('',(601.755413385827,-210.087711614172,6.58751968502348));
#13942=CARTESIAN_POINT('Origin',(602.255413385827,-210.087711614172,6.58751968502342));
#13943=CARTESIAN_POINT('',(601.755413385827,-197.087711614172,6.58751968502348));
#13944=CARTESIAN_POINT('',(663.667913385826,-158.987711614172,6.58751968501491));
#13945=CARTESIAN_POINT('',(664.167913385827,-158.487711614172,6.58751968501484));
#13946=CARTESIAN_POINT('Origin',(664.167913385827,-158.987711614172,6.58751968501484));
#13947=CARTESIAN_POINT('',(677.167913385827,-158.487711614172,6.58751968501304));
#13948=CARTESIAN_POINT('',(664.167913385827,-158.487711614172,6.58751968501484));
#13949=CARTESIAN_POINT('',(677.667913385827,-158.987711614172,6.58751968501297));
#13950=CARTESIAN_POINT('Origin',(677.167913385827,-158.987711614172,6.58751968501304));
#13951=CARTESIAN_POINT('',(677.667913385827,-171.987711614172,6.58751968501297));
#13952=CARTESIAN_POINT('',(677.667913385827,-158.987711614172,6.58751968501297));
#13953=CARTESIAN_POINT('',(677.167913385827,-172.487711614172,6.58751968501304));
#13954=CARTESIAN_POINT('Origin',(677.167913385827,-171.987711614172,6.58751968501304));
#13955=CARTESIAN_POINT('',(664.167913385827,-172.487711614172,6.58751968501484));
#13956=CARTESIAN_POINT('',(664.167913385827,-172.487711614172,6.58751968501484));
#13957=CARTESIAN_POINT('',(663.667913385827,-171.987711614172,6.58751968501491));
#13958=CARTESIAN_POINT('Origin',(664.167913385827,-171.987711614172,6.58751968501484));
#13959=CARTESIAN_POINT('',(663.667913385827,-158.987711614172,6.58751968501491));
#13960=CARTESIAN_POINT('',(754.393538385826,-197.087711614172,6.58751968500234));
#13961=CARTESIAN_POINT('',(754.893538385826,-196.587711614172,6.58751968500227));
#13962=CARTESIAN_POINT('Origin',(754.893538385826,-197.087711614172,6.58751968500227));
#13963=CARTESIAN_POINT('',(767.893538385826,-196.587711614172,6.58751968500047));
#13964=CARTESIAN_POINT('',(754.893538385826,-196.587711614172,6.58751968500227));
#13965=CARTESIAN_POINT('',(768.393538385826,-197.087711614172,6.5875196850004));
#13966=CARTESIAN_POINT('Origin',(767.893538385826,-197.087711614172,6.58751968500047));
#13967=CARTESIAN_POINT('',(768.393538385826,-210.087711614172,6.5875196850004));
#13968=CARTESIAN_POINT('',(768.393538385826,-197.087711614172,6.5875196850004));
#13969=CARTESIAN_POINT('',(767.893538385827,-210.587711614172,6.58751968500047));
#13970=CARTESIAN_POINT('Origin',(767.893538385827,-210.087711614172,6.58751968500047));
#13971=CARTESIAN_POINT('',(754.893538385826,-210.587711614172,6.58751968500227));
#13972=CARTESIAN_POINT('',(754.893538385826,-210.587711614172,6.58751968500227));
#13973=CARTESIAN_POINT('',(754.393538385827,-210.087711614172,6.58751968500234));
#13974=CARTESIAN_POINT('Origin',(754.893538385826,-210.087711614172,6.58751968500227));
#13975=CARTESIAN_POINT('',(754.393538385826,-197.087711614172,6.58751968500234));
#13976=CARTESIAN_POINT('',(773.443538385827,-216.137711614172,6.5875196849997));
#13977=CARTESIAN_POINT('',(773.943538385827,-215.637711614172,6.58751968499963));
#13978=CARTESIAN_POINT('Origin',(773.943538385827,-216.137711614172,6.58751968499963));
#13979=CARTESIAN_POINT('',(786.943538385827,-215.637711614172,6.58751968499783));
#13980=CARTESIAN_POINT('',(773.943538385827,-215.637711614172,6.58751968499963));
#13981=CARTESIAN_POINT('',(787.443538385826,-216.137711614172,6.58751968499776));
#13982=CARTESIAN_POINT('Origin',(786.943538385827,-216.137711614172,6.58751968499783));
#13983=CARTESIAN_POINT('',(787.443538385826,-229.137711614172,6.58751968499776));
#13984=CARTESIAN_POINT('',(787.443538385826,-216.137711614172,6.58751968499776));
#13985=CARTESIAN_POINT('',(786.943538385827,-229.637711614172,6.58751968499783));
#13986=CARTESIAN_POINT('Origin',(786.943538385827,-229.137711614172,6.58751968499783));
#13987=CARTESIAN_POINT('',(773.943538385827,-229.637711614172,6.58751968499963));
#13988=CARTESIAN_POINT('',(773.943538385827,-229.637711614172,6.58751968499963));
#13989=CARTESIAN_POINT('',(773.443538385827,-229.137711614172,6.5875196849997));
#13990=CARTESIAN_POINT('Origin',(773.943538385827,-229.137711614172,6.58751968499963));
#13991=CARTESIAN_POINT('',(773.443538385827,-216.137711614172,6.5875196849997));
#13992=CARTESIAN_POINT('',(606.994163385826,-115.887086614172,6.58751968502276));
#13993=CARTESIAN_POINT('',(607.494163385826,-115.387086614172,6.58751968502269));
#13994=CARTESIAN_POINT('Origin',(607.494163385826,-115.887086614172,6.58751968502269));
#13995=CARTESIAN_POINT('',(620.494163385826,-115.387086614172,6.58751968502089));
#13996=CARTESIAN_POINT('',(607.494163385826,-115.387086614172,6.58751968502269));
#13997=CARTESIAN_POINT('',(620.994163385826,-115.887086614172,6.58751968502082));
#13998=CARTESIAN_POINT('Origin',(620.494163385826,-115.887086614172,6.58751968502089));
#13999=CARTESIAN_POINT('',(620.994163385826,-128.887086614172,6.58751968502082));
#14000=CARTESIAN_POINT('',(620.994163385826,-115.887086614172,6.58751968502082));
#14001=CARTESIAN_POINT('',(620.494163385826,-129.387086614172,6.58751968502089));
#14002=CARTESIAN_POINT('Origin',(620.494163385826,-128.887086614172,6.58751968502089));
#14003=CARTESIAN_POINT('',(607.494163385826,-129.387086614172,6.58751968502269));
#14004=CARTESIAN_POINT('',(607.494163385826,-129.387086614172,6.58751968502269));
#14005=CARTESIAN_POINT('',(606.994163385826,-128.887086614172,6.58751968502276));
#14006=CARTESIAN_POINT('Origin',(607.494163385826,-128.887086614172,6.58751968502269));
#14007=CARTESIAN_POINT('',(606.994163385826,-115.887086614172,6.58751968502276));
#14008=CARTESIAN_POINT('',(658.905413385826,-197.087711614172,6.58751968501557));
#14009=CARTESIAN_POINT('',(659.405413385826,-196.587711614172,6.5875196850155));
#14010=CARTESIAN_POINT('Origin',(659.405413385826,-197.087711614172,6.5875196850155));
#14011=CARTESIAN_POINT('',(672.405413385826,-196.587711614172,6.5875196850137));
#14012=CARTESIAN_POINT('',(659.405413385826,-196.587711614172,6.5875196850155));
#14013=CARTESIAN_POINT('',(672.905413385826,-197.087711614172,6.58751968501363));
#14014=CARTESIAN_POINT('Origin',(672.405413385826,-197.087711614172,6.5875196850137));
#14015=CARTESIAN_POINT('',(672.905413385826,-210.087711614172,6.58751968501363));
#14016=CARTESIAN_POINT('',(672.905413385826,-197.087711614172,6.58751968501363));
#14017=CARTESIAN_POINT('',(672.405413385826,-210.587711614172,6.5875196850137));
#14018=CARTESIAN_POINT('Origin',(672.405413385826,-210.087711614172,6.5875196850137));
#14019=CARTESIAN_POINT('',(659.405413385826,-210.587711614172,6.5875196850155));
#14020=CARTESIAN_POINT('',(659.405413385826,-210.587711614172,6.5875196850155));
#14021=CARTESIAN_POINT('',(658.905413385826,-210.087711614172,6.58751968501557));
#14022=CARTESIAN_POINT('Origin',(659.405413385826,-210.087711614172,6.5875196850155));
#14023=CARTESIAN_POINT('',(658.905413385826,-197.087711614172,6.58751968501557));
#14024=CARTESIAN_POINT('',(701.767913385827,-158.987711614172,6.58751968500963));
#14025=CARTESIAN_POINT('',(702.267913385826,-158.487711614172,6.58751968500956));
#14026=CARTESIAN_POINT('Origin',(702.267913385826,-158.987711614172,6.58751968500956));
#14027=CARTESIAN_POINT('',(715.267913385827,-158.487711614172,6.58751968500776));
#14028=CARTESIAN_POINT('',(702.267913385826,-158.487711614172,6.58751968500956));
#14029=CARTESIAN_POINT('',(715.767913385827,-158.987711614172,6.58751968500769));
#14030=CARTESIAN_POINT('Origin',(715.267913385827,-158.987711614172,6.58751968500776));
#14031=CARTESIAN_POINT('',(715.767913385827,-171.987711614172,6.58751968500769));
#14032=CARTESIAN_POINT('',(715.767913385827,-158.987711614172,6.58751968500769));
#14033=CARTESIAN_POINT('',(715.267913385827,-172.487711614172,6.58751968500776));
#14034=CARTESIAN_POINT('Origin',(715.267913385827,-171.987711614172,6.58751968500776));
#14035=CARTESIAN_POINT('',(702.267913385826,-172.487711614172,6.58751968500956));
#14036=CARTESIAN_POINT('',(702.267913385826,-172.487711614172,6.58751968500956));
#14037=CARTESIAN_POINT('',(701.767913385826,-171.987711614172,6.58751968500963));
#14038=CARTESIAN_POINT('Origin',(702.267913385826,-171.987711614172,6.58751968500956));
#14039=CARTESIAN_POINT('',(701.767913385826,-158.987711614172,6.58751968500963));
#14040=CARTESIAN_POINT('',(620.805413385826,-197.087711614172,6.58751968502084));
#14041=CARTESIAN_POINT('',(621.305413385826,-196.587711614172,6.58751968502077));
#14042=CARTESIAN_POINT('Origin',(621.305413385826,-197.087711614172,6.58751968502077));
#14043=CARTESIAN_POINT('',(634.305413385826,-196.587711614172,6.58751968501897));
#14044=CARTESIAN_POINT('',(621.305413385826,-196.587711614172,6.58751968502077));
#14045=CARTESIAN_POINT('',(634.805413385827,-197.087711614172,6.5875196850189));
#14046=CARTESIAN_POINT('Origin',(634.305413385827,-197.087711614172,6.58751968501897));
#14047=CARTESIAN_POINT('',(634.805413385827,-210.087711614172,6.5875196850189));
#14048=CARTESIAN_POINT('',(634.805413385827,-197.087711614172,6.5875196850189));
#14049=CARTESIAN_POINT('',(634.305413385826,-210.587711614172,6.58751968501897));
#14050=CARTESIAN_POINT('Origin',(634.305413385827,-210.087711614172,6.58751968501897));
#14051=CARTESIAN_POINT('',(621.305413385826,-210.587711614172,6.58751968502077));
#14052=CARTESIAN_POINT('',(621.305413385826,-210.587711614172,6.58751968502077));
#14053=CARTESIAN_POINT('',(620.805413385826,-210.087711614172,6.58751968502084));
#14054=CARTESIAN_POINT('Origin',(621.305413385826,-210.087711614172,6.58751968502077));
#14055=CARTESIAN_POINT('',(620.805413385826,-197.087711614172,6.58751968502084));
#14056=CARTESIAN_POINT('',(744.630413385827,-158.987711614172,6.58751968500369));
#14057=CARTESIAN_POINT('',(745.130413385827,-158.487711614172,6.58751968500362));
#14058=CARTESIAN_POINT('Origin',(745.130413385827,-158.987711614172,6.58751968500362));
#14059=CARTESIAN_POINT('',(758.130413385827,-158.487711614172,6.58751968500182));
#14060=CARTESIAN_POINT('',(745.130413385827,-158.487711614172,6.58751968500362));
#14061=CARTESIAN_POINT('',(758.630413385827,-158.987711614172,6.58751968500175));
#14062=CARTESIAN_POINT('Origin',(758.130413385827,-158.987711614172,6.58751968500182));
#14063=CARTESIAN_POINT('',(758.630413385827,-171.987711614172,6.58751968500175));
#14064=CARTESIAN_POINT('',(758.630413385827,-158.987711614172,6.58751968500175));
#14065=CARTESIAN_POINT('',(758.130413385827,-172.487711614172,6.58751968500182));
#14066=CARTESIAN_POINT('Origin',(758.130413385827,-171.987711614172,6.58751968500182));
#14067=CARTESIAN_POINT('',(745.130413385827,-172.487711614172,6.58751968500362));
#14068=CARTESIAN_POINT('',(745.130413385827,-172.487711614172,6.58751968500362));
#14069=CARTESIAN_POINT('',(744.630413385827,-171.987711614172,6.58751968500369));
#14070=CARTESIAN_POINT('Origin',(745.130413385827,-171.987711614172,6.58751968500362));
#14071=CARTESIAN_POINT('',(744.630413385827,-158.987711614172,6.58751968500369));
#14072=CARTESIAN_POINT('',(644.617913385826,-158.987711614172,6.58751968501755));
#14073=CARTESIAN_POINT('',(645.117913385827,-158.487711614172,6.58751968501748));
#14074=CARTESIAN_POINT('Origin',(645.117913385827,-158.987711614172,6.58751968501748));
#14075=CARTESIAN_POINT('',(658.117913385827,-158.487711614172,6.58751968501567));
#14076=CARTESIAN_POINT('',(645.117913385827,-158.487711614172,6.58751968501748));
#14077=CARTESIAN_POINT('',(658.617913385826,-158.987711614172,6.58751968501561));
#14078=CARTESIAN_POINT('Origin',(658.117913385827,-158.987711614172,6.58751968501567));
#14079=CARTESIAN_POINT('',(658.617913385826,-171.987711614172,6.58751968501561));
#14080=CARTESIAN_POINT('',(658.617913385826,-158.987711614172,6.58751968501561));
#14081=CARTESIAN_POINT('',(658.117913385827,-172.487711614172,6.58751968501567));
#14082=CARTESIAN_POINT('Origin',(658.117913385827,-171.987711614172,6.58751968501567));
#14083=CARTESIAN_POINT('',(645.117913385827,-172.487711614172,6.58751968501748));
#14084=CARTESIAN_POINT('',(645.117913385827,-172.487711614172,6.58751968501748));
#14085=CARTESIAN_POINT('',(644.617913385827,-171.987711614172,6.58751968501755));
#14086=CARTESIAN_POINT('Origin',(645.117913385827,-171.987711614172,6.58751968501748));
#14087=CARTESIAN_POINT('',(644.617913385827,-158.987711614172,6.58751968501755));
#14088=CARTESIAN_POINT('',(735.343538385827,-216.137711614172,6.58751968500498));
#14089=CARTESIAN_POINT('',(735.843538385826,-215.637711614172,6.58751968500491));
#14090=CARTESIAN_POINT('Origin',(735.843538385826,-216.137711614172,6.58751968500491));
#14091=CARTESIAN_POINT('',(748.843538385827,-215.637711614172,6.58751968500311));
#14092=CARTESIAN_POINT('',(735.843538385826,-215.637711614172,6.58751968500491));
#14093=CARTESIAN_POINT('',(749.343538385827,-216.137711614172,6.58751968500304));
#14094=CARTESIAN_POINT('Origin',(748.843538385827,-216.137711614172,6.58751968500311));
#14095=CARTESIAN_POINT('',(749.343538385827,-229.137711614172,6.58751968500304));
#14096=CARTESIAN_POINT('',(749.343538385827,-216.137711614172,6.58751968500304));
#14097=CARTESIAN_POINT('',(748.843538385827,-229.637711614172,6.58751968500311));
#14098=CARTESIAN_POINT('Origin',(748.843538385827,-229.137711614172,6.58751968500311));
#14099=CARTESIAN_POINT('',(735.843538385826,-229.637711614172,6.58751968500491));
#14100=CARTESIAN_POINT('',(735.843538385826,-229.637711614172,6.58751968500491));
#14101=CARTESIAN_POINT('',(735.343538385827,-229.137711614172,6.58751968500498));
#14102=CARTESIAN_POINT('Origin',(735.843538385826,-229.137711614172,6.58751968500491));
#14103=CARTESIAN_POINT('',(735.343538385827,-216.137711614172,6.58751968500498));
#14104=CARTESIAN_POINT('',(729.048663385827,-179.037711614172,6.58751968500585));
#14105=CARTESIAN_POINT('',(729.548663385826,-178.537711614172,6.58751968500578));
#14106=CARTESIAN_POINT('Origin',(729.548663385826,-179.037711614172,6.58751968500578));
#14107=CARTESIAN_POINT('',(735.548663385827,-178.537711614172,6.58751968500495));
#14108=CARTESIAN_POINT('',(729.548663385826,-178.537711614172,6.58751968500578));
#14109=CARTESIAN_POINT('',(736.048663385827,-179.037711614172,6.58751968500488));
#14110=CARTESIAN_POINT('Origin',(735.548663385827,-179.037711614172,6.58751968500495));
#14111=CARTESIAN_POINT('',(736.048663385826,-193.037711614172,6.58751968500488));
#14112=CARTESIAN_POINT('',(736.048663385827,-179.037711614172,6.58751968500488));
#14113=CARTESIAN_POINT('',(735.548663385826,-193.537711614172,6.58751968500495));
#14114=CARTESIAN_POINT('Origin',(735.548663385826,-193.037711614172,6.58751968500495));
#14115=CARTESIAN_POINT('',(729.548663385826,-193.537711614172,6.58751968500578));
#14116=CARTESIAN_POINT('',(729.548663385826,-193.537711614172,6.58751968500578));
#14117=CARTESIAN_POINT('',(729.048663385827,-193.037711614172,6.58751968500585));
#14118=CARTESIAN_POINT('Origin',(729.548663385826,-193.037711614172,6.58751968500578));
#14119=CARTESIAN_POINT('',(729.048663385827,-179.037711614172,6.58751968500585));
#14120=CARTESIAN_POINT('',(669.144788385826,-115.887086614172,6.58751968501415));
#14121=CARTESIAN_POINT('',(669.644788385826,-115.387086614172,6.58751968501408));
#14122=CARTESIAN_POINT('Origin',(669.644788385826,-115.887086614172,6.58751968501408));
#14123=CARTESIAN_POINT('',(682.644788385826,-115.387086614172,6.58751968501228));
#14124=CARTESIAN_POINT('',(669.644788385826,-115.387086614172,6.58751968501408));
#14125=CARTESIAN_POINT('',(683.144788385827,-115.887086614172,6.58751968501221));
#14126=CARTESIAN_POINT('Origin',(682.644788385826,-115.887086614172,6.58751968501228));
#14127=CARTESIAN_POINT('',(683.144788385826,-128.887086614172,6.58751968501221));
#14128=CARTESIAN_POINT('',(683.144788385827,-115.887086614172,6.58751968501221));
#14129=CARTESIAN_POINT('',(682.644788385826,-129.387086614172,6.58751968501228));
#14130=CARTESIAN_POINT('Origin',(682.644788385826,-128.887086614172,6.58751968501228));
#14131=CARTESIAN_POINT('',(669.644788385826,-129.387086614172,6.58751968501408));
#14132=CARTESIAN_POINT('',(669.644788385826,-129.387086614172,6.58751968501408));
#14133=CARTESIAN_POINT('',(669.144788385827,-128.887086614172,6.58751968501415));
#14134=CARTESIAN_POINT('Origin',(669.644788385826,-128.887086614172,6.58751968501408));
#14135=CARTESIAN_POINT('',(669.144788385827,-115.887086614172,6.58751968501415));
#14136=CARTESIAN_POINT('',(706.530413385826,-178.037711614172,6.58751968500897));
#14137=CARTESIAN_POINT('',(707.030413385826,-177.537711614172,6.5875196850089));
#14138=CARTESIAN_POINT('Origin',(707.030413385826,-178.037711614172,6.5875196850089));
#14139=CARTESIAN_POINT('',(720.030413385826,-177.537711614172,6.5875196850071));
#14140=CARTESIAN_POINT('',(707.030413385826,-177.537711614172,6.5875196850089));
#14141=CARTESIAN_POINT('',(720.530413385827,-178.037711614172,6.58751968500703));
#14142=CARTESIAN_POINT('Origin',(720.030413385826,-178.037711614172,6.5875196850071));
#14143=CARTESIAN_POINT('',(720.530413385826,-191.037711614172,6.58751968500703));
#14144=CARTESIAN_POINT('',(720.530413385827,-178.037711614172,6.58751968500703));
#14145=CARTESIAN_POINT('',(720.030413385826,-191.537711614172,6.5875196850071));
#14146=CARTESIAN_POINT('Origin',(720.030413385826,-191.037711614172,6.5875196850071));
#14147=CARTESIAN_POINT('',(707.030413385826,-191.537711614172,6.5875196850089));
#14148=CARTESIAN_POINT('',(707.030413385826,-191.537711614172,6.5875196850089));
#14149=CARTESIAN_POINT('',(706.530413385826,-191.037711614172,6.58751968500897));
#14150=CARTESIAN_POINT('Origin',(707.030413385826,-191.037711614172,6.5875196850089));
#14151=CARTESIAN_POINT('',(706.530413385826,-178.037711614172,6.58751968500897));
#14152=CARTESIAN_POINT('',(692.242913385826,-216.137711614172,6.58751968501095));
#14153=CARTESIAN_POINT('',(692.742913385827,-215.637711614172,6.58751968501088));
#14154=CARTESIAN_POINT('Origin',(692.742913385827,-216.137711614172,6.58751968501088));
#14155=CARTESIAN_POINT('',(705.742913385826,-215.637711614172,6.58751968500908));
#14156=CARTESIAN_POINT('',(692.742913385827,-215.637711614172,6.58751968501088));
#14157=CARTESIAN_POINT('',(706.242913385827,-216.137711614172,6.58751968500901));
#14158=CARTESIAN_POINT('Origin',(705.742913385826,-216.137711614172,6.58751968500908));
#14159=CARTESIAN_POINT('',(706.242913385827,-229.137711614172,6.58751968500901));
#14160=CARTESIAN_POINT('',(706.242913385827,-216.137711614172,6.58751968500901));
#14161=CARTESIAN_POINT('',(705.742913385826,-229.637711614172,6.58751968500908));
#14162=CARTESIAN_POINT('Origin',(705.742913385826,-229.137711614172,6.58751968500908));
#14163=CARTESIAN_POINT('',(692.742913385827,-229.637711614172,6.58751968501088));
#14164=CARTESIAN_POINT('',(692.742913385827,-229.637711614172,6.58751968501088));
#14165=CARTESIAN_POINT('',(692.242913385826,-229.137711614172,6.58751968501095));
#14166=CARTESIAN_POINT('Origin',(692.742913385827,-229.137711614172,6.58751968501088));
#14167=CARTESIAN_POINT('',(692.242913385826,-216.137711614172,6.58751968501095));
#14168=CARTESIAN_POINT('',(616.042913385826,-139.937711614172,6.5875196850215));
#14169=CARTESIAN_POINT('',(616.542913385827,-139.437711614172,6.58751968502143));
#14170=CARTESIAN_POINT('Origin',(616.542913385827,-139.937711614172,6.58751968502143));
#14171=CARTESIAN_POINT('',(629.542913385827,-139.437711614172,6.58751968501964));
#14172=CARTESIAN_POINT('',(616.542913385827,-139.437711614172,6.58751968502143));
#14173=CARTESIAN_POINT('',(630.042913385827,-139.937711614172,6.58751968501956));
#14174=CARTESIAN_POINT('Origin',(629.542913385827,-139.937711614172,6.58751968501964));
#14175=CARTESIAN_POINT('',(630.042913385827,-152.937711614172,6.58751968501956));
#14176=CARTESIAN_POINT('',(630.042913385827,-139.937711614172,6.58751968501956));
#14177=CARTESIAN_POINT('',(629.542913385827,-153.437711614172,6.58751968501964));
#14178=CARTESIAN_POINT('Origin',(629.542913385827,-152.937711614172,6.58751968501964));
#14179=CARTESIAN_POINT('',(616.542913385827,-153.437711614172,6.58751968502143));
#14180=CARTESIAN_POINT('',(616.542913385827,-153.437711614172,6.58751968502143));
#14181=CARTESIAN_POINT('',(616.042913385827,-152.937711614172,6.5875196850215));
#14182=CARTESIAN_POINT('Origin',(616.542913385827,-152.937711614172,6.58751968502143));
#14183=CARTESIAN_POINT('',(616.042913385827,-139.937711614172,6.5875196850215));
#14184=CARTESIAN_POINT('',(731.429913385826,-140.937711614172,6.58751968500552));
#14185=CARTESIAN_POINT('',(731.929913385827,-140.437711614172,6.58751968500545));
#14186=CARTESIAN_POINT('Origin',(731.929913385827,-140.937711614172,6.58751968500545));
#14187=CARTESIAN_POINT('',(737.929913385826,-140.437711614172,6.58751968500462));
#14188=CARTESIAN_POINT('',(731.929913385827,-140.437711614172,6.58751968500545));
#14189=CARTESIAN_POINT('',(738.429913385826,-140.937711614172,6.58751968500455));
#14190=CARTESIAN_POINT('Origin',(737.929913385826,-140.937711614172,6.58751968500462));
#14191=CARTESIAN_POINT('',(738.429913385826,-154.937711614172,6.58751968500455));
#14192=CARTESIAN_POINT('',(738.429913385826,-140.937711614172,6.58751968500455));
#14193=CARTESIAN_POINT('',(737.929913385826,-155.437711614172,6.58751968500462));
#14194=CARTESIAN_POINT('Origin',(737.929913385826,-154.937711614172,6.58751968500462));
#14195=CARTESIAN_POINT('',(731.929913385827,-155.437711614172,6.58751968500545));
#14196=CARTESIAN_POINT('',(731.929913385827,-155.437711614172,6.58751968500545));
#14197=CARTESIAN_POINT('',(731.429913385826,-154.937711614172,6.58751968500552));
#14198=CARTESIAN_POINT('Origin',(731.929913385827,-154.937711614172,6.58751968500545));
#14199=CARTESIAN_POINT('',(731.429913385826,-140.937711614172,6.58751968500552));
#14200=CARTESIAN_POINT('',(723.199163385826,-197.087711614172,6.58751968500666));
#14201=CARTESIAN_POINT('',(723.699163385826,-196.587711614172,6.58751968500659));
#14202=CARTESIAN_POINT('Origin',(723.699163385826,-197.087711614172,6.58751968500659));
#14203=CARTESIAN_POINT('',(736.699163385827,-196.587711614172,6.58751968500479));
#14204=CARTESIAN_POINT('',(723.699163385826,-196.587711614172,6.58751968500659));
#14205=CARTESIAN_POINT('',(737.199163385827,-197.087711614172,6.58751968500472));
#14206=CARTESIAN_POINT('Origin',(736.699163385827,-197.087711614172,6.58751968500479));
#14207=CARTESIAN_POINT('',(737.199163385827,-210.087711614172,6.58751968500472));
#14208=CARTESIAN_POINT('',(737.199163385827,-197.087711614172,6.58751968500472));
#14209=CARTESIAN_POINT('',(736.699163385827,-210.587711614172,6.58751968500479));
#14210=CARTESIAN_POINT('Origin',(736.699163385827,-210.087711614172,6.58751968500479));
#14211=CARTESIAN_POINT('',(723.699163385826,-210.587711614172,6.58751968500659));
#14212=CARTESIAN_POINT('',(723.699163385826,-210.587711614172,6.58751968500659));
#14213=CARTESIAN_POINT('',(723.199163385827,-210.087711614172,6.58751968500666));
#14214=CARTESIAN_POINT('Origin',(723.699163385826,-210.087711614172,6.58751968500659));
#14215=CARTESIAN_POINT('',(723.199163385826,-197.087711614172,6.58751968500666));
#14216=CARTESIAN_POINT('',(604.136663385827,-216.137711614172,6.58751968502315));
#14217=CARTESIAN_POINT('',(604.636663385827,-215.637711614172,6.58751968502308));
#14218=CARTESIAN_POINT('Origin',(604.636663385827,-216.137711614172,6.58751968502308));
#14219=CARTESIAN_POINT('',(617.636663385827,-215.637711614172,6.58751968502128));
#14220=CARTESIAN_POINT('',(604.636663385827,-215.637711614172,6.58751968502308));
#14221=CARTESIAN_POINT('',(618.136663385827,-216.137711614172,6.58751968502121));
#14222=CARTESIAN_POINT('Origin',(617.636663385827,-216.137711614172,6.58751968502128));
#14223=CARTESIAN_POINT('',(618.136663385827,-229.137711614172,6.58751968502121));
#14224=CARTESIAN_POINT('',(618.136663385827,-216.137711614172,6.58751968502121));
#14225=CARTESIAN_POINT('',(617.636663385827,-229.637711614172,6.58751968502128));
#14226=CARTESIAN_POINT('Origin',(617.636663385827,-229.137711614172,6.58751968502128));
#14227=CARTESIAN_POINT('',(604.636663385827,-229.637711614172,6.58751968502308));
#14228=CARTESIAN_POINT('',(604.636663385827,-229.637711614172,6.58751968502308));
#14229=CARTESIAN_POINT('',(604.136663385827,-229.137711614172,6.58751968502315));
#14230=CARTESIAN_POINT('Origin',(604.636663385827,-229.137711614172,6.58751968502308));
#14231=CARTESIAN_POINT('',(604.136663385827,-216.137711614172,6.58751968502315));
#14232=CARTESIAN_POINT('',(773.443538385827,-139.937711614172,6.5875196849997));
#14233=CARTESIAN_POINT('',(773.943538385827,-139.437711614172,6.58751968499963));
#14234=CARTESIAN_POINT('Origin',(773.943538385827,-139.937711614172,6.58751968499963));
#14235=CARTESIAN_POINT('',(786.943538385826,-139.437711614172,6.58751968499783));
#14236=CARTESIAN_POINT('',(773.943538385827,-139.437711614172,6.58751968499963));
#14237=CARTESIAN_POINT('',(787.443538385827,-139.937711614172,6.58751968499776));
#14238=CARTESIAN_POINT('Origin',(786.943538385827,-139.937711614172,6.58751968499783));
#14239=CARTESIAN_POINT('',(787.443538385826,-152.937711614172,6.58751968499776));
#14240=CARTESIAN_POINT('',(787.443538385827,-139.937711614172,6.58751968499776));
#14241=CARTESIAN_POINT('',(786.943538385826,-153.437711614172,6.58751968499783));
#14242=CARTESIAN_POINT('Origin',(786.943538385827,-152.937711614172,6.58751968499783));
#14243=CARTESIAN_POINT('',(773.943538385827,-153.437711614172,6.58751968499963));
#14244=CARTESIAN_POINT('',(773.943538385827,-153.437711614172,6.58751968499963));
#14245=CARTESIAN_POINT('',(773.443538385827,-152.937711614172,6.5875196849997));
#14246=CARTESIAN_POINT('Origin',(773.943538385827,-152.937711614172,6.58751968499963));
#14247=CARTESIAN_POINT('',(773.443538385827,-139.937711614172,6.5875196849997));
#14248=CARTESIAN_POINT('',(635.092913385826,-139.937711614172,6.58751968501887));
#14249=CARTESIAN_POINT('',(635.592913385826,-139.437711614172,6.5875196850188));
#14250=CARTESIAN_POINT('Origin',(635.592913385826,-139.937711614172,6.5875196850188));
#14251=CARTESIAN_POINT('',(648.592913385826,-139.437711614172,6.58751968501699));
#14252=CARTESIAN_POINT('',(635.592913385826,-139.437711614172,6.5875196850188));
#14253=CARTESIAN_POINT('',(649.092913385826,-139.937711614172,6.58751968501693));
#14254=CARTESIAN_POINT('Origin',(648.592913385826,-139.937711614172,6.58751968501699));
#14255=CARTESIAN_POINT('',(649.092913385826,-152.937711614172,6.58751968501693));
#14256=CARTESIAN_POINT('',(649.092913385826,-139.937711614172,6.58751968501693));
#14257=CARTESIAN_POINT('',(648.592913385826,-153.437711614172,6.58751968501699));
#14258=CARTESIAN_POINT('Origin',(648.592913385826,-152.937711614172,6.58751968501699));
#14259=CARTESIAN_POINT('',(635.592913385826,-153.437711614172,6.5875196850188));
#14260=CARTESIAN_POINT('',(635.592913385826,-153.437711614172,6.5875196850188));
#14261=CARTESIAN_POINT('',(635.092913385826,-152.937711614172,6.58751968501887));
#14262=CARTESIAN_POINT('Origin',(635.592913385826,-152.937711614172,6.5875196850188));
#14263=CARTESIAN_POINT('',(635.092913385826,-139.937711614172,6.58751968501887));
#14264=CARTESIAN_POINT('',(741.520180293783,-132.520160867326,6.58751968500412));
#14265=CARTESIAN_POINT('',(741.520180293783,-112.479850769554,6.58751968500412));
#14266=CARTESIAN_POINT('',(741.520180293783,-115.000005462207,6.58751968500412));
#14267=CARTESIAN_POINT('',(691.029868749714,-132.520160867326,6.58751968501112));
#14268=CARTESIAN_POINT('',(739.000025601126,-132.520160867326,6.58751968500447));
#14269=CARTESIAN_POINT('',(691.029868749714,-112.479850769554,6.58751968501112));
#14270=CARTESIAN_POINT('',(691.029868749714,-130.000006174669,6.58751968501112));
#14271=CARTESIAN_POINT('',(693.550023442367,-112.479850769554,6.58751968501077));
#14272=CARTESIAN_POINT('Origin',(804.768538385827,-246.962711614172,6.58751968499536));
#14273=CARTESIAN_POINT('Origin',(645.068225885826,-182.512399114172,5.08751968501748));
#14274=CARTESIAN_POINT('',(605.730413385826,-191.537711614172,5.08751968502293));
#14275=CARTESIAN_POINT('',(592.730413385826,-191.537711614172,5.08751968502473));
#14276=CARTESIAN_POINT('',(606.230413385826,-191.037711614172,5.08751968502286));
#14277=CARTESIAN_POINT('Origin',(605.730413385826,-191.037711614172,5.08751968502293));
#14278=CARTESIAN_POINT('',(606.230413385826,-178.037711614172,5.08751968502286));
#14279=CARTESIAN_POINT('',(606.230413385826,-178.037711614172,5.08751968502286));
#14280=CARTESIAN_POINT('Origin',(605.730413385826,-178.037711614172,5.08751968502293));
#14281=CARTESIAN_POINT('',(600.967913385826,-172.487711614172,5.08751968502359));
#14282=CARTESIAN_POINT('',(587.967913385826,-172.487711614172,5.08751968502539));
#14283=CARTESIAN_POINT('',(601.467913385826,-171.987711614172,5.08751968502352));
#14284=CARTESIAN_POINT('Origin',(600.967913385826,-171.987711614172,5.08751968502359));
#14285=CARTESIAN_POINT('',(601.467913385826,-158.987711614172,5.08751968502352));
#14286=CARTESIAN_POINT('',(601.467913385826,-158.987711614172,5.08751968502352));
#14287=CARTESIAN_POINT('Origin',(600.967913385826,-158.987711614172,5.08751968502359));
#14288=CARTESIAN_POINT('',(610.492913385826,-153.437711614172,5.08751968502227));
#14289=CARTESIAN_POINT('',(597.492913385826,-153.437711614172,5.08751968502407));
#14290=CARTESIAN_POINT('',(610.992913385826,-152.937711614172,5.0875196850222));
#14291=CARTESIAN_POINT('Origin',(610.492913385826,-152.937711614172,5.08751968502227));
#14292=CARTESIAN_POINT('',(610.992913385826,-139.937711614172,5.0875196850222));
#14293=CARTESIAN_POINT('',(610.992913385826,-139.937711614172,5.0875196850222));
#14294=CARTESIAN_POINT('Origin',(610.492913385826,-139.937711614172,5.08751968502227));
#14295=CARTESIAN_POINT('',(601.444163385826,-129.387086614172,5.08751968502353));
#14296=CARTESIAN_POINT('',(588.444163385826,-129.387086614172,5.08751968502533));
#14297=CARTESIAN_POINT('',(601.944163385826,-128.887086614172,5.08751968502346));
#14298=CARTESIAN_POINT('Origin',(601.444163385826,-128.887086614172,5.08751968502353));
#14299=CARTESIAN_POINT('',(601.944163385826,-115.887086614172,5.08751968502346));
#14300=CARTESIAN_POINT('',(601.944163385826,-115.887086614172,5.08751968502346));
#14301=CARTESIAN_POINT('Origin',(601.444163385826,-115.887086614172,5.08751968502353));
#14302=CARTESIAN_POINT('',(803.468538385826,-104.362086614172,5.08751968499554));
#14303=CARTESIAN_POINT('',(727.518382135826,-104.362086614172,5.08751968500606));
#14304=CARTESIAN_POINT('',(808.468538385826,-109.362086614172,5.08751968499485));
#14305=CARTESIAN_POINT('Origin',(803.468538385826,-109.362086614172,5.08751968501748));
#14306=CARTESIAN_POINT('',(808.468538385826,-245.662711614172,5.08751968499485));
#14307=CARTESIAN_POINT('',(808.468538385826,-217.337555364172,5.08751968499485));
#14308=CARTESIAN_POINT('Origin',(803.468538385826,-245.662711614172,5.08751968501748));
#14309=CARTESIAN_POINT('',(635.592913385826,-139.437711614172,5.0875196850188));
#14310=CARTESIAN_POINT('',(635.092913385826,-139.937711614172,5.08751968501887));
#14311=CARTESIAN_POINT('Origin',(635.592913385826,-139.937711614172,5.0875196850188));
#14312=CARTESIAN_POINT('',(635.092913385826,-152.937711614172,5.08751968501887));
#14313=CARTESIAN_POINT('',(635.092913385826,-139.937711614172,5.08751968501887));
#14314=CARTESIAN_POINT('',(635.592913385826,-153.437711614172,5.0875196850188));
#14315=CARTESIAN_POINT('Origin',(635.592913385826,-152.937711614172,5.0875196850188));
#14316=CARTESIAN_POINT('',(648.592913385826,-153.437711614172,5.08751968501699));
#14317=CARTESIAN_POINT('',(635.592913385826,-153.437711614172,5.0875196850188));
#14318=CARTESIAN_POINT('',(649.092913385826,-152.937711614172,5.08751968501692));
#14319=CARTESIAN_POINT('Origin',(648.592913385826,-152.937711614172,5.08751968501699));
#14320=CARTESIAN_POINT('',(649.092913385826,-139.937711614172,5.08751968501692));
#14321=CARTESIAN_POINT('',(649.092913385826,-139.937711614172,5.08751968501692));
#14322=CARTESIAN_POINT('',(648.592913385826,-139.437711614172,5.08751968501699));
#14323=CARTESIAN_POINT('Origin',(648.592913385826,-139.937711614172,5.08751968501699));
#14324=CARTESIAN_POINT('',(635.592913385826,-139.437711614172,5.0875196850188));
#14325=CARTESIAN_POINT('',(773.943538385826,-139.437711614172,5.08751968499963));
#14326=CARTESIAN_POINT('',(773.443538385826,-139.937711614172,5.0875196849997));
#14327=CARTESIAN_POINT('Origin',(773.943538385826,-139.937711614172,5.08751968499963));
#14328=CARTESIAN_POINT('',(773.443538385826,-152.937711614172,5.0875196849997));
#14329=CARTESIAN_POINT('',(773.443538385826,-139.937711614172,5.0875196849997));
#14330=CARTESIAN_POINT('',(773.943538385826,-153.437711614172,5.08751968499963));
#14331=CARTESIAN_POINT('Origin',(773.943538385826,-152.937711614172,5.08751968499963));
#14332=CARTESIAN_POINT('',(786.943538385826,-153.437711614172,5.08751968499783));
#14333=CARTESIAN_POINT('',(773.943538385826,-153.437711614172,5.08751968499963));
#14334=CARTESIAN_POINT('',(787.443538385826,-152.937711614172,5.08751968499776));
#14335=CARTESIAN_POINT('Origin',(786.943538385826,-152.937711614172,5.08751968499783));
#14336=CARTESIAN_POINT('',(787.443538385826,-139.937711614172,5.08751968499776));
#14337=CARTESIAN_POINT('',(787.443538385826,-139.937711614172,5.08751968499776));
#14338=CARTESIAN_POINT('',(786.943538385826,-139.437711614172,5.08751968499783));
#14339=CARTESIAN_POINT('Origin',(786.943538385826,-139.937711614172,5.08751968499783));
#14340=CARTESIAN_POINT('',(773.943538385826,-139.437711614172,5.08751968499963));
#14341=CARTESIAN_POINT('',(604.636663385826,-215.637711614172,5.08751968502308));
#14342=CARTESIAN_POINT('',(604.136663385826,-216.137711614172,5.08751968502315));
#14343=CARTESIAN_POINT('Origin',(604.636663385826,-216.137711614172,5.08751968502308));
#14344=CARTESIAN_POINT('',(604.136663385826,-229.137711614172,5.08751968502315));
#14345=CARTESIAN_POINT('',(604.136663385826,-216.137711614172,5.08751968502315));
#14346=CARTESIAN_POINT('',(604.636663385826,-229.637711614172,5.08751968502308));
#14347=CARTESIAN_POINT('Origin',(604.636663385826,-229.137711614172,5.08751968502308));
#14348=CARTESIAN_POINT('',(617.636663385826,-229.637711614172,5.08751968502128));
#14349=CARTESIAN_POINT('',(604.636663385826,-229.637711614172,5.08751968502308));
#14350=CARTESIAN_POINT('',(618.136663385826,-229.137711614172,5.08751968502121));
#14351=CARTESIAN_POINT('Origin',(617.636663385826,-229.137711614172,5.08751968502128));
#14352=CARTESIAN_POINT('',(618.136663385826,-216.137711614172,5.08751968502121));
#14353=CARTESIAN_POINT('',(618.136663385826,-216.137711614172,5.08751968502121));
#14354=CARTESIAN_POINT('',(617.636663385826,-215.637711614172,5.08751968502128));
#14355=CARTESIAN_POINT('Origin',(617.636663385826,-216.137711614172,5.08751968502128));
#14356=CARTESIAN_POINT('',(604.636663385826,-215.637711614172,5.08751968502308));
#14357=CARTESIAN_POINT('',(723.699163385826,-196.587711614172,5.08751968500659));
#14358=CARTESIAN_POINT('',(723.199163385826,-197.087711614172,5.08751968500666));
#14359=CARTESIAN_POINT('Origin',(723.699163385826,-197.087711614172,5.08751968500659));
#14360=CARTESIAN_POINT('',(723.199163385826,-210.087711614172,5.08751968500666));
#14361=CARTESIAN_POINT('',(723.199163385826,-197.087711614172,5.08751968500666));
#14362=CARTESIAN_POINT('',(723.699163385826,-210.587711614172,5.08751968500659));
#14363=CARTESIAN_POINT('Origin',(723.699163385826,-210.087711614172,5.08751968500659));
#14364=CARTESIAN_POINT('',(736.699163385826,-210.587711614172,5.08751968500479));
#14365=CARTESIAN_POINT('',(723.699163385826,-210.587711614172,5.08751968500659));
#14366=CARTESIAN_POINT('',(737.199163385826,-210.087711614172,5.08751968500472));
#14367=CARTESIAN_POINT('Origin',(736.699163385826,-210.087711614172,5.08751968500479));
#14368=CARTESIAN_POINT('',(737.199163385826,-197.087711614172,5.08751968500472));
#14369=CARTESIAN_POINT('',(737.199163385826,-197.087711614172,5.08751968500472));
#14370=CARTESIAN_POINT('',(736.699163385826,-196.587711614172,5.08751968500479));
#14371=CARTESIAN_POINT('Origin',(736.699163385826,-197.087711614172,5.08751968500479));
#14372=CARTESIAN_POINT('',(723.699163385826,-196.587711614172,5.08751968500659));
#14373=CARTESIAN_POINT('',(731.929913385826,-140.437711614172,5.08751968500545));
#14374=CARTESIAN_POINT('',(731.429913385826,-140.937711614172,5.08751968500552));
#14375=CARTESIAN_POINT('Origin',(731.929913385826,-140.937711614172,5.08751968500545));
#14376=CARTESIAN_POINT('',(731.429913385826,-154.937711614172,5.08751968500552));
#14377=CARTESIAN_POINT('',(731.429913385826,-140.937711614172,5.08751968500552));
#14378=CARTESIAN_POINT('',(731.929913385826,-155.437711614172,5.08751968500545));
#14379=CARTESIAN_POINT('Origin',(731.929913385826,-154.937711614172,5.08751968500545));
#14380=CARTESIAN_POINT('',(737.929913385826,-155.437711614172,5.08751968500462));
#14381=CARTESIAN_POINT('',(731.929913385826,-155.437711614172,5.08751968500545));
#14382=CARTESIAN_POINT('',(738.429913385826,-154.937711614172,5.08751968500455));
#14383=CARTESIAN_POINT('Origin',(737.929913385826,-154.937711614172,5.08751968500462));
#14384=CARTESIAN_POINT('',(738.429913385826,-140.937711614172,5.08751968500455));
#14385=CARTESIAN_POINT('',(738.429913385826,-140.937711614172,5.08751968500455));
#14386=CARTESIAN_POINT('',(737.929913385826,-140.437711614172,5.08751968500462));
#14387=CARTESIAN_POINT('Origin',(737.929913385826,-140.937711614172,5.08751968500462));
#14388=CARTESIAN_POINT('',(731.929913385826,-140.437711614172,5.08751968500545));
#14389=CARTESIAN_POINT('',(616.542913385826,-139.437711614172,5.08751968502143));
#14390=CARTESIAN_POINT('',(616.042913385826,-139.937711614172,5.0875196850215));
#14391=CARTESIAN_POINT('Origin',(616.542913385826,-139.937711614172,5.08751968502143));
#14392=CARTESIAN_POINT('',(616.042913385826,-152.937711614172,5.0875196850215));
#14393=CARTESIAN_POINT('',(616.042913385826,-139.937711614172,5.0875196850215));
#14394=CARTESIAN_POINT('',(616.542913385826,-153.437711614172,5.08751968502143));
#14395=CARTESIAN_POINT('Origin',(616.542913385826,-152.937711614172,5.08751968502143));
#14396=CARTESIAN_POINT('',(629.542913385826,-153.437711614172,5.08751968501963));
#14397=CARTESIAN_POINT('',(616.542913385826,-153.437711614172,5.08751968502143));
#14398=CARTESIAN_POINT('',(630.042913385826,-152.937711614172,5.08751968501956));
#14399=CARTESIAN_POINT('Origin',(629.542913385826,-152.937711614172,5.08751968501964));
#14400=CARTESIAN_POINT('',(630.042913385826,-139.937711614172,5.08751968501956));
#14401=CARTESIAN_POINT('',(630.042913385826,-139.937711614172,5.08751968501956));
#14402=CARTESIAN_POINT('',(629.542913385826,-139.437711614172,5.08751968501964));
#14403=CARTESIAN_POINT('Origin',(629.542913385826,-139.937711614172,5.08751968501964));
#14404=CARTESIAN_POINT('',(616.542913385826,-139.437711614172,5.08751968502143));
#14405=CARTESIAN_POINT('',(692.742913385826,-215.637711614172,5.08751968501088));
#14406=CARTESIAN_POINT('',(692.242913385826,-216.137711614172,5.08751968501095));
#14407=CARTESIAN_POINT('Origin',(692.742913385826,-216.137711614172,5.08751968501088));
#14408=CARTESIAN_POINT('',(692.242913385826,-229.137711614172,5.08751968501095));
#14409=CARTESIAN_POINT('',(692.242913385826,-216.137711614172,5.08751968501095));
#14410=CARTESIAN_POINT('',(692.742913385826,-229.637711614172,5.08751968501088));
#14411=CARTESIAN_POINT('Origin',(692.742913385826,-229.137711614172,5.08751968501088));
#14412=CARTESIAN_POINT('',(705.742913385826,-229.637711614172,5.08751968500908));
#14413=CARTESIAN_POINT('',(692.742913385826,-229.637711614172,5.08751968501088));
#14414=CARTESIAN_POINT('',(706.242913385826,-229.137711614172,5.08751968500901));
#14415=CARTESIAN_POINT('Origin',(705.742913385826,-229.137711614172,5.08751968500908));
#14416=CARTESIAN_POINT('',(706.242913385826,-216.137711614172,5.08751968500901));
#14417=CARTESIAN_POINT('',(706.242913385826,-216.137711614172,5.08751968500901));
#14418=CARTESIAN_POINT('',(705.742913385826,-215.637711614172,5.08751968500908));
#14419=CARTESIAN_POINT('Origin',(705.742913385826,-216.137711614172,5.08751968500908));
#14420=CARTESIAN_POINT('',(692.742913385826,-215.637711614172,5.08751968501088));
#14421=CARTESIAN_POINT('',(707.030413385826,-177.537711614172,5.0875196850089));
#14422=CARTESIAN_POINT('',(706.530413385826,-178.037711614172,5.08751968500897));
#14423=CARTESIAN_POINT('Origin',(707.030413385826,-178.037711614172,5.0875196850089));
#14424=CARTESIAN_POINT('',(706.530413385826,-191.037711614172,5.08751968500897));
#14425=CARTESIAN_POINT('',(706.530413385826,-178.037711614172,5.08751968500897));
#14426=CARTESIAN_POINT('',(707.030413385826,-191.537711614172,5.0875196850089));
#14427=CARTESIAN_POINT('Origin',(707.030413385826,-191.037711614172,5.0875196850089));
#14428=CARTESIAN_POINT('',(720.030413385826,-191.537711614172,5.0875196850071));
#14429=CARTESIAN_POINT('',(707.030413385826,-191.537711614172,5.0875196850089));
#14430=CARTESIAN_POINT('',(720.530413385826,-191.037711614172,5.08751968500703));
#14431=CARTESIAN_POINT('Origin',(720.030413385826,-191.037711614172,5.0875196850071));
#14432=CARTESIAN_POINT('',(720.530413385826,-178.037711614172,5.08751968500703));
#14433=CARTESIAN_POINT('',(720.530413385826,-178.037711614172,5.08751968500703));
#14434=CARTESIAN_POINT('',(720.030413385826,-177.537711614172,5.0875196850071));
#14435=CARTESIAN_POINT('Origin',(720.030413385826,-178.037711614172,5.0875196850071));
#14436=CARTESIAN_POINT('',(707.030413385826,-177.537711614172,5.0875196850089));
#14437=CARTESIAN_POINT('',(669.644788385826,-115.387086614172,5.08751968501408));
#14438=CARTESIAN_POINT('',(669.144788385826,-115.887086614172,5.08751968501415));
#14439=CARTESIAN_POINT('Origin',(669.644788385826,-115.887086614172,5.08751968501408));
#14440=CARTESIAN_POINT('',(669.144788385826,-128.887086614172,5.08751968501415));
#14441=CARTESIAN_POINT('',(669.144788385826,-115.887086614172,5.08751968501415));
#14442=CARTESIAN_POINT('',(669.644788385826,-129.387086614172,5.08751968501408));
#14443=CARTESIAN_POINT('Origin',(669.644788385826,-128.887086614172,5.08751968501408));
#14444=CARTESIAN_POINT('',(682.644788385826,-129.387086614172,5.08751968501228));
#14445=CARTESIAN_POINT('',(669.644788385826,-129.387086614172,5.08751968501408));
#14446=CARTESIAN_POINT('',(683.144788385826,-128.887086614172,5.08751968501221));
#14447=CARTESIAN_POINT('Origin',(682.644788385826,-128.887086614172,5.08751968501228));
#14448=CARTESIAN_POINT('',(683.144788385826,-115.887086614172,5.08751968501221));
#14449=CARTESIAN_POINT('',(683.144788385826,-115.887086614172,5.08751968501221));
#14450=CARTESIAN_POINT('',(682.644788385826,-115.387086614172,5.08751968501228));
#14451=CARTESIAN_POINT('Origin',(682.644788385826,-115.887086614172,5.08751968501228));
#14452=CARTESIAN_POINT('',(669.644788385826,-115.387086614172,5.08751968501408));
#14453=CARTESIAN_POINT('',(729.548663385826,-178.537711614172,5.08751968500578));
#14454=CARTESIAN_POINT('',(729.048663385826,-179.037711614172,5.08751968500585));
#14455=CARTESIAN_POINT('Origin',(729.548663385826,-179.037711614172,5.08751968500578));
#14456=CARTESIAN_POINT('',(729.048663385826,-193.037711614172,5.08751968500585));
#14457=CARTESIAN_POINT('',(729.048663385826,-179.037711614172,5.08751968500585));
#14458=CARTESIAN_POINT('',(729.548663385826,-193.537711614172,5.08751968500578));
#14459=CARTESIAN_POINT('Origin',(729.548663385826,-193.037711614172,5.08751968500578));
#14460=CARTESIAN_POINT('',(735.548663385826,-193.537711614172,5.08751968500495));
#14461=CARTESIAN_POINT('',(729.548663385826,-193.537711614172,5.08751968500578));
#14462=CARTESIAN_POINT('',(736.048663385826,-193.037711614172,5.08751968500488));
#14463=CARTESIAN_POINT('Origin',(735.548663385826,-193.037711614172,5.08751968500495));
#14464=CARTESIAN_POINT('',(736.048663385826,-179.037711614172,5.08751968500488));
#14465=CARTESIAN_POINT('',(736.048663385826,-179.037711614172,5.08751968500488));
#14466=CARTESIAN_POINT('',(735.548663385826,-178.537711614172,5.08751968500495));
#14467=CARTESIAN_POINT('Origin',(735.548663385826,-179.037711614172,5.08751968500495));
#14468=CARTESIAN_POINT('',(729.548663385826,-178.537711614172,5.08751968500578));
#14469=CARTESIAN_POINT('',(735.843538385826,-215.637711614172,5.08751968500491));
#14470=CARTESIAN_POINT('',(735.343538385826,-216.137711614172,5.08751968500498));
#14471=CARTESIAN_POINT('Origin',(735.843538385826,-216.137711614172,5.08751968500491));
#14472=CARTESIAN_POINT('',(735.343538385826,-229.137711614172,5.08751968500498));
#14473=CARTESIAN_POINT('',(735.343538385826,-216.137711614172,5.08751968500498));
#14474=CARTESIAN_POINT('',(735.843538385826,-229.637711614172,5.08751968500491));
#14475=CARTESIAN_POINT('Origin',(735.843538385826,-229.137711614172,5.08751968500491));
#14476=CARTESIAN_POINT('',(748.843538385826,-229.637711614172,5.08751968500311));
#14477=CARTESIAN_POINT('',(735.843538385826,-229.637711614172,5.08751968500491));
#14478=CARTESIAN_POINT('',(749.343538385826,-229.137711614172,5.08751968500304));
#14479=CARTESIAN_POINT('Origin',(748.843538385826,-229.137711614172,5.08751968500311));
#14480=CARTESIAN_POINT('',(749.343538385826,-216.137711614172,5.08751968500304));
#14481=CARTESIAN_POINT('',(749.343538385826,-216.137711614172,5.08751968500304));
#14482=CARTESIAN_POINT('',(748.843538385826,-215.637711614172,5.08751968500311));
#14483=CARTESIAN_POINT('Origin',(748.843538385826,-216.137711614172,5.08751968500311));
#14484=CARTESIAN_POINT('',(735.843538385826,-215.637711614172,5.08751968500491));
#14485=CARTESIAN_POINT('',(645.117913385826,-158.487711614172,5.08751968501748));
#14486=CARTESIAN_POINT('',(644.617913385826,-158.987711614172,5.08751968501755));
#14487=CARTESIAN_POINT('Origin',(645.117913385826,-158.987711614172,5.08751968501748));
#14488=CARTESIAN_POINT('',(644.617913385826,-171.987711614172,5.08751968501755));
#14489=CARTESIAN_POINT('',(644.617913385826,-158.987711614172,5.08751968501755));
#14490=CARTESIAN_POINT('',(645.117913385826,-172.487711614172,5.08751968501748));
#14491=CARTESIAN_POINT('Origin',(645.117913385826,-171.987711614172,5.08751968501748));
#14492=CARTESIAN_POINT('',(658.117913385826,-172.487711614172,5.08751968501567));
#14493=CARTESIAN_POINT('',(645.117913385826,-172.487711614172,5.08751968501748));
#14494=CARTESIAN_POINT('',(658.617913385826,-171.987711614172,5.08751968501561));
#14495=CARTESIAN_POINT('Origin',(658.117913385826,-171.987711614172,5.08751968501567));
#14496=CARTESIAN_POINT('',(658.617913385826,-158.987711614172,5.08751968501561));
#14497=CARTESIAN_POINT('',(658.617913385826,-158.987711614172,5.08751968501561));
#14498=CARTESIAN_POINT('',(658.117913385826,-158.487711614172,5.08751968501567));
#14499=CARTESIAN_POINT('Origin',(658.117913385826,-158.987711614172,5.08751968501567));
#14500=CARTESIAN_POINT('',(645.117913385826,-158.487711614172,5.08751968501748));
#14501=CARTESIAN_POINT('',(745.130413385826,-158.487711614172,5.08751968500362));
#14502=CARTESIAN_POINT('',(744.630413385826,-158.987711614172,5.08751968500369));
#14503=CARTESIAN_POINT('Origin',(745.130413385826,-158.987711614172,5.08751968500362));
#14504=CARTESIAN_POINT('',(744.630413385826,-171.987711614172,5.08751968500369));
#14505=CARTESIAN_POINT('',(744.630413385826,-158.987711614172,5.08751968500369));
#14506=CARTESIAN_POINT('',(745.130413385826,-172.487711614172,5.08751968500362));
#14507=CARTESIAN_POINT('Origin',(745.130413385826,-171.987711614172,5.08751968500362));
#14508=CARTESIAN_POINT('',(758.130413385826,-172.487711614172,5.08751968500182));
#14509=CARTESIAN_POINT('',(745.130413385826,-172.487711614172,5.08751968500362));
#14510=CARTESIAN_POINT('',(758.630413385826,-171.987711614172,5.08751968500175));
#14511=CARTESIAN_POINT('Origin',(758.130413385826,-171.987711614172,5.08751968500182));
#14512=CARTESIAN_POINT('',(758.630413385826,-158.987711614172,5.08751968500175));
#14513=CARTESIAN_POINT('',(758.630413385826,-158.987711614172,5.08751968500175));
#14514=CARTESIAN_POINT('',(758.130413385826,-158.487711614172,5.08751968500182));
#14515=CARTESIAN_POINT('Origin',(758.130413385826,-158.987711614172,5.08751968500182));
#14516=CARTESIAN_POINT('',(745.130413385826,-158.487711614172,5.08751968500362));
#14517=CARTESIAN_POINT('',(621.305413385826,-196.587711614172,5.08751968502077));
#14518=CARTESIAN_POINT('',(620.805413385826,-197.087711614172,5.08751968502084));
#14519=CARTESIAN_POINT('Origin',(621.305413385826,-197.087711614172,5.08751968502077));
#14520=CARTESIAN_POINT('',(620.805413385826,-210.087711614172,5.08751968502084));
#14521=CARTESIAN_POINT('',(620.805413385826,-197.087711614172,5.08751968502084));
#14522=CARTESIAN_POINT('',(621.305413385826,-210.587711614172,5.08751968502077));
#14523=CARTESIAN_POINT('Origin',(621.305413385826,-210.087711614172,5.08751968502077));
#14524=CARTESIAN_POINT('',(634.305413385826,-210.587711614172,5.08751968501897));
#14525=CARTESIAN_POINT('',(621.305413385826,-210.587711614172,5.08751968502077));
#14526=CARTESIAN_POINT('',(634.805413385826,-210.087711614172,5.0875196850189));
#14527=CARTESIAN_POINT('Origin',(634.305413385826,-210.087711614172,5.08751968501897));
#14528=CARTESIAN_POINT('',(634.805413385826,-197.087711614172,5.0875196850189));
#14529=CARTESIAN_POINT('',(634.805413385826,-197.087711614172,5.0875196850189));
#14530=CARTESIAN_POINT('',(634.305413385826,-196.587711614172,5.08751968501897));
#14531=CARTESIAN_POINT('Origin',(634.305413385826,-197.087711614172,5.08751968501897));
#14532=CARTESIAN_POINT('',(621.305413385826,-196.587711614172,5.08751968502077));
#14533=CARTESIAN_POINT('',(702.267913385826,-158.487711614172,5.08751968500956));
#14534=CARTESIAN_POINT('',(701.767913385826,-158.987711614172,5.08751968500963));
#14535=CARTESIAN_POINT('Origin',(702.267913385826,-158.987711614172,5.08751968500956));
#14536=CARTESIAN_POINT('',(701.767913385826,-171.987711614172,5.08751968500963));
#14537=CARTESIAN_POINT('',(701.767913385826,-158.987711614172,5.08751968500963));
#14538=CARTESIAN_POINT('',(702.267913385826,-172.487711614172,5.08751968500956));
#14539=CARTESIAN_POINT('Origin',(702.267913385826,-171.987711614172,5.08751968500956));
#14540=CARTESIAN_POINT('',(715.267913385826,-172.487711614172,5.08751968500776));
#14541=CARTESIAN_POINT('',(702.267913385826,-172.487711614172,5.08751968500956));
#14542=CARTESIAN_POINT('',(715.767913385826,-171.987711614172,5.08751968500769));
#14543=CARTESIAN_POINT('Origin',(715.267913385826,-171.987711614172,5.08751968500776));
#14544=CARTESIAN_POINT('',(715.767913385826,-158.987711614172,5.08751968500769));
#14545=CARTESIAN_POINT('',(715.767913385826,-158.987711614172,5.08751968500769));
#14546=CARTESIAN_POINT('',(715.267913385826,-158.487711614172,5.08751968500776));
#14547=CARTESIAN_POINT('Origin',(715.267913385826,-158.987711614172,5.08751968500776));
#14548=CARTESIAN_POINT('',(702.267913385826,-158.487711614172,5.08751968500956));
#14549=CARTESIAN_POINT('',(659.405413385826,-196.587711614172,5.0875196850155));
#14550=CARTESIAN_POINT('',(658.905413385826,-197.087711614172,5.08751968501557));
#14551=CARTESIAN_POINT('Origin',(659.405413385826,-197.087711614172,5.0875196850155));
#14552=CARTESIAN_POINT('',(658.905413385826,-210.087711614172,5.08751968501557));
#14553=CARTESIAN_POINT('',(658.905413385826,-197.087711614172,5.08751968501557));
#14554=CARTESIAN_POINT('',(659.405413385826,-210.587711614172,5.0875196850155));
#14555=CARTESIAN_POINT('Origin',(659.405413385826,-210.087711614172,5.0875196850155));
#14556=CARTESIAN_POINT('',(672.405413385826,-210.587711614172,5.0875196850137));
#14557=CARTESIAN_POINT('',(659.405413385826,-210.587711614172,5.0875196850155));
#14558=CARTESIAN_POINT('',(672.905413385826,-210.087711614172,5.08751968501363));
#14559=CARTESIAN_POINT('Origin',(672.405413385826,-210.087711614172,5.0875196850137));
#14560=CARTESIAN_POINT('',(672.905413385826,-197.087711614172,5.08751968501363));
#14561=CARTESIAN_POINT('',(672.905413385826,-197.087711614172,5.08751968501363));
#14562=CARTESIAN_POINT('',(672.405413385826,-196.587711614172,5.0875196850137));
#14563=CARTESIAN_POINT('Origin',(672.405413385826,-197.087711614172,5.0875196850137));
#14564=CARTESIAN_POINT('',(659.405413385826,-196.587711614172,5.0875196850155));
#14565=CARTESIAN_POINT('',(607.494163385826,-115.387086614172,5.08751968502269));
#14566=CARTESIAN_POINT('',(606.994163385826,-115.887086614172,5.08751968502276));
#14567=CARTESIAN_POINT('Origin',(607.494163385826,-115.887086614172,5.08751968502269));
#14568=CARTESIAN_POINT('',(606.994163385826,-128.887086614172,5.08751968502276));
#14569=CARTESIAN_POINT('',(606.994163385826,-115.887086614172,5.08751968502276));
#14570=CARTESIAN_POINT('',(607.494163385826,-129.387086614172,5.08751968502269));
#14571=CARTESIAN_POINT('Origin',(607.494163385826,-128.887086614172,5.08751968502269));
#14572=CARTESIAN_POINT('',(620.494163385826,-129.387086614172,5.08751968502089));
#14573=CARTESIAN_POINT('',(607.494163385826,-129.387086614172,5.08751968502269));
#14574=CARTESIAN_POINT('',(620.994163385826,-128.887086614172,5.08751968502082));
#14575=CARTESIAN_POINT('Origin',(620.494163385826,-128.887086614172,5.08751968502089));
#14576=CARTESIAN_POINT('',(620.994163385826,-115.887086614172,5.08751968502082));
#14577=CARTESIAN_POINT('',(620.994163385826,-115.887086614172,5.08751968502082));
#14578=CARTESIAN_POINT('',(620.494163385826,-115.387086614172,5.08751968502089));
#14579=CARTESIAN_POINT('Origin',(620.494163385826,-115.887086614172,5.08751968502089));
#14580=CARTESIAN_POINT('',(607.494163385826,-115.387086614172,5.08751968502269));
#14581=CARTESIAN_POINT('',(773.943538385826,-215.637711614172,5.08751968499963));
#14582=CARTESIAN_POINT('',(773.443538385826,-216.137711614172,5.0875196849997));
#14583=CARTESIAN_POINT('Origin',(773.943538385826,-216.137711614172,5.08751968499963));
#14584=CARTESIAN_POINT('',(773.443538385826,-229.137711614172,5.0875196849997));
#14585=CARTESIAN_POINT('',(773.443538385826,-216.137711614172,5.0875196849997));
#14586=CARTESIAN_POINT('',(773.943538385826,-229.637711614172,5.08751968499963));
#14587=CARTESIAN_POINT('Origin',(773.943538385826,-229.137711614172,5.08751968499963));
#14588=CARTESIAN_POINT('',(786.943538385826,-229.637711614172,5.08751968499783));
#14589=CARTESIAN_POINT('',(773.943538385826,-229.637711614172,5.08751968499963));
#14590=CARTESIAN_POINT('',(787.443538385826,-229.137711614172,5.08751968499776));
#14591=CARTESIAN_POINT('Origin',(786.943538385826,-229.137711614172,5.08751968499783));
#14592=CARTESIAN_POINT('',(787.443538385826,-216.137711614172,5.08751968499776));
#14593=CARTESIAN_POINT('',(787.443538385826,-216.137711614172,5.08751968499776));
#14594=CARTESIAN_POINT('',(786.943538385826,-215.637711614172,5.08751968499783));
#14595=CARTESIAN_POINT('Origin',(786.943538385826,-216.137711614172,5.08751968499783));
#14596=CARTESIAN_POINT('',(773.943538385826,-215.637711614172,5.08751968499963));
#14597=CARTESIAN_POINT('',(754.893538385826,-196.587711614172,5.08751968500227));
#14598=CARTESIAN_POINT('',(754.393538385826,-197.087711614172,5.08751968500234));
#14599=CARTESIAN_POINT('Origin',(754.893538385826,-197.087711614172,5.08751968500227));
#14600=CARTESIAN_POINT('',(754.393538385826,-210.087711614172,5.08751968500234));
#14601=CARTESIAN_POINT('',(754.393538385826,-197.087711614172,5.08751968500234));
#14602=CARTESIAN_POINT('',(754.893538385826,-210.587711614172,5.08751968500227));
#14603=CARTESIAN_POINT('Origin',(754.893538385826,-210.087711614172,5.08751968500227));
#14604=CARTESIAN_POINT('',(767.893538385826,-210.587711614172,5.08751968500047));
#14605=CARTESIAN_POINT('',(754.893538385826,-210.587711614172,5.08751968500227));
#14606=CARTESIAN_POINT('',(768.393538385826,-210.087711614172,5.0875196850004));
#14607=CARTESIAN_POINT('Origin',(767.893538385826,-210.087711614172,5.08751968500047));
#14608=CARTESIAN_POINT('',(768.393538385826,-197.087711614172,5.0875196850004));
#14609=CARTESIAN_POINT('',(768.393538385826,-197.087711614172,5.0875196850004));
#14610=CARTESIAN_POINT('',(767.893538385826,-196.587711614172,5.08751968500047));
#14611=CARTESIAN_POINT('Origin',(767.893538385826,-197.087711614172,5.08751968500047));
#14612=CARTESIAN_POINT('',(754.893538385826,-196.587711614172,5.08751968500227));
#14613=CARTESIAN_POINT('',(664.167913385826,-158.487711614172,5.08751968501484));
#14614=CARTESIAN_POINT('',(663.667913385826,-158.987711614172,5.08751968501491));
#14615=CARTESIAN_POINT('Origin',(664.167913385826,-158.987711614172,5.08751968501484));
#14616=CARTESIAN_POINT('',(663.667913385826,-171.987711614172,5.08751968501491));
#14617=CARTESIAN_POINT('',(663.667913385826,-158.987711614172,5.08751968501491));
#14618=CARTESIAN_POINT('',(664.167913385826,-172.487711614172,5.08751968501484));
#14619=CARTESIAN_POINT('Origin',(664.167913385826,-171.987711614172,5.08751968501484));
#14620=CARTESIAN_POINT('',(677.167913385826,-172.487711614172,5.08751968501304));
#14621=CARTESIAN_POINT('',(664.167913385826,-172.487711614172,5.08751968501484));
#14622=CARTESIAN_POINT('',(677.667913385826,-171.987711614172,5.08751968501297));
#14623=CARTESIAN_POINT('Origin',(677.167913385826,-171.987711614172,5.08751968501304));
#14624=CARTESIAN_POINT('',(677.667913385826,-158.987711614172,5.08751968501297));
#14625=CARTESIAN_POINT('',(677.667913385826,-158.987711614172,5.08751968501297));
#14626=CARTESIAN_POINT('',(677.167913385826,-158.487711614172,5.08751968501304));
#14627=CARTESIAN_POINT('Origin',(677.167913385826,-158.987711614172,5.08751968501304));
#14628=CARTESIAN_POINT('',(664.167913385826,-158.487711614172,5.08751968501484));
#14629=CARTESIAN_POINT('',(602.255413385826,-196.587711614172,5.08751968502342));
#14630=CARTESIAN_POINT('',(601.755413385826,-197.087711614172,5.08751968502349));
#14631=CARTESIAN_POINT('Origin',(602.255413385826,-197.087711614172,5.08751968502342));
#14632=CARTESIAN_POINT('',(601.755413385826,-210.087711614172,5.08751968502348));
#14633=CARTESIAN_POINT('',(601.755413385826,-197.087711614172,5.08751968502348));
#14634=CARTESIAN_POINT('',(602.255413385826,-210.587711614172,5.08751968502342));
#14635=CARTESIAN_POINT('Origin',(602.255413385826,-210.087711614172,5.08751968502342));
#14636=CARTESIAN_POINT('',(615.255413385826,-210.587711614172,5.08751968502161));
#14637=CARTESIAN_POINT('',(602.255413385826,-210.587711614172,5.08751968502342));
#14638=CARTESIAN_POINT('',(615.755413385826,-210.087711614172,5.08751968502154));
#14639=CARTESIAN_POINT('Origin',(615.255413385826,-210.087711614172,5.08751968502161));
#14640=CARTESIAN_POINT('',(615.755413385826,-197.087711614172,5.08751968502154));
#14641=CARTESIAN_POINT('',(615.755413385826,-197.087711614172,5.08751968502154));
#14642=CARTESIAN_POINT('',(615.255413385826,-196.587711614172,5.08751968502161));
#14643=CARTESIAN_POINT('Origin',(615.255413385826,-197.087711614172,5.08751968502161));
#14644=CARTESIAN_POINT('',(602.255413385826,-196.587711614172,5.08751968502342));
#14645=CARTESIAN_POINT('',(640.355413385826,-196.587711614172,5.08751968501814));
#14646=CARTESIAN_POINT('',(639.855413385826,-197.087711614172,5.0875196850182));
#14647=CARTESIAN_POINT('Origin',(640.355413385826,-197.087711614172,5.08751968501814));
#14648=CARTESIAN_POINT('',(639.855413385826,-210.087711614172,5.0875196850182));
#14649=CARTESIAN_POINT('',(639.855413385826,-197.087711614172,5.0875196850182));
#14650=CARTESIAN_POINT('',(640.355413385826,-210.587711614172,5.08751968501814));
#14651=CARTESIAN_POINT('Origin',(640.355413385826,-210.087711614172,5.08751968501814));
#14652=CARTESIAN_POINT('',(653.355413385826,-210.587711614172,5.08751968501634));
#14653=CARTESIAN_POINT('',(640.355413385826,-210.587711614172,5.08751968501814));
#14654=CARTESIAN_POINT('',(653.855413385826,-210.087711614172,5.08751968501627));
#14655=CARTESIAN_POINT('Origin',(653.355413385826,-210.087711614172,5.08751968501634));
#14656=CARTESIAN_POINT('',(653.855413385826,-197.087711614172,5.08751968501627));
#14657=CARTESIAN_POINT('',(653.855413385826,-197.087711614172,5.08751968501627));
#14658=CARTESIAN_POINT('',(653.355413385826,-196.587711614172,5.08751968501634));
#14659=CARTESIAN_POINT('Origin',(653.355413385826,-197.087711614172,5.08751968501634));
#14660=CARTESIAN_POINT('',(640.355413385826,-196.587711614172,5.08751968501814));
#14661=CARTESIAN_POINT('',(711.792913385826,-139.437711614172,5.08751968500824));
#14662=CARTESIAN_POINT('',(711.292913385826,-139.937711614172,5.08751968500831));
#14663=CARTESIAN_POINT('Origin',(711.792913385826,-139.937711614172,5.08751968500824));
#14664=CARTESIAN_POINT('',(711.292913385826,-152.937711614172,5.08751968500831));
#14665=CARTESIAN_POINT('',(711.292913385826,-139.937711614172,5.08751968500831));
#14666=CARTESIAN_POINT('',(711.792913385826,-153.437711614172,5.08751968500824));
#14667=CARTESIAN_POINT('Origin',(711.792913385826,-152.937711614172,5.08751968500824));
#14668=CARTESIAN_POINT('',(724.792913385826,-153.437711614172,5.08751968500644));
#14669=CARTESIAN_POINT('',(711.792913385826,-153.437711614172,5.08751968500824));
#14670=CARTESIAN_POINT('',(725.292913385826,-152.937711614172,5.08751968500637));
#14671=CARTESIAN_POINT('Origin',(724.792913385826,-152.937711614172,5.08751968500644));
#14672=CARTESIAN_POINT('',(725.292913385826,-139.937711614172,5.08751968500637));
#14673=CARTESIAN_POINT('',(725.292913385826,-139.937711614172,5.08751968500637));
#14674=CARTESIAN_POINT('',(724.792913385826,-139.437711614172,5.08751968500644));
#14675=CARTESIAN_POINT('Origin',(724.792913385826,-139.937711614172,5.08751968500644));
#14676=CARTESIAN_POINT('',(711.792913385826,-139.437711614172,5.08751968500824));
#14677=CARTESIAN_POINT('',(721.317913385826,-158.487711614172,5.08751968500692));
#14678=CARTESIAN_POINT('',(720.817913385826,-158.987711614172,5.08751968500699));
#14679=CARTESIAN_POINT('Origin',(721.317913385826,-158.987711614172,5.08751968500692));
#14680=CARTESIAN_POINT('',(720.817913385826,-171.987711614172,5.08751968500699));
#14681=CARTESIAN_POINT('',(720.817913385826,-158.987711614172,5.08751968500699));
#14682=CARTESIAN_POINT('',(721.317913385826,-172.487711614172,5.08751968500692));
#14683=CARTESIAN_POINT('Origin',(721.317913385826,-171.987711614172,5.08751968500692));
#14684=CARTESIAN_POINT('',(734.317913385826,-172.487711614172,5.08751968500512));
#14685=CARTESIAN_POINT('',(721.317913385826,-172.487711614172,5.08751968500692));
#14686=CARTESIAN_POINT('',(734.817913385826,-171.987711614172,5.08751968500505));
#14687=CARTESIAN_POINT('Origin',(734.317913385826,-171.987711614172,5.08751968500512));
#14688=CARTESIAN_POINT('',(734.817913385826,-158.987711614172,5.08751968500505));
#14689=CARTESIAN_POINT('',(734.817913385826,-158.987711614172,5.08751968500505));
#14690=CARTESIAN_POINT('',(734.317913385826,-158.487711614172,5.08751968500512));
#14691=CARTESIAN_POINT('Origin',(734.317913385826,-158.987711614172,5.08751968500512));
#14692=CARTESIAN_POINT('',(721.317913385826,-158.487711614172,5.08751968500692));
#14693=CARTESIAN_POINT('',(673.692913385826,-139.437711614172,5.08751968501352));
#14694=CARTESIAN_POINT('',(673.192913385826,-139.937711614172,5.08751968501359));
#14695=CARTESIAN_POINT('Origin',(673.692913385826,-139.937711614172,5.08751968501352));
#14696=CARTESIAN_POINT('',(673.192913385826,-152.937711614172,5.08751968501359));
#14697=CARTESIAN_POINT('',(673.192913385826,-139.937711614172,5.08751968501359));
#14698=CARTESIAN_POINT('',(673.692913385826,-153.437711614172,5.08751968501352));
#14699=CARTESIAN_POINT('Origin',(673.692913385826,-152.937711614172,5.08751968501352));
#14700=CARTESIAN_POINT('',(686.692913385826,-153.437711614172,5.08751968501172));
#14701=CARTESIAN_POINT('',(673.692913385826,-153.437711614172,5.08751968501352));
#14702=CARTESIAN_POINT('',(687.192913385826,-152.937711614172,5.08751968501165));
#14703=CARTESIAN_POINT('Origin',(686.692913385826,-152.937711614172,5.08751968501172));
#14704=CARTESIAN_POINT('',(687.192913385826,-139.937711614172,5.08751968501165));
#14705=CARTESIAN_POINT('',(687.192913385826,-139.937711614172,5.08751968501165));
#14706=CARTESIAN_POINT('',(686.692913385826,-139.437711614172,5.08751968501172));
#14707=CARTESIAN_POINT('Origin',(686.692913385826,-139.937711614172,5.08751968501172));
#14708=CARTESIAN_POINT('',(673.692913385826,-139.437711614172,5.08751968501352));
#14709=CARTESIAN_POINT('',(753.424663385826,-178.537711614172,5.08751968500247));
#14710=CARTESIAN_POINT('',(752.924663385826,-179.037711614172,5.08751968500254));
#14711=CARTESIAN_POINT('Origin',(753.424663385826,-179.037711614172,5.08751968500247));
#14712=CARTESIAN_POINT('',(752.924663385826,-193.037711614172,5.08751968500254));
#14713=CARTESIAN_POINT('',(752.924663385826,-179.037711614172,5.08751968500254));
#14714=CARTESIAN_POINT('',(753.424663385826,-193.537711614172,5.08751968500247));
#14715=CARTESIAN_POINT('Origin',(753.424663385826,-193.037711614172,5.08751968500247));
#14716=CARTESIAN_POINT('',(759.424663385826,-193.537711614172,5.08751968500164));
#14717=CARTESIAN_POINT('',(753.424663385826,-193.537711614172,5.08751968500247));
#14718=CARTESIAN_POINT('',(759.924663385826,-193.037711614172,5.08751968500157));
#14719=CARTESIAN_POINT('Origin',(759.424663385826,-193.037711614172,5.08751968500164));
#14720=CARTESIAN_POINT('',(759.924663385826,-179.037711614172,5.08751968500157));
#14721=CARTESIAN_POINT('',(759.924663385826,-179.037711614172,5.08751968500157));
#14722=CARTESIAN_POINT('',(759.424663385826,-178.537711614172,5.08751968500164));
#14723=CARTESIAN_POINT('Origin',(759.424663385826,-179.037711614172,5.08751968500164));
#14724=CARTESIAN_POINT('',(753.424663385826,-178.537711614172,5.08751968500247));
#14725=CARTESIAN_POINT('',(611.780413385826,-177.537711614172,5.08751968502209));
#14726=CARTESIAN_POINT('',(611.280413385826,-178.037711614172,5.08751968502216));
#14727=CARTESIAN_POINT('Origin',(611.780413385826,-178.037711614172,5.08751968502209));
#14728=CARTESIAN_POINT('',(611.280413385826,-191.037711614172,5.08751968502216));
#14729=CARTESIAN_POINT('',(611.280413385826,-178.037711614172,5.08751968502216));
#14730=CARTESIAN_POINT('',(611.780413385826,-191.537711614172,5.08751968502209));
#14731=CARTESIAN_POINT('Origin',(611.780413385826,-191.037711614172,5.08751968502209));
#14732=CARTESIAN_POINT('',(624.780413385826,-191.537711614172,5.08751968502029));
#14733=CARTESIAN_POINT('',(611.780413385826,-191.537711614172,5.08751968502209));
#14734=CARTESIAN_POINT('',(625.280413385826,-191.037711614172,5.08751968502022));
#14735=CARTESIAN_POINT('Origin',(624.780413385826,-191.037711614172,5.08751968502029));
#14736=CARTESIAN_POINT('',(625.280413385826,-178.037711614172,5.08751968502022));
#14737=CARTESIAN_POINT('',(625.280413385826,-178.037711614172,5.08751968502022));
#14738=CARTESIAN_POINT('',(624.780413385826,-177.537711614172,5.08751968502029));
#14739=CARTESIAN_POINT('Origin',(624.780413385826,-178.037711614172,5.08751968502029));
#14740=CARTESIAN_POINT('',(611.780413385826,-177.537711614172,5.08751968502209));
#14741=CARTESIAN_POINT('',(740.367913385826,-139.437711614172,5.08751968500428));
#14742=CARTESIAN_POINT('',(739.867913385826,-139.937711614172,5.08751968500435));
#14743=CARTESIAN_POINT('Origin',(740.367913385826,-139.937711614172,5.08751968500428));
#14744=CARTESIAN_POINT('',(739.867913385826,-152.937711614172,5.08751968500435));
#14745=CARTESIAN_POINT('',(739.867913385826,-139.937711614172,5.08751968500435));
#14746=CARTESIAN_POINT('',(740.367913385826,-153.437711614172,5.08751968500428));
#14747=CARTESIAN_POINT('Origin',(740.367913385826,-152.937711614172,5.08751968500428));
#14748=CARTESIAN_POINT('',(753.367913385826,-153.437711614172,5.08751968500248));
#14749=CARTESIAN_POINT('',(740.367913385826,-153.437711614172,5.08751968500428));
#14750=CARTESIAN_POINT('',(753.867913385826,-152.937711614172,5.08751968500241));
#14751=CARTESIAN_POINT('Origin',(753.367913385826,-152.937711614172,5.08751968500248));
#14752=CARTESIAN_POINT('',(753.867913385826,-139.937711614172,5.08751968500241));
#14753=CARTESIAN_POINT('',(753.867913385826,-139.937711614172,5.08751968500241));
#14754=CARTESIAN_POINT('',(753.367913385826,-139.437711614172,5.08751968500248));
#14755=CARTESIAN_POINT('Origin',(753.367913385826,-139.937711614172,5.08751968500248));
#14756=CARTESIAN_POINT('',(740.367913385826,-139.437711614172,5.08751968500428));
#14757=CARTESIAN_POINT('',(749.892913385826,-115.387086614172,5.08751968500296));
#14758=CARTESIAN_POINT('',(749.392913385826,-115.887086614172,5.08751968500303));
#14759=CARTESIAN_POINT('Origin',(749.892913385826,-115.887086614172,5.08751968500296));
#14760=CARTESIAN_POINT('',(749.392913385826,-128.887086614172,5.08751968500303));
#14761=CARTESIAN_POINT('',(749.392913385826,-115.887086614172,5.08751968500303));
#14762=CARTESIAN_POINT('',(749.892913385826,-129.387086614172,5.08751968500296));
#14763=CARTESIAN_POINT('Origin',(749.892913385826,-128.887086614172,5.08751968500296));
#14764=CARTESIAN_POINT('',(762.892913385826,-129.387086614172,5.08751968500116));
#14765=CARTESIAN_POINT('',(749.892913385826,-129.387086614172,5.08751968500296));
#14766=CARTESIAN_POINT('',(763.392913385826,-128.887086614172,5.08751968500109));
#14767=CARTESIAN_POINT('Origin',(762.892913385826,-128.887086614172,5.08751968500116));
#14768=CARTESIAN_POINT('',(763.392913385826,-115.887086614172,5.08751968500109));
#14769=CARTESIAN_POINT('',(763.392913385826,-115.887086614172,5.08751968500109));
#14770=CARTESIAN_POINT('',(762.892913385826,-115.387086614172,5.08751968500116));
#14771=CARTESIAN_POINT('Origin',(762.892913385826,-115.887086614172,5.08751968500116));
#14772=CARTESIAN_POINT('',(749.892913385826,-115.387086614172,5.08751968500296));
#14773=CARTESIAN_POINT('',(631.544788385826,-115.387086614172,5.08751968501936));
#14774=CARTESIAN_POINT('',(631.044788385826,-115.887086614172,5.08751968501942));
#14775=CARTESIAN_POINT('Origin',(631.544788385826,-115.887086614172,5.08751968501936));
#14776=CARTESIAN_POINT('',(631.044788385826,-128.887086614172,5.08751968501942));
#14777=CARTESIAN_POINT('',(631.044788385826,-115.887086614172,5.08751968501942));
#14778=CARTESIAN_POINT('',(631.544788385826,-129.387086614172,5.08751968501936));
#14779=CARTESIAN_POINT('Origin',(631.544788385826,-128.887086614172,5.08751968501936));
#14780=CARTESIAN_POINT('',(644.544788385826,-129.387086614172,5.08751968501756));
#14781=CARTESIAN_POINT('',(631.544788385826,-129.387086614172,5.08751968501936));
#14782=CARTESIAN_POINT('',(645.044788385826,-128.887086614172,5.08751968501749));
#14783=CARTESIAN_POINT('Origin',(644.544788385826,-128.887086614172,5.08751968501756));
#14784=CARTESIAN_POINT('',(645.044788385826,-115.887086614172,5.08751968501749));
#14785=CARTESIAN_POINT('',(645.044788385826,-115.887086614172,5.08751968501749));
#14786=CARTESIAN_POINT('',(644.544788385826,-115.387086614172,5.08751968501756));
#14787=CARTESIAN_POINT('Origin',(644.544788385826,-115.887086614172,5.08751968501756));
#14788=CARTESIAN_POINT('',(631.544788385826,-115.387086614172,5.08751968501936));
#14789=CARTESIAN_POINT('',(711.792913385826,-215.637711614172,5.08751968500824));
#14790=CARTESIAN_POINT('',(711.292913385826,-216.137711614172,5.08751968500831));
#14791=CARTESIAN_POINT('Origin',(711.792913385826,-216.137711614172,5.08751968500824));
#14792=CARTESIAN_POINT('',(711.292913385826,-229.137711614172,5.08751968500831));
#14793=CARTESIAN_POINT('',(711.292913385826,-216.137711614172,5.08751968500831));
#14794=CARTESIAN_POINT('',(711.792913385826,-229.637711614172,5.08751968500824));
#14795=CARTESIAN_POINT('Origin',(711.792913385826,-229.137711614172,5.08751968500824));
#14796=CARTESIAN_POINT('',(724.792913385826,-229.637711614172,5.08751968500644));
#14797=CARTESIAN_POINT('',(711.792913385826,-229.637711614172,5.08751968500824));
#14798=CARTESIAN_POINT('',(725.292913385826,-229.137711614172,5.08751968500637));
#14799=CARTESIAN_POINT('Origin',(724.792913385826,-229.137711614172,5.08751968500644));
#14800=CARTESIAN_POINT('',(725.292913385826,-216.137711614172,5.08751968500637));
#14801=CARTESIAN_POINT('',(725.292913385826,-216.137711614172,5.08751968500637));
#14802=CARTESIAN_POINT('',(724.792913385826,-215.637711614172,5.08751968500644));
#14803=CARTESIAN_POINT('Origin',(724.792913385826,-216.137711614172,5.08751968500644));
#14804=CARTESIAN_POINT('',(711.792913385826,-215.637711614172,5.08751968500824));
#14805=CARTESIAN_POINT('',(737.986663385826,-177.537711614172,5.08751968500461));
#14806=CARTESIAN_POINT('',(737.486663385826,-178.037711614172,5.08751968500468));
#14807=CARTESIAN_POINT('Origin',(737.986663385826,-178.037711614172,5.08751968500461));
#14808=CARTESIAN_POINT('',(737.486663385826,-191.037711614172,5.08751968500468));
#14809=CARTESIAN_POINT('',(737.486663385826,-178.037711614172,5.08751968500468));
#14810=CARTESIAN_POINT('',(737.986663385826,-191.537711614172,5.08751968500461));
#14811=CARTESIAN_POINT('Origin',(737.986663385826,-191.037711614172,5.08751968500461));
#14812=CARTESIAN_POINT('',(750.986663385826,-191.537711614172,5.08751968500281));
#14813=CARTESIAN_POINT('',(737.986663385826,-191.537711614172,5.08751968500461));
#14814=CARTESIAN_POINT('',(751.486663385826,-191.037711614172,5.08751968500274));
#14815=CARTESIAN_POINT('Origin',(750.986663385826,-191.037711614172,5.08751968500281));
#14816=CARTESIAN_POINT('',(751.486663385826,-178.037711614172,5.08751968500274));
#14817=CARTESIAN_POINT('',(751.486663385826,-178.037711614172,5.08751968500274));
#14818=CARTESIAN_POINT('',(750.986663385826,-177.537711614172,5.08751968500281));
#14819=CARTESIAN_POINT('Origin',(750.986663385826,-178.037711614172,5.08751968500281));
#14820=CARTESIAN_POINT('',(737.986663385826,-177.537711614172,5.08751968500461));
#14821=CARTESIAN_POINT('',(654.642913385826,-139.437711614172,5.08751968501616));
#14822=CARTESIAN_POINT('',(654.142913385826,-139.937711614172,5.08751968501623));
#14823=CARTESIAN_POINT('Origin',(654.642913385826,-139.937711614172,5.08751968501616));
#14824=CARTESIAN_POINT('',(654.142913385826,-152.937711614172,5.08751968501623));
#14825=CARTESIAN_POINT('',(654.142913385826,-139.937711614172,5.08751968501623));
#14826=CARTESIAN_POINT('',(654.642913385826,-153.437711614172,5.08751968501616));
#14827=CARTESIAN_POINT('Origin',(654.642913385826,-152.937711614172,5.08751968501616));
#14828=CARTESIAN_POINT('',(667.642913385826,-153.437711614172,5.08751968501436));
#14829=CARTESIAN_POINT('',(654.642913385826,-153.437711614172,5.08751968501616));
#14830=CARTESIAN_POINT('',(668.142913385826,-152.937711614172,5.08751968501429));
#14831=CARTESIAN_POINT('Origin',(667.642913385826,-152.937711614172,5.08751968501436));
#14832=CARTESIAN_POINT('',(668.142913385826,-139.937711614172,5.08751968501429));
#14833=CARTESIAN_POINT('',(668.142913385826,-139.937711614172,5.08751968501429));
#14834=CARTESIAN_POINT('',(667.642913385826,-139.437711614172,5.08751968501436));
#14835=CARTESIAN_POINT('Origin',(667.642913385826,-139.937711614172,5.08751968501436));
#14836=CARTESIAN_POINT('',(654.642913385826,-139.437711614172,5.08751968501616));
#14837=CARTESIAN_POINT('',(773.943538385826,-158.487711614172,5.08751968499963));
#14838=CARTESIAN_POINT('',(773.443538385826,-158.987711614172,5.0875196849997));
#14839=CARTESIAN_POINT('Origin',(773.943538385826,-158.987711614172,5.08751968499963));
#14840=CARTESIAN_POINT('',(773.443538385826,-171.987711614172,5.0875196849997));
#14841=CARTESIAN_POINT('',(773.443538385826,-158.987711614172,5.0875196849997));
#14842=CARTESIAN_POINT('',(773.943538385826,-172.487711614172,5.08751968499963));
#14843=CARTESIAN_POINT('Origin',(773.943538385826,-171.987711614172,5.08751968499963));
#14844=CARTESIAN_POINT('',(786.943538385826,-172.487711614172,5.08751968499783));
#14845=CARTESIAN_POINT('',(773.943538385826,-172.487711614172,5.08751968499963));
#14846=CARTESIAN_POINT('',(787.443538385826,-171.987711614172,5.08751968499776));
#14847=CARTESIAN_POINT('Origin',(786.943538385826,-171.987711614172,5.08751968499783));
#14848=CARTESIAN_POINT('',(787.443538385826,-158.987711614172,5.08751968499776));
#14849=CARTESIAN_POINT('',(787.443538385826,-158.987711614172,5.08751968499776));
#14850=CARTESIAN_POINT('',(786.943538385826,-158.487711614172,5.08751968499783));
#14851=CARTESIAN_POINT('Origin',(786.943538385826,-158.987711614172,5.08751968499783));
#14852=CARTESIAN_POINT('',(773.943538385826,-158.487711614172,5.08751968499963));
#14853=CARTESIAN_POINT('',(607.017913385826,-158.487711614172,5.08751968502275));
#14854=CARTESIAN_POINT('',(606.517913385826,-158.987711614172,5.08751968502282));
#14855=CARTESIAN_POINT('Origin',(607.017913385826,-158.987711614172,5.08751968502275));
#14856=CARTESIAN_POINT('',(606.517913385826,-171.987711614172,5.08751968502282));
#14857=CARTESIAN_POINT('',(606.517913385826,-158.987711614172,5.08751968502282));
#14858=CARTESIAN_POINT('',(607.017913385826,-172.487711614172,5.08751968502275));
#14859=CARTESIAN_POINT('Origin',(607.017913385826,-171.987711614172,5.08751968502275));
#14860=CARTESIAN_POINT('',(620.017913385826,-172.487711614172,5.08751968502095));
#14861=CARTESIAN_POINT('',(607.017913385826,-172.487711614172,5.08751968502275));
#14862=CARTESIAN_POINT('',(620.517913385826,-171.987711614172,5.08751968502088));
#14863=CARTESIAN_POINT('Origin',(620.017913385826,-171.987711614172,5.08751968502095));
#14864=CARTESIAN_POINT('',(620.517913385826,-158.987711614172,5.08751968502089));
#14865=CARTESIAN_POINT('',(620.517913385826,-158.987711614172,5.08751968502089));
#14866=CARTESIAN_POINT('',(620.017913385826,-158.487711614172,5.08751968502095));
#14867=CARTESIAN_POINT('Origin',(620.017913385826,-158.987711614172,5.08751968502095));
#14868=CARTESIAN_POINT('',(607.017913385826,-158.487711614172,5.08751968502275));
#14869=CARTESIAN_POINT('',(687.980413385826,-177.537711614172,5.08751968501154));
#14870=CARTESIAN_POINT('',(687.480413385826,-178.037711614172,5.08751968501161));
#14871=CARTESIAN_POINT('Origin',(687.980413385826,-178.037711614172,5.08751968501154));
#14872=CARTESIAN_POINT('',(687.480413385826,-191.037711614172,5.08751968501161));
#14873=CARTESIAN_POINT('',(687.480413385826,-178.037711614172,5.08751968501161));
#14874=CARTESIAN_POINT('',(687.980413385826,-191.537711614172,5.08751968501154));
#14875=CARTESIAN_POINT('Origin',(687.980413385826,-191.037711614172,5.08751968501154));
#14876=CARTESIAN_POINT('',(700.980413385826,-191.537711614172,5.08751968500974));
#14877=CARTESIAN_POINT('',(687.980413385826,-191.537711614172,5.08751968501154));
#14878=CARTESIAN_POINT('',(701.480413385826,-191.037711614172,5.08751968500967));
#14879=CARTESIAN_POINT('Origin',(700.980413385826,-191.037711614172,5.08751968500974));
#14880=CARTESIAN_POINT('',(701.480413385826,-178.037711614172,5.08751968500967));
#14881=CARTESIAN_POINT('',(701.480413385826,-178.037711614172,5.08751968500967));
#14882=CARTESIAN_POINT('',(700.980413385826,-177.537711614172,5.08751968500974));
#14883=CARTESIAN_POINT('Origin',(700.980413385826,-178.037711614172,5.08751968500974));
#14884=CARTESIAN_POINT('',(687.980413385826,-177.537711614172,5.08751968501154));
#14885=CARTESIAN_POINT('',(673.692913385826,-215.637711614172,5.08751968501352));
#14886=CARTESIAN_POINT('',(673.192913385826,-216.137711614172,5.08751968501359));
#14887=CARTESIAN_POINT('Origin',(673.692913385826,-216.137711614172,5.08751968501352));
#14888=CARTESIAN_POINT('',(673.192913385826,-229.137711614172,5.08751968501359));
#14889=CARTESIAN_POINT('',(673.192913385826,-216.137711614172,5.08751968501359));
#14890=CARTESIAN_POINT('',(673.692913385826,-229.637711614172,5.08751968501352));
#14891=CARTESIAN_POINT('Origin',(673.692913385826,-229.137711614172,5.08751968501352));
#14892=CARTESIAN_POINT('',(686.692913385826,-229.637711614172,5.08751968501172));
#14893=CARTESIAN_POINT('',(673.692913385826,-229.637711614172,5.08751968501352));
#14894=CARTESIAN_POINT('',(687.192913385826,-229.137711614172,5.08751968501165));
#14895=CARTESIAN_POINT('Origin',(686.692913385826,-229.137711614172,5.08751968501172));
#14896=CARTESIAN_POINT('',(687.192913385826,-216.137711614172,5.08751968501165));
#14897=CARTESIAN_POINT('',(687.192913385826,-216.137711614172,5.08751968501165));
#14898=CARTESIAN_POINT('',(686.692913385826,-215.637711614172,5.08751968501172));
#14899=CARTESIAN_POINT('Origin',(686.692913385826,-216.137711614172,5.08751968501172));
#14900=CARTESIAN_POINT('',(673.692913385826,-215.637711614172,5.08751968501352));
#14901=CARTESIAN_POINT('',(754.893538385826,-215.637711614172,5.08751968500227));
#14902=CARTESIAN_POINT('',(754.393538385826,-216.137711614172,5.08751968500234));
#14903=CARTESIAN_POINT('Origin',(754.893538385826,-216.137711614172,5.08751968500227));
#14904=CARTESIAN_POINT('',(754.393538385826,-229.137711614172,5.08751968500234));
#14905=CARTESIAN_POINT('',(754.393538385826,-216.137711614172,5.08751968500234));
#14906=CARTESIAN_POINT('',(754.893538385826,-229.637711614172,5.08751968500227));
#14907=CARTESIAN_POINT('Origin',(754.893538385826,-229.137711614172,5.08751968500227));
#14908=CARTESIAN_POINT('',(767.893538385826,-229.637711614172,5.08751968500047));
#14909=CARTESIAN_POINT('',(754.893538385826,-229.637711614172,5.08751968500227));
#14910=CARTESIAN_POINT('',(768.393538385826,-229.137711614172,5.0875196850004));
#14911=CARTESIAN_POINT('Origin',(767.893538385826,-229.137711614172,5.08751968500047));
#14912=CARTESIAN_POINT('',(768.393538385826,-216.137711614172,5.0875196850004));
#14913=CARTESIAN_POINT('',(768.393538385826,-216.137711614172,5.0875196850004));
#14914=CARTESIAN_POINT('',(767.893538385826,-215.637711614172,5.08751968500047));
#14915=CARTESIAN_POINT('Origin',(767.893538385826,-216.137711614172,5.08751968500047));
#14916=CARTESIAN_POINT('',(754.893538385826,-215.637711614172,5.08751968500227));
#14917=CARTESIAN_POINT('',(678.455413385826,-196.587711614172,5.08751968501286));
#14918=CARTESIAN_POINT('',(677.955413385826,-197.087711614172,5.08751968501293));
#14919=CARTESIAN_POINT('Origin',(678.455413385826,-197.087711614172,5.08751968501286));
#14920=CARTESIAN_POINT('',(677.955413385826,-210.087711614172,5.08751968501293));
#14921=CARTESIAN_POINT('',(677.955413385826,-197.087711614172,5.08751968501293));
#14922=CARTESIAN_POINT('',(678.455413385826,-210.587711614172,5.08751968501286));
#14923=CARTESIAN_POINT('Origin',(678.455413385826,-210.087711614172,5.08751968501286));
#14924=CARTESIAN_POINT('',(691.455413385826,-210.587711614172,5.08751968501106));
#14925=CARTESIAN_POINT('',(678.455413385826,-210.587711614172,5.08751968501286));
#14926=CARTESIAN_POINT('',(691.955413385826,-210.087711614172,5.08751968501099));
#14927=CARTESIAN_POINT('Origin',(691.455413385826,-210.087711614172,5.08751968501106));
#14928=CARTESIAN_POINT('',(691.955413385826,-197.087711614172,5.08751968501099));
#14929=CARTESIAN_POINT('',(691.955413385826,-197.087711614172,5.08751968501099));
#14930=CARTESIAN_POINT('',(691.455413385826,-196.587711614172,5.08751968501106));
#14931=CARTESIAN_POINT('Origin',(691.455413385826,-197.087711614172,5.08751968501106));
#14932=CARTESIAN_POINT('',(678.455413385826,-196.587711614172,5.08751968501286));
#14933=CARTESIAN_POINT('',(683.217913385826,-158.487711614172,5.0875196850122));
#14934=CARTESIAN_POINT('',(682.717913385826,-158.987711614172,5.08751968501227));
#14935=CARTESIAN_POINT('Origin',(683.217913385826,-158.987711614172,5.0875196850122));
#14936=CARTESIAN_POINT('',(682.717913385826,-171.987711614172,5.08751968501227));
#14937=CARTESIAN_POINT('',(682.717913385826,-158.987711614172,5.08751968501227));
#14938=CARTESIAN_POINT('',(683.217913385826,-172.487711614172,5.0875196850122));
#14939=CARTESIAN_POINT('Origin',(683.217913385826,-171.987711614172,5.0875196850122));
#14940=CARTESIAN_POINT('',(696.217913385826,-172.487711614172,5.0875196850104));
#14941=CARTESIAN_POINT('',(683.217913385826,-172.487711614172,5.0875196850122));
#14942=CARTESIAN_POINT('',(696.717913385826,-171.987711614172,5.08751968501033));
#14943=CARTESIAN_POINT('Origin',(696.217913385826,-171.987711614172,5.0875196850104));
#14944=CARTESIAN_POINT('',(696.717913385826,-158.987711614172,5.08751968501033));
#14945=CARTESIAN_POINT('',(696.717913385826,-158.987711614172,5.08751968501033));
#14946=CARTESIAN_POINT('',(696.217913385826,-158.487711614172,5.0875196850104));
#14947=CARTESIAN_POINT('Origin',(696.217913385826,-158.987711614172,5.0875196850104));
#14948=CARTESIAN_POINT('',(683.217913385826,-158.487711614172,5.0875196850122));
#14949=CARTESIAN_POINT('',(668.930413385826,-177.537711614172,5.08751968501418));
#14950=CARTESIAN_POINT('',(668.430413385826,-178.037711614172,5.08751968501425));
#14951=CARTESIAN_POINT('Origin',(668.930413385826,-178.037711614172,5.08751968501418));
#14952=CARTESIAN_POINT('',(668.430413385826,-191.037711614172,5.08751968501425));
#14953=CARTESIAN_POINT('',(668.430413385826,-178.037711614172,5.08751968501425));
#14954=CARTESIAN_POINT('',(668.930413385826,-191.537711614172,5.08751968501418));
#14955=CARTESIAN_POINT('Origin',(668.930413385826,-191.037711614172,5.08751968501418));
#14956=CARTESIAN_POINT('',(681.930413385826,-191.537711614172,5.08751968501238));
#14957=CARTESIAN_POINT('',(668.930413385826,-191.537711614172,5.08751968501418));
#14958=CARTESIAN_POINT('',(682.430413385826,-191.037711614172,5.08751968501231));
#14959=CARTESIAN_POINT('Origin',(681.930413385826,-191.037711614172,5.08751968501238));
#14960=CARTESIAN_POINT('',(682.430413385826,-178.037711614172,5.08751968501231));
#14961=CARTESIAN_POINT('',(682.430413385826,-178.037711614172,5.08751968501231));
#14962=CARTESIAN_POINT('',(681.930413385826,-177.537711614172,5.08751968501238));
#14963=CARTESIAN_POINT('Origin',(681.930413385826,-178.037711614172,5.08751968501238));
#14964=CARTESIAN_POINT('',(668.930413385826,-177.537711614172,5.08751968501418));
#14965=CARTESIAN_POINT('',(692.742913385826,-139.437711614172,5.08751968501088));
#14966=CARTESIAN_POINT('',(692.242913385826,-139.937711614172,5.08751968501095));
#14967=CARTESIAN_POINT('Origin',(692.742913385826,-139.937711614172,5.08751968501088));
#14968=CARTESIAN_POINT('',(692.242913385826,-152.937711614172,5.08751968501095));
#14969=CARTESIAN_POINT('',(692.242913385826,-139.937711614172,5.08751968501095));
#14970=CARTESIAN_POINT('',(692.742913385826,-153.437711614172,5.08751968501088));
#14971=CARTESIAN_POINT('Origin',(692.742913385826,-152.937711614172,5.08751968501088));
#14972=CARTESIAN_POINT('',(705.742913385826,-153.437711614172,5.08751968500908));
#14973=CARTESIAN_POINT('',(692.742913385826,-153.437711614172,5.08751968501088));
#14974=CARTESIAN_POINT('',(706.242913385826,-152.937711614172,5.08751968500901));
#14975=CARTESIAN_POINT('Origin',(705.742913385826,-152.937711614172,5.08751968500908));
#14976=CARTESIAN_POINT('',(706.242913385826,-139.937711614172,5.08751968500901));
#14977=CARTESIAN_POINT('',(706.242913385826,-139.937711614172,5.08751968500901));
#14978=CARTESIAN_POINT('',(705.742913385826,-139.437711614172,5.08751968500908));
#14979=CARTESIAN_POINT('Origin',(705.742913385826,-139.937711614172,5.08751968500908));
#14980=CARTESIAN_POINT('',(692.742913385826,-139.437711614172,5.08751968501088));
#14981=CARTESIAN_POINT('',(626.067913385826,-158.487711614172,5.08751968502012));
#14982=CARTESIAN_POINT('',(625.567913385826,-158.987711614172,5.08751968502018));
#14983=CARTESIAN_POINT('Origin',(626.067913385826,-158.987711614172,5.08751968502012));
#14984=CARTESIAN_POINT('',(625.567913385826,-171.987711614172,5.08751968502018));
#14985=CARTESIAN_POINT('',(625.567913385826,-158.987711614172,5.08751968502018));
#14986=CARTESIAN_POINT('',(626.067913385826,-172.487711614172,5.08751968502012));
#14987=CARTESIAN_POINT('Origin',(626.067913385826,-171.987711614172,5.08751968502012));
#14988=CARTESIAN_POINT('',(639.067913385826,-172.487711614172,5.08751968501831));
#14989=CARTESIAN_POINT('',(626.067913385826,-172.487711614172,5.08751968502012));
#14990=CARTESIAN_POINT('',(639.567913385826,-171.987711614172,5.08751968501825));
#14991=CARTESIAN_POINT('Origin',(639.067913385826,-171.987711614172,5.08751968501831));
#14992=CARTESIAN_POINT('',(639.567913385826,-158.987711614172,5.08751968501825));
#14993=CARTESIAN_POINT('',(639.567913385826,-158.987711614172,5.08751968501825));
#14994=CARTESIAN_POINT('',(639.067913385826,-158.487711614172,5.08751968501831));
#14995=CARTESIAN_POINT('Origin',(639.067913385826,-158.987711614172,5.08751968501831));
#14996=CARTESIAN_POINT('',(626.067913385826,-158.487711614172,5.08751968502012));
#14997=CARTESIAN_POINT('',(649.880413385826,-177.537711614172,5.08751968501682));
#14998=CARTESIAN_POINT('',(649.380413385826,-178.037711614172,5.08751968501688));
#14999=CARTESIAN_POINT('Origin',(649.880413385826,-178.037711614172,5.08751968501682));
#15000=CARTESIAN_POINT('',(649.380413385826,-191.037711614172,5.08751968501688));
#15001=CARTESIAN_POINT('',(649.380413385826,-178.037711614172,5.08751968501688));
#15002=CARTESIAN_POINT('',(649.880413385826,-191.537711614172,5.08751968501682));
#15003=CARTESIAN_POINT('Origin',(649.880413385826,-191.037711614172,5.08751968501682));
#15004=CARTESIAN_POINT('',(662.880413385826,-191.537711614172,5.08751968501501));
#15005=CARTESIAN_POINT('',(649.880413385826,-191.537711614172,5.08751968501682));
#15006=CARTESIAN_POINT('',(663.380413385826,-191.037711614172,5.08751968501495));
#15007=CARTESIAN_POINT('Origin',(662.880413385826,-191.037711614172,5.08751968501501));
#15008=CARTESIAN_POINT('',(663.380413385826,-178.037711614172,5.08751968501495));
#15009=CARTESIAN_POINT('',(663.380413385826,-178.037711614172,5.08751968501495));
#15010=CARTESIAN_POINT('',(662.880413385826,-177.537711614172,5.08751968501501));
#15011=CARTESIAN_POINT('Origin',(662.880413385826,-178.037711614172,5.08751968501501));
#15012=CARTESIAN_POINT('',(649.880413385826,-177.537711614172,5.08751968501682));
#15013=CARTESIAN_POINT('',(630.830413385826,-177.537711614172,5.08751968501945));
#15014=CARTESIAN_POINT('',(630.330413385826,-178.037711614172,5.08751968501952));
#15015=CARTESIAN_POINT('Origin',(630.830413385826,-178.037711614172,5.08751968501945));
#15016=CARTESIAN_POINT('',(630.330413385826,-191.037711614172,5.08751968501952));
#15017=CARTESIAN_POINT('',(630.330413385826,-178.037711614172,5.08751968501952));
#15018=CARTESIAN_POINT('',(630.830413385826,-191.537711614172,5.08751968501945));
#15019=CARTESIAN_POINT('Origin',(630.830413385826,-191.037711614172,5.08751968501945));
#15020=CARTESIAN_POINT('',(643.830413385826,-191.537711614172,5.08751968501765));
#15021=CARTESIAN_POINT('',(630.830413385826,-191.537711614172,5.08751968501945));
#15022=CARTESIAN_POINT('',(644.330413385826,-191.037711614172,5.08751968501759));
#15023=CARTESIAN_POINT('Origin',(643.830413385826,-191.037711614172,5.08751968501765));
#15024=CARTESIAN_POINT('',(644.330413385826,-178.037711614172,5.08751968501759));
#15025=CARTESIAN_POINT('',(644.330413385826,-178.037711614172,5.08751968501759));
#15026=CARTESIAN_POINT('',(643.830413385826,-177.537711614172,5.08751968501765));
#15027=CARTESIAN_POINT('Origin',(643.830413385826,-178.037711614172,5.08751968501765));
#15028=CARTESIAN_POINT('',(630.830413385826,-177.537711614172,5.08751968501945));
#15029=CARTESIAN_POINT('',(773.943538385826,-177.537711614172,5.08751968499963));
#15030=CARTESIAN_POINT('',(773.443538385826,-178.037711614172,5.0875196849997));
#15031=CARTESIAN_POINT('Origin',(773.943538385826,-178.037711614172,5.08751968499963));
#15032=CARTESIAN_POINT('',(773.443538385826,-191.037711614172,5.0875196849997));
#15033=CARTESIAN_POINT('',(773.443538385826,-178.037711614172,5.0875196849997));
#15034=CARTESIAN_POINT('',(773.943538385826,-191.537711614172,5.08751968499963));
#15035=CARTESIAN_POINT('Origin',(773.943538385826,-191.037711614172,5.08751968499963));
#15036=CARTESIAN_POINT('',(786.943538385826,-191.537711614172,5.08751968499783));
#15037=CARTESIAN_POINT('',(773.943538385826,-191.537711614172,5.08751968499963));
#15038=CARTESIAN_POINT('',(787.443538385826,-191.037711614172,5.08751968499776));
#15039=CARTESIAN_POINT('Origin',(786.943538385826,-191.037711614172,5.08751968499783));
#15040=CARTESIAN_POINT('',(787.443538385826,-178.037711614172,5.08751968499776));
#15041=CARTESIAN_POINT('',(787.443538385826,-178.037711614172,5.08751968499776));
#15042=CARTESIAN_POINT('',(786.943538385826,-177.537711614172,5.08751968499783));
#15043=CARTESIAN_POINT('Origin',(786.943538385826,-178.037711614172,5.08751968499783));
#15044=CARTESIAN_POINT('',(773.943538385826,-177.537711614172,5.08751968499963));
#15045=CARTESIAN_POINT('',(650.594788385826,-115.387086614172,5.08751968501672));
#15046=CARTESIAN_POINT('',(650.094788385826,-115.887086614172,5.08751968501679));
#15047=CARTESIAN_POINT('Origin',(650.594788385826,-115.887086614172,5.08751968501672));
#15048=CARTESIAN_POINT('',(650.094788385826,-128.887086614172,5.08751968501679));
#15049=CARTESIAN_POINT('',(650.094788385826,-115.887086614172,5.08751968501679));
#15050=CARTESIAN_POINT('',(650.594788385826,-129.387086614172,5.08751968501672));
#15051=CARTESIAN_POINT('Origin',(650.594788385826,-128.887086614172,5.08751968501672));
#15052=CARTESIAN_POINT('',(663.594788385826,-129.387086614172,5.08751968501492));
#15053=CARTESIAN_POINT('',(650.594788385826,-129.387086614172,5.08751968501672));
#15054=CARTESIAN_POINT('',(664.094788385826,-128.887086614172,5.08751968501485));
#15055=CARTESIAN_POINT('Origin',(663.594788385826,-128.887086614172,5.08751968501492));
#15056=CARTESIAN_POINT('',(664.094788385826,-115.887086614172,5.08751968501485));
#15057=CARTESIAN_POINT('',(664.094788385826,-115.887086614172,5.08751968501485));
#15058=CARTESIAN_POINT('',(663.594788385826,-115.387086614172,5.08751968501492));
#15059=CARTESIAN_POINT('Origin',(663.594788385826,-115.887086614172,5.08751968501492));
#15060=CARTESIAN_POINT('',(650.594788385826,-115.387086614172,5.08751968501672));
#15061=CARTESIAN_POINT('',(773.943538385826,-115.387086614172,5.08751968499963));
#15062=CARTESIAN_POINT('',(773.443538385826,-115.887086614172,5.0875196849997));
#15063=CARTESIAN_POINT('Origin',(773.943538385826,-115.887086614172,5.08751968499963));
#15064=CARTESIAN_POINT('',(773.443538385826,-128.887086614172,5.0875196849997));
#15065=CARTESIAN_POINT('',(773.443538385826,-115.887086614172,5.0875196849997));
#15066=CARTESIAN_POINT('',(773.943538385826,-129.387086614172,5.08751968499963));
#15067=CARTESIAN_POINT('Origin',(773.943538385826,-128.887086614172,5.08751968499963));
#15068=CARTESIAN_POINT('',(786.943538385826,-129.387086614172,5.08751968499783));
#15069=CARTESIAN_POINT('',(773.943538385826,-129.387086614172,5.08751968499963));
#15070=CARTESIAN_POINT('',(787.443538385826,-128.887086614172,5.08751968499776));
#15071=CARTESIAN_POINT('Origin',(786.943538385826,-128.887086614172,5.08751968499783));
#15072=CARTESIAN_POINT('',(787.443538385826,-115.887086614172,5.08751968499776));
#15073=CARTESIAN_POINT('',(787.443538385826,-115.887086614172,5.08751968499776));
#15074=CARTESIAN_POINT('',(786.943538385826,-115.387086614172,5.08751968499783));
#15075=CARTESIAN_POINT('Origin',(786.943538385826,-115.887086614172,5.08751968499783));
#15076=CARTESIAN_POINT('',(773.943538385826,-115.387086614172,5.08751968499963));
#15077=CARTESIAN_POINT('',(658.136663385826,-216.637711614172,5.08751968501567));
#15078=CARTESIAN_POINT('',(657.636663385826,-217.137711614172,5.08751968501574));
#15079=CARTESIAN_POINT('Origin',(658.136663385826,-217.137711614172,5.08751968501567));
#15080=CARTESIAN_POINT('',(657.636663385826,-231.137711614172,5.08751968501574));
#15081=CARTESIAN_POINT('',(657.636663385826,-217.137711614172,5.08751968501574));
#15082=CARTESIAN_POINT('',(658.136663385826,-231.637711614172,5.08751968501567));
#15083=CARTESIAN_POINT('Origin',(658.136663385826,-231.137711614172,5.08751968501567));
#15084=CARTESIAN_POINT('',(664.136663385826,-231.637711614172,5.08751968501484));
#15085=CARTESIAN_POINT('',(658.136663385826,-231.637711614172,5.08751968501567));
#15086=CARTESIAN_POINT('',(664.636663385826,-231.137711614172,5.08751968501477));
#15087=CARTESIAN_POINT('Origin',(664.136663385826,-231.137711614172,5.08751968501484));
#15088=CARTESIAN_POINT('',(664.636663385826,-217.137711614172,5.08751968501477));
#15089=CARTESIAN_POINT('',(664.636663385826,-217.137711614172,5.08751968501477));
#15090=CARTESIAN_POINT('',(664.136663385826,-216.637711614172,5.08751968501484));
#15091=CARTESIAN_POINT('Origin',(664.136663385826,-217.137711614172,5.08751968501484));
#15092=CARTESIAN_POINT('',(658.136663385826,-216.637711614172,5.08751968501567));
#15093=CARTESIAN_POINT('',(697.505413385826,-196.587711614172,5.08751968501022));
#15094=CARTESIAN_POINT('',(697.005413385826,-197.087711614172,5.08751968501029));
#15095=CARTESIAN_POINT('Origin',(697.505413385826,-197.087711614172,5.08751968501022));
#15096=CARTESIAN_POINT('',(697.005413385826,-210.087711614172,5.08751968501029));
#15097=CARTESIAN_POINT('',(697.005413385826,-197.087711614172,5.08751968501029));
#15098=CARTESIAN_POINT('',(697.505413385826,-210.587711614172,5.08751968501022));
#15099=CARTESIAN_POINT('Origin',(697.505413385826,-210.087711614172,5.08751968501022));
#15100=CARTESIAN_POINT('',(710.505413385826,-210.587711614172,5.08751968500842));
#15101=CARTESIAN_POINT('',(697.505413385826,-210.587711614172,5.08751968501022));
#15102=CARTESIAN_POINT('',(711.005413385826,-210.087711614172,5.08751968500835));
#15103=CARTESIAN_POINT('Origin',(710.505413385826,-210.087711614172,5.08751968500842));
#15104=CARTESIAN_POINT('',(711.005413385826,-197.087711614172,5.08751968500835));
#15105=CARTESIAN_POINT('',(711.005413385826,-197.087711614172,5.08751968500835));
#15106=CARTESIAN_POINT('',(710.505413385826,-196.587711614172,5.08751968500842));
#15107=CARTESIAN_POINT('Origin',(710.505413385826,-197.087711614172,5.08751968500842));
#15108=CARTESIAN_POINT('',(697.505413385826,-196.587711614172,5.08751968501022));
#15109=CARTESIAN_POINT('',(755.805913385826,-140.437711614172,5.08751968500214));
#15110=CARTESIAN_POINT('',(755.305913385826,-140.937711614172,5.08751968500221));
#15111=CARTESIAN_POINT('Origin',(755.805913385826,-140.937711614172,5.08751968500214));
#15112=CARTESIAN_POINT('',(755.305913385826,-154.937711614172,5.08751968500221));
#15113=CARTESIAN_POINT('',(755.305913385826,-140.937711614172,5.08751968500221));
#15114=CARTESIAN_POINT('',(755.805913385826,-155.437711614172,5.08751968500214));
#15115=CARTESIAN_POINT('Origin',(755.805913385826,-154.937711614172,5.08751968500214));
#15116=CARTESIAN_POINT('',(761.805913385826,-155.437711614172,5.08751968500131));
#15117=CARTESIAN_POINT('',(755.805913385826,-155.437711614172,5.08751968500214));
#15118=CARTESIAN_POINT('',(762.305913385826,-154.937711614172,5.08751968500124));
#15119=CARTESIAN_POINT('Origin',(761.805913385826,-154.937711614172,5.08751968500131));
#15120=CARTESIAN_POINT('',(762.305913385826,-140.937711614172,5.08751968500124));
#15121=CARTESIAN_POINT('',(762.305913385826,-140.937711614172,5.08751968500124));
#15122=CARTESIAN_POINT('',(761.805913385826,-140.437711614172,5.08751968500131));
#15123=CARTESIAN_POINT('Origin',(761.805913385826,-140.937711614172,5.08751968500131));
#15124=CARTESIAN_POINT('',(755.805913385826,-140.437711614172,5.08751968500214));
#15125=CARTESIAN_POINT('',(738.998285422775,-130.00000193715,5.08751968500447));
#15126=CARTESIAN_POINT('',(738.998285422775,-115.000001713633,5.08751968500447));
#15127=CARTESIAN_POINT('',(738.998285422775,-148.756200413903,5.08751968500447));
#15128=CARTESIAN_POINT('',(693.550463108849,-115.000001713633,5.08751968501077));
#15129=CARTESIAN_POINT('',(669.309344497338,-115.000001713633,5.08751968501412));
#15130=CARTESIAN_POINT('',(693.550463108849,-130.00000193715,5.08751968501077));
#15131=CARTESIAN_POINT('',(693.550463108849,-156.256200525661,5.08751968501077));
#15132=CARTESIAN_POINT('',(692.033255654301,-130.00000193715,5.08751968501098));
#15133=CARTESIAN_POINT('Origin',(803.468538385826,-109.362086614172,5.08751968507914));
#15134=CARTESIAN_POINT('',(803.468538385826,-104.362086614172,5.08751968507914));
#15135=CARTESIAN_POINT('',(808.468538385826,-109.362086614172,5.08751968507914));
#15136=CARTESIAN_POINT('Origin',(808.468538385826,-252.162711614172,5.08751968507914));
#15137=CARTESIAN_POINT('',(808.468538385826,-245.662711614172,5.08751968507914));
#15138=CARTESIAN_POINT('Origin',(803.468538385826,-245.662711614172,5.08751968507914));
#15139=CARTESIAN_POINT('Origin',(809.968538385826,-104.362086614172,5.08751968507914));
#15140=CARTESIAN_POINT('Origin',(741.520180293784,-115.000005462207,9.58751968500412));
#15141=CARTESIAN_POINT('',(739.000025601126,-115.000005462207,7.96));
#15142=CARTESIAN_POINT('Origin',(741.520180293784,-112.479850769554,9.58751968500412));
#15143=CARTESIAN_POINT('',(739.000025601126,-130.000006174669,7.96));
#15144=CARTESIAN_POINT('',(739.000025601126,-115.000005462207,7.96));
#15145=CARTESIAN_POINT('Origin',(741.520180293784,-132.520160867326,9.58751968500412));
#15146=CARTESIAN_POINT('Origin',(693.550023442367,-112.479850769554,9.58751968501077));
#15147=CARTESIAN_POINT('',(693.550023442367,-115.000005462207,7.96));
#15148=CARTESIAN_POINT('',(693.550023442367,-115.000005462207,7.96));
#15149=CARTESIAN_POINT('Origin',(691.029868749714,-112.479850769554,9.58751968501112));
#15150=CARTESIAN_POINT('Origin',(691.029868749714,-130.000006174669,9.58751968501112));
#15151=CARTESIAN_POINT('',(693.550023442367,-130.000006174669,7.96));
#15152=CARTESIAN_POINT('',(693.550023442367,-130.000006174669,7.96));
#15153=CARTESIAN_POINT('Origin',(691.029868749714,-132.520160867326,9.58751968501112));
#15154=CARTESIAN_POINT('Origin',(739.000025601126,-132.520160867326,9.58751968500447));
#15155=CARTESIAN_POINT('',(739.000025601126,-130.000006174669,7.96));
#15156=CARTESIAN_POINT('Origin',(716.275024521747,-122.500005818438,7.96));
#15157=CARTESIAN_POINT('',(728.374955310097,-128.53423726831,7.96));
#15158=CARTESIAN_POINT('',(701.824921722765,-128.53423726831,7.96));
#15159=CARTESIAN_POINT('',(722.124989915922,-128.53423726831,7.96));
#15160=CARTESIAN_POINT('',(701.824921722765,-116.389945831572,7.96));
#15161=CARTESIAN_POINT('',(701.824921722765,-125.167121543374,7.96));
#15162=CARTESIAN_POINT('',(728.374955310097,-116.389945831572,7.96));
#15163=CARTESIAN_POINT('',(709.149973122256,-116.389945831572,7.96));
#15164=CARTESIAN_POINT('',(728.374955310097,-119.594975825005,7.96));
#15165=CARTESIAN_POINT('Origin',(610.809456395204,-177.512399114172,6.58751968502223));
#15166=CARTESIAN_POINT('',(773.943538385827,-115.387086614172,6.58751968499963));
#15167=CARTESIAN_POINT('',(786.943538385826,-115.387086614172,6.58751968499783));
#15168=CARTESIAN_POINT('',(773.943538385827,-115.387086614172,6.58751968499963));
#15169=CARTESIAN_POINT('',(787.443538385827,-115.887086614172,6.58751968499776));
#15170=CARTESIAN_POINT('Origin',(786.943538385827,-115.887086614172,6.58751968499783));
#15171=CARTESIAN_POINT('',(787.443538385826,-128.887086614172,6.58751968499776));
#15172=CARTESIAN_POINT('',(787.443538385827,-115.887086614172,6.58751968499776));
#15173=CARTESIAN_POINT('',(786.943538385826,-129.387086614172,6.58751968499783));
#15174=CARTESIAN_POINT('Origin',(786.943538385827,-128.887086614172,6.58751968499783));
#15175=CARTESIAN_POINT('',(773.943538385827,-129.387086614172,6.58751968499963));
#15176=CARTESIAN_POINT('',(773.943538385827,-129.387086614172,6.58751968499963));
#15177=CARTESIAN_POINT('',(773.443538385827,-128.887086614172,6.5875196849997));
#15178=CARTESIAN_POINT('Origin',(773.943538385827,-128.887086614172,6.58751968499963));
#15179=CARTESIAN_POINT('',(773.443538385827,-115.887086614172,6.5875196849997));
#15180=CARTESIAN_POINT('',(773.443538385827,-115.887086614172,6.5875196849997));
#15181=CARTESIAN_POINT('Origin',(773.943538385827,-115.887086614172,6.58751968499963));
#15182=CARTESIAN_POINT('',(785.453632824534,-122.745055554396,6.58751968507914));
#15183=CARTESIAN_POINT('Origin',(780.453632824534,-122.745055554396,6.58751968507914));
#15184=CARTESIAN_POINT('Origin',(780.453632824534,-122.745055554396,8.58751968501748));
#15185=CARTESIAN_POINT('',(792.953632824534,-122.745055554396,8.58751968507914));
#15186=CARTESIAN_POINT('Origin',(780.453632824534,-122.745055554396,8.58751968507914));
#15187=CARTESIAN_POINT('Origin',(794.953632824534,-122.745055554396,8.58751968501548));
#15188=CARTESIAN_POINT('Origin',(780.453632824534,-122.745055554396,6.58751968507914));
#15189=CARTESIAN_POINT('',(785.453632824534,-122.745055554396,8.58751968507914));
#15190=CARTESIAN_POINT('Origin',(780.453632824534,-122.745055554396,8.58751968507914));
#15191=CARTESIAN_POINT('',(785.453632824534,-122.745055554396,6.58751968507914));
#15192=CARTESIAN_POINT('Origin',(780.453632824534,-122.745055554396,8.58751968507914));
#15193=CARTESIAN_POINT('Origin',(727.974955310097,-128.53423726831,6.96));
#15194=CARTESIAN_POINT('',(728.374955310097,-128.53423726831,7.46));
#15195=CARTESIAN_POINT('',(728.374955310097,-128.53423726831,6.96));
#15196=CARTESIAN_POINT('',(701.824921722765,-128.53423726831,7.46));
#15197=CARTESIAN_POINT('',(722.124989915922,-128.53423726831,7.46));
#15198=CARTESIAN_POINT('',(701.824921722765,-128.53423726831,6.96));
#15199=CARTESIAN_POINT('Origin',(728.374955310097,-116.689945831572,6.96));
#15200=CARTESIAN_POINT('',(728.374955310097,-116.389945831572,7.46));
#15201=CARTESIAN_POINT('',(728.374955310097,-116.389945831572,6.96));
#15202=CARTESIAN_POINT('',(728.374955310097,-119.594975825005,7.46));
#15203=CARTESIAN_POINT('Origin',(738.998285422775,-115.000001713633,6.58751968500451));
#15204=CARTESIAN_POINT('',(738.998285422775,-115.000001713633,7.46));
#15205=CARTESIAN_POINT('',(738.998285422775,-130.00000193715,7.46));
#15206=CARTESIAN_POINT('',(738.998285422775,-118.750003766035,7.46));
#15207=CARTESIAN_POINT('',(738.998285422775,-115.000001713633,6.58751968500451));
#15208=CARTESIAN_POINT('',(738.998285422775,-130.00000193715,6.58751968500451));
#15209=CARTESIAN_POINT('Origin',(693.55046310885,-115.000001713633,6.58751968501079));
#15210=CARTESIAN_POINT('',(693.55046310885,-115.000001713633,7.46));
#15211=CARTESIAN_POINT('',(704.912743815298,-115.000001713633,7.46));
#15212=CARTESIAN_POINT('',(693.55046310885,-115.000001713633,6.58751968501079));
#15213=CARTESIAN_POINT('Origin',(693.55046310885,-130.00000193715,6.58751968501079));
#15214=CARTESIAN_POINT('',(693.55046310885,-130.00000193715,7.46));
#15215=CARTESIAN_POINT('',(693.55046310885,-126.250003877794,7.46));
#15216=CARTESIAN_POINT('',(693.55046310885,-130.00000193715,6.58751968501079));
#15217=CARTESIAN_POINT('Origin',(738.998285422775,-130.00000193715,6.58751968500451));
#15218=CARTESIAN_POINT('',(727.636654972261,-130.00000193715,7.46));
#15219=CARTESIAN_POINT('Origin',(648.592913385826,-139.437711614172,6.587519685017));
#15220=CARTESIAN_POINT('',(635.592913385826,-139.437711614172,6.5875196850188));
#15221=CARTESIAN_POINT('',(648.592913385826,-139.437711614172,6.58751968501699));
#15222=CARTESIAN_POINT('Origin',(648.592913385826,-139.937711614172,6.58751968501699));
#15223=CARTESIAN_POINT('',(649.092913385826,-139.937711614172,6.58751968501693));
#15224=CARTESIAN_POINT('Origin',(649.092913385826,-152.937711614172,6.58751968501693));
#15225=CARTESIAN_POINT('',(649.092913385826,-152.937711614172,6.58751968501693));
#15226=CARTESIAN_POINT('Origin',(648.592913385826,-152.937711614172,6.58751968501699));
#15227=CARTESIAN_POINT('',(648.592913385826,-153.437711614172,6.58751968501699));
#15228=CARTESIAN_POINT('Origin',(635.592913385826,-153.437711614172,6.5875196850188));
#15229=CARTESIAN_POINT('',(635.592913385826,-153.437711614172,6.5875196850188));
#15230=CARTESIAN_POINT('Origin',(635.592913385826,-152.937711614172,6.5875196850188));
#15231=CARTESIAN_POINT('',(635.092913385826,-152.937711614172,6.58751968501887));
#15232=CARTESIAN_POINT('Origin',(635.092913385826,-139.937711614172,6.58751968501887));
#15233=CARTESIAN_POINT('',(635.092913385826,-139.937711614172,6.58751968501887));
#15234=CARTESIAN_POINT('Origin',(635.592913385826,-139.937711614172,6.5875196850188));
#15235=CARTESIAN_POINT('Origin',(786.943538385826,-139.437711614172,6.58751968499783));
#15236=CARTESIAN_POINT('',(773.943538385827,-139.437711614172,6.58751968499963));
#15237=CARTESIAN_POINT('',(786.943538385826,-139.437711614172,6.58751968499783));
#15238=CARTESIAN_POINT('Origin',(786.943538385827,-139.937711614172,6.58751968499783));
#15239=CARTESIAN_POINT('',(787.443538385827,-139.937711614172,6.58751968499776));
#15240=CARTESIAN_POINT('Origin',(787.443538385827,-152.937711614172,6.58751968499776));
#15241=CARTESIAN_POINT('',(787.443538385826,-152.937711614172,6.58751968499776));
#15242=CARTESIAN_POINT('Origin',(786.943538385827,-152.937711614172,6.58751968499783));
#15243=CARTESIAN_POINT('',(786.943538385826,-153.437711614172,6.58751968499783));
#15244=CARTESIAN_POINT('Origin',(773.943538385827,-153.437711614172,6.58751968499963));
#15245=CARTESIAN_POINT('',(773.943538385827,-153.437711614172,6.58751968499963));
#15246=CARTESIAN_POINT('Origin',(773.943538385827,-152.937711614172,6.58751968499963));
#15247=CARTESIAN_POINT('',(773.443538385827,-152.937711614172,6.5875196849997));
#15248=CARTESIAN_POINT('Origin',(773.443538385827,-139.937711614172,6.5875196849997));
#15249=CARTESIAN_POINT('',(773.443538385827,-139.937711614172,6.5875196849997));
#15250=CARTESIAN_POINT('Origin',(773.943538385827,-139.937711614172,6.58751968499963));
#15251=CARTESIAN_POINT('Origin',(617.636663385827,-215.637711614172,6.58751968502128));
#15252=CARTESIAN_POINT('',(604.636663385827,-215.637711614172,6.58751968502308));
#15253=CARTESIAN_POINT('',(617.636663385827,-215.637711614172,6.58751968502128));
#15254=CARTESIAN_POINT('Origin',(617.636663385827,-216.137711614172,6.58751968502128));
#15255=CARTESIAN_POINT('',(618.136663385827,-216.137711614172,6.58751968502121));
#15256=CARTESIAN_POINT('Origin',(618.136663385827,-229.137711614172,6.58751968502121));
#15257=CARTESIAN_POINT('',(618.136663385827,-229.137711614172,6.58751968502121));
#15258=CARTESIAN_POINT('Origin',(617.636663385827,-229.137711614172,6.58751968502128));
#15259=CARTESIAN_POINT('',(617.636663385827,-229.637711614172,6.58751968502128));
#15260=CARTESIAN_POINT('Origin',(604.636663385827,-229.637711614172,6.58751968502308));
#15261=CARTESIAN_POINT('',(604.636663385827,-229.637711614172,6.58751968502308));
#15262=CARTESIAN_POINT('Origin',(604.636663385827,-229.137711614172,6.58751968502308));
#15263=CARTESIAN_POINT('',(604.136663385827,-229.137711614172,6.58751968502315));
#15264=CARTESIAN_POINT('Origin',(604.136663385827,-216.137711614172,6.58751968502315));
#15265=CARTESIAN_POINT('',(604.136663385827,-216.137711614172,6.58751968502315));
#15266=CARTESIAN_POINT('Origin',(604.636663385827,-216.137711614172,6.58751968502308));
#15267=CARTESIAN_POINT('Origin',(736.699163385826,-196.587711614172,6.58751968500479));
#15268=CARTESIAN_POINT('',(723.699163385826,-196.587711614172,6.58751968500659));
#15269=CARTESIAN_POINT('',(736.699163385827,-196.587711614172,6.58751968500479));
#15270=CARTESIAN_POINT('Origin',(736.699163385827,-197.087711614172,6.58751968500479));
#15271=CARTESIAN_POINT('',(737.199163385827,-197.087711614172,6.58751968500472));
#15272=CARTESIAN_POINT('Origin',(737.199163385827,-210.087711614172,6.58751968500472));
#15273=CARTESIAN_POINT('',(737.199163385827,-210.087711614172,6.58751968500472));
#15274=CARTESIAN_POINT('Origin',(736.699163385827,-210.087711614172,6.58751968500479));
#15275=CARTESIAN_POINT('',(736.699163385827,-210.587711614172,6.58751968500479));
#15276=CARTESIAN_POINT('Origin',(723.699163385826,-210.587711614172,6.58751968500659));
#15277=CARTESIAN_POINT('',(723.699163385826,-210.587711614172,6.58751968500659));
#15278=CARTESIAN_POINT('Origin',(723.699163385826,-210.087711614172,6.58751968500659));
#15279=CARTESIAN_POINT('',(723.199163385827,-210.087711614172,6.58751968500666));
#15280=CARTESIAN_POINT('Origin',(723.199163385826,-197.087711614172,6.58751968500666));
#15281=CARTESIAN_POINT('',(723.199163385826,-197.087711614172,6.58751968500666));
#15282=CARTESIAN_POINT('Origin',(723.699163385826,-197.087711614172,6.58751968500659));
#15283=CARTESIAN_POINT('Origin',(737.929913385826,-140.437711614172,6.58751968500462));
#15284=CARTESIAN_POINT('',(731.929913385827,-140.437711614172,6.58751968500545));
#15285=CARTESIAN_POINT('',(737.929913385826,-140.437711614172,6.58751968500462));
#15286=CARTESIAN_POINT('Origin',(737.929913385826,-140.937711614172,6.58751968500462));
#15287=CARTESIAN_POINT('',(738.429913385826,-140.937711614172,6.58751968500455));
#15288=CARTESIAN_POINT('Origin',(738.429913385826,-154.937711614172,6.58751968500455));
#15289=CARTESIAN_POINT('',(738.429913385826,-154.937711614172,6.58751968500455));
#15290=CARTESIAN_POINT('Origin',(737.929913385826,-154.937711614172,6.58751968500462));
#15291=CARTESIAN_POINT('',(737.929913385826,-155.437711614172,6.58751968500462));
#15292=CARTESIAN_POINT('Origin',(731.929913385827,-155.437711614172,6.58751968500545));
#15293=CARTESIAN_POINT('',(731.929913385827,-155.437711614172,6.58751968500545));
#15294=CARTESIAN_POINT('Origin',(731.929913385827,-154.937711614172,6.58751968500545));
#15295=CARTESIAN_POINT('',(731.429913385826,-154.937711614172,6.58751968500552));
#15296=CARTESIAN_POINT('Origin',(731.429913385826,-140.937711614172,6.58751968500552));
#15297=CARTESIAN_POINT('',(731.429913385826,-140.937711614172,6.58751968500552));
#15298=CARTESIAN_POINT('Origin',(731.929913385827,-140.937711614172,6.58751968500545));
#15299=CARTESIAN_POINT('Origin',(629.542913385827,-139.437711614172,6.58751968501964));
#15300=CARTESIAN_POINT('',(616.542913385827,-139.437711614172,6.58751968502143));
#15301=CARTESIAN_POINT('',(629.542913385827,-139.437711614172,6.58751968501964));
#15302=CARTESIAN_POINT('Origin',(629.542913385827,-139.937711614172,6.58751968501964));
#15303=CARTESIAN_POINT('',(630.042913385827,-139.937711614172,6.58751968501956));
#15304=CARTESIAN_POINT('Origin',(630.042913385827,-152.937711614172,6.58751968501956));
#15305=CARTESIAN_POINT('',(630.042913385827,-152.937711614172,6.58751968501956));
#15306=CARTESIAN_POINT('Origin',(629.542913385827,-152.937711614172,6.58751968501964));
#15307=CARTESIAN_POINT('',(629.542913385827,-153.437711614172,6.58751968501964));
#15308=CARTESIAN_POINT('Origin',(616.542913385827,-153.437711614172,6.58751968502143));
#15309=CARTESIAN_POINT('',(616.542913385827,-153.437711614172,6.58751968502143));
#15310=CARTESIAN_POINT('Origin',(616.542913385827,-152.937711614172,6.58751968502143));
#15311=CARTESIAN_POINT('',(616.042913385827,-152.937711614172,6.5875196850215));
#15312=CARTESIAN_POINT('Origin',(616.042913385827,-139.937711614172,6.5875196850215));
#15313=CARTESIAN_POINT('',(616.042913385826,-139.937711614172,6.5875196850215));
#15314=CARTESIAN_POINT('Origin',(616.542913385827,-139.937711614172,6.58751968502143));
#15315=CARTESIAN_POINT('Origin',(705.742913385826,-215.637711614172,6.58751968500908));
#15316=CARTESIAN_POINT('',(692.742913385827,-215.637711614172,6.58751968501088));
#15317=CARTESIAN_POINT('',(705.742913385826,-215.637711614172,6.58751968500908));
#15318=CARTESIAN_POINT('Origin',(705.742913385826,-216.137711614172,6.58751968500908));
#15319=CARTESIAN_POINT('',(706.242913385827,-216.137711614172,6.58751968500901));
#15320=CARTESIAN_POINT('Origin',(706.242913385827,-229.137711614172,6.58751968500901));
#15321=CARTESIAN_POINT('',(706.242913385827,-229.137711614172,6.58751968500901));
#15322=CARTESIAN_POINT('Origin',(705.742913385826,-229.137711614172,6.58751968500908));
#15323=CARTESIAN_POINT('',(705.742913385826,-229.637711614172,6.58751968500908));
#15324=CARTESIAN_POINT('Origin',(692.742913385827,-229.637711614172,6.58751968501088));
#15325=CARTESIAN_POINT('',(692.742913385827,-229.637711614172,6.58751968501088));
#15326=CARTESIAN_POINT('Origin',(692.742913385827,-229.137711614172,6.58751968501088));
#15327=CARTESIAN_POINT('',(692.242913385826,-229.137711614172,6.58751968501095));
#15328=CARTESIAN_POINT('Origin',(692.242913385826,-216.137711614172,6.58751968501095));
#15329=CARTESIAN_POINT('',(692.242913385826,-216.137711614172,6.58751968501095));
#15330=CARTESIAN_POINT('Origin',(692.742913385827,-216.137711614172,6.58751968501088));
#15331=CARTESIAN_POINT('Origin',(720.030413385826,-177.537711614172,6.5875196850071));
#15332=CARTESIAN_POINT('',(707.030413385826,-177.537711614172,6.5875196850089));
#15333=CARTESIAN_POINT('',(720.030413385826,-177.537711614172,6.5875196850071));
#15334=CARTESIAN_POINT('Origin',(720.030413385826,-178.037711614172,6.5875196850071));
#15335=CARTESIAN_POINT('',(720.530413385827,-178.037711614172,6.58751968500703));
#15336=CARTESIAN_POINT('Origin',(720.530413385827,-191.037711614172,6.58751968500703));
#15337=CARTESIAN_POINT('',(720.530413385826,-191.037711614172,6.58751968500703));
#15338=CARTESIAN_POINT('Origin',(720.030413385826,-191.037711614172,6.5875196850071));
#15339=CARTESIAN_POINT('',(720.030413385826,-191.537711614172,6.5875196850071));
#15340=CARTESIAN_POINT('Origin',(707.030413385826,-191.537711614172,6.5875196850089));
#15341=CARTESIAN_POINT('',(707.030413385826,-191.537711614172,6.5875196850089));
#15342=CARTESIAN_POINT('Origin',(707.030413385826,-191.037711614172,6.5875196850089));
#15343=CARTESIAN_POINT('',(706.530413385826,-191.037711614172,6.58751968500897));
#15344=CARTESIAN_POINT('Origin',(706.530413385826,-178.037711614172,6.58751968500897));
#15345=CARTESIAN_POINT('',(706.530413385826,-178.037711614172,6.58751968500897));
#15346=CARTESIAN_POINT('Origin',(707.030413385826,-178.037711614172,6.5875196850089));
#15347=CARTESIAN_POINT('Origin',(682.644788385826,-115.387086614172,6.58751968501228));
#15348=CARTESIAN_POINT('',(669.644788385826,-115.387086614172,6.58751968501408));
#15349=CARTESIAN_POINT('',(682.644788385826,-115.387086614172,6.58751968501228));
#15350=CARTESIAN_POINT('Origin',(682.644788385826,-115.887086614172,6.58751968501228));
#15351=CARTESIAN_POINT('',(683.144788385827,-115.887086614172,6.58751968501221));
#15352=CARTESIAN_POINT('Origin',(683.144788385827,-128.887086614172,6.58751968501221));
#15353=CARTESIAN_POINT('',(683.144788385826,-128.887086614172,6.58751968501221));
#15354=CARTESIAN_POINT('Origin',(682.644788385826,-128.887086614172,6.58751968501228));
#15355=CARTESIAN_POINT('',(682.644788385826,-129.387086614172,6.58751968501228));
#15356=CARTESIAN_POINT('Origin',(669.644788385826,-129.387086614172,6.58751968501408));
#15357=CARTESIAN_POINT('',(669.644788385826,-129.387086614172,6.58751968501408));
#15358=CARTESIAN_POINT('Origin',(669.644788385826,-128.887086614172,6.58751968501408));
#15359=CARTESIAN_POINT('',(669.144788385827,-128.887086614172,6.58751968501415));
#15360=CARTESIAN_POINT('Origin',(669.144788385827,-115.887086614172,6.58751968501415));
#15361=CARTESIAN_POINT('',(669.144788385826,-115.887086614172,6.58751968501415));
#15362=CARTESIAN_POINT('Origin',(669.644788385826,-115.887086614172,6.58751968501408));
#15363=CARTESIAN_POINT('Origin',(735.548663385827,-178.537711614172,6.58751968500495));
#15364=CARTESIAN_POINT('',(729.548663385826,-178.537711614172,6.58751968500578));
#15365=CARTESIAN_POINT('',(735.548663385827,-178.537711614172,6.58751968500495));
#15366=CARTESIAN_POINT('Origin',(735.548663385827,-179.037711614172,6.58751968500495));
#15367=CARTESIAN_POINT('',(736.048663385827,-179.037711614172,6.58751968500488));
#15368=CARTESIAN_POINT('Origin',(736.048663385827,-193.037711614172,6.58751968500488));
#15369=CARTESIAN_POINT('',(736.048663385826,-193.037711614172,6.58751968500488));
#15370=CARTESIAN_POINT('Origin',(735.548663385826,-193.037711614172,6.58751968500495));
#15371=CARTESIAN_POINT('',(735.548663385826,-193.537711614172,6.58751968500495));
#15372=CARTESIAN_POINT('Origin',(729.548663385826,-193.537711614172,6.58751968500578));
#15373=CARTESIAN_POINT('',(729.548663385826,-193.537711614172,6.58751968500578));
#15374=CARTESIAN_POINT('Origin',(729.548663385826,-193.037711614172,6.58751968500578));
#15375=CARTESIAN_POINT('',(729.048663385827,-193.037711614172,6.58751968500585));
#15376=CARTESIAN_POINT('Origin',(729.048663385827,-179.037711614172,6.58751968500585));
#15377=CARTESIAN_POINT('',(729.048663385827,-179.037711614172,6.58751968500585));
#15378=CARTESIAN_POINT('Origin',(729.548663385826,-179.037711614172,6.58751968500578));
#15379=CARTESIAN_POINT('Origin',(748.843538385827,-215.637711614172,6.58751968500311));
#15380=CARTESIAN_POINT('',(735.843538385826,-215.637711614172,6.58751968500491));
#15381=CARTESIAN_POINT('',(748.843538385827,-215.637711614172,6.58751968500311));
#15382=CARTESIAN_POINT('Origin',(748.843538385827,-216.137711614172,6.58751968500311));
#15383=CARTESIAN_POINT('',(749.343538385827,-216.137711614172,6.58751968500304));
#15384=CARTESIAN_POINT('Origin',(749.343538385827,-229.137711614172,6.58751968500304));
#15385=CARTESIAN_POINT('',(749.343538385827,-229.137711614172,6.58751968500304));
#15386=CARTESIAN_POINT('Origin',(748.843538385827,-229.137711614172,6.58751968500311));
#15387=CARTESIAN_POINT('',(748.843538385827,-229.637711614172,6.58751968500311));
#15388=CARTESIAN_POINT('Origin',(735.843538385826,-229.637711614172,6.58751968500491));
#15389=CARTESIAN_POINT('',(735.843538385826,-229.637711614172,6.58751968500491));
#15390=CARTESIAN_POINT('Origin',(735.843538385826,-229.137711614172,6.58751968500491));
#15391=CARTESIAN_POINT('',(735.343538385827,-229.137711614172,6.58751968500498));
#15392=CARTESIAN_POINT('Origin',(735.343538385827,-216.137711614172,6.58751968500498));
#15393=CARTESIAN_POINT('',(735.343538385827,-216.137711614172,6.58751968500498));
#15394=CARTESIAN_POINT('Origin',(735.843538385826,-216.137711614172,6.58751968500491));
#15395=CARTESIAN_POINT('Origin',(658.117913385827,-158.487711614172,6.58751968501568));
#15396=CARTESIAN_POINT('',(645.117913385827,-158.487711614172,6.58751968501748));
#15397=CARTESIAN_POINT('',(658.117913385827,-158.487711614172,6.58751968501567));
#15398=CARTESIAN_POINT('Origin',(658.117913385827,-158.987711614172,6.58751968501567));
#15399=CARTESIAN_POINT('',(658.617913385826,-158.987711614172,6.58751968501561));
#15400=CARTESIAN_POINT('Origin',(658.617913385826,-171.987711614172,6.58751968501561));
#15401=CARTESIAN_POINT('',(658.617913385826,-171.987711614172,6.58751968501561));
#15402=CARTESIAN_POINT('Origin',(658.117913385827,-171.987711614172,6.58751968501567));
#15403=CARTESIAN_POINT('',(658.117913385827,-172.487711614172,6.58751968501567));
#15404=CARTESIAN_POINT('Origin',(645.117913385827,-172.487711614172,6.58751968501748));
#15405=CARTESIAN_POINT('',(645.117913385827,-172.487711614172,6.58751968501748));
#15406=CARTESIAN_POINT('Origin',(645.117913385827,-171.987711614172,6.58751968501748));
#15407=CARTESIAN_POINT('',(644.617913385827,-171.987711614172,6.58751968501755));
#15408=CARTESIAN_POINT('Origin',(644.617913385827,-158.987711614172,6.58751968501755));
#15409=CARTESIAN_POINT('',(644.617913385826,-158.987711614172,6.58751968501755));
#15410=CARTESIAN_POINT('Origin',(645.117913385827,-158.987711614172,6.58751968501748));
#15411=CARTESIAN_POINT('Origin',(758.130413385827,-158.487711614172,6.58751968500182));
#15412=CARTESIAN_POINT('',(745.130413385827,-158.487711614172,6.58751968500362));
#15413=CARTESIAN_POINT('',(758.130413385827,-158.487711614172,6.58751968500182));
#15414=CARTESIAN_POINT('Origin',(758.130413385827,-158.987711614172,6.58751968500182));
#15415=CARTESIAN_POINT('',(758.630413385827,-158.987711614172,6.58751968500175));
#15416=CARTESIAN_POINT('Origin',(758.630413385827,-171.987711614172,6.58751968500175));
#15417=CARTESIAN_POINT('',(758.630413385827,-171.987711614172,6.58751968500175));
#15418=CARTESIAN_POINT('Origin',(758.130413385827,-171.987711614172,6.58751968500182));
#15419=CARTESIAN_POINT('',(758.130413385827,-172.487711614172,6.58751968500182));
#15420=CARTESIAN_POINT('Origin',(745.130413385827,-172.487711614172,6.58751968500362));
#15421=CARTESIAN_POINT('',(745.130413385827,-172.487711614172,6.58751968500362));
#15422=CARTESIAN_POINT('Origin',(745.130413385827,-171.987711614172,6.58751968500362));
#15423=CARTESIAN_POINT('',(744.630413385827,-171.987711614172,6.58751968500369));
#15424=CARTESIAN_POINT('Origin',(744.630413385827,-158.987711614172,6.58751968500369));
#15425=CARTESIAN_POINT('',(744.630413385827,-158.987711614172,6.58751968500369));
#15426=CARTESIAN_POINT('Origin',(745.130413385827,-158.987711614172,6.58751968500362));
#15427=CARTESIAN_POINT('Origin',(634.305413385826,-196.587711614172,6.58751968501897));
#15428=CARTESIAN_POINT('',(621.305413385826,-196.587711614172,6.58751968502077));
#15429=CARTESIAN_POINT('',(634.305413385826,-196.587711614172,6.58751968501897));
#15430=CARTESIAN_POINT('Origin',(634.305413385827,-197.087711614172,6.58751968501897));
#15431=CARTESIAN_POINT('',(634.805413385827,-197.087711614172,6.5875196850189));
#15432=CARTESIAN_POINT('Origin',(634.805413385827,-210.087711614172,6.5875196850189));
#15433=CARTESIAN_POINT('',(634.805413385827,-210.087711614172,6.5875196850189));
#15434=CARTESIAN_POINT('Origin',(634.305413385827,-210.087711614172,6.58751968501897));
#15435=CARTESIAN_POINT('',(634.305413385826,-210.587711614172,6.58751968501897));
#15436=CARTESIAN_POINT('Origin',(621.305413385826,-210.587711614172,6.58751968502077));
#15437=CARTESIAN_POINT('',(621.305413385826,-210.587711614172,6.58751968502077));
#15438=CARTESIAN_POINT('Origin',(621.305413385826,-210.087711614172,6.58751968502077));
#15439=CARTESIAN_POINT('',(620.805413385826,-210.087711614172,6.58751968502084));
#15440=CARTESIAN_POINT('Origin',(620.805413385826,-197.087711614172,6.58751968502084));
#15441=CARTESIAN_POINT('',(620.805413385826,-197.087711614172,6.58751968502084));
#15442=CARTESIAN_POINT('Origin',(621.305413385826,-197.087711614172,6.58751968502077));
#15443=CARTESIAN_POINT('Origin',(715.267913385827,-158.487711614172,6.58751968500776));
#15444=CARTESIAN_POINT('',(702.267913385826,-158.487711614172,6.58751968500956));
#15445=CARTESIAN_POINT('',(715.267913385827,-158.487711614172,6.58751968500776));
#15446=CARTESIAN_POINT('Origin',(715.267913385827,-158.987711614172,6.58751968500776));
#15447=CARTESIAN_POINT('',(715.767913385827,-158.987711614172,6.58751968500769));
#15448=CARTESIAN_POINT('Origin',(715.767913385827,-171.987711614172,6.58751968500769));
#15449=CARTESIAN_POINT('',(715.767913385827,-171.987711614172,6.58751968500769));
#15450=CARTESIAN_POINT('Origin',(715.267913385827,-171.987711614172,6.58751968500776));
#15451=CARTESIAN_POINT('',(715.267913385827,-172.487711614172,6.58751968500776));
#15452=CARTESIAN_POINT('Origin',(702.267913385826,-172.487711614172,6.58751968500956));
#15453=CARTESIAN_POINT('',(702.267913385826,-172.487711614172,6.58751968500956));
#15454=CARTESIAN_POINT('Origin',(702.267913385826,-171.987711614172,6.58751968500956));
#15455=CARTESIAN_POINT('',(701.767913385826,-171.987711614172,6.58751968500963));
#15456=CARTESIAN_POINT('Origin',(701.767913385826,-158.987711614172,6.58751968500963));
#15457=CARTESIAN_POINT('',(701.767913385827,-158.987711614172,6.58751968500963));
#15458=CARTESIAN_POINT('Origin',(702.267913385826,-158.987711614172,6.58751968500956));
#15459=CARTESIAN_POINT('Origin',(672.405413385826,-196.587711614172,6.5875196850137));
#15460=CARTESIAN_POINT('',(659.405413385826,-196.587711614172,6.5875196850155));
#15461=CARTESIAN_POINT('',(672.405413385826,-196.587711614172,6.5875196850137));
#15462=CARTESIAN_POINT('Origin',(672.405413385826,-197.087711614172,6.5875196850137));
#15463=CARTESIAN_POINT('',(672.905413385826,-197.087711614172,6.58751968501363));
#15464=CARTESIAN_POINT('Origin',(672.905413385826,-210.087711614172,6.58751968501363));
#15465=CARTESIAN_POINT('',(672.905413385826,-210.087711614172,6.58751968501363));
#15466=CARTESIAN_POINT('Origin',(672.405413385826,-210.087711614172,6.5875196850137));
#15467=CARTESIAN_POINT('',(672.405413385826,-210.587711614172,6.5875196850137));
#15468=CARTESIAN_POINT('Origin',(659.405413385826,-210.587711614172,6.5875196850155));
#15469=CARTESIAN_POINT('',(659.405413385826,-210.587711614172,6.5875196850155));
#15470=CARTESIAN_POINT('Origin',(659.405413385826,-210.087711614172,6.5875196850155));
#15471=CARTESIAN_POINT('',(658.905413385826,-210.087711614172,6.58751968501557));
#15472=CARTESIAN_POINT('Origin',(658.905413385826,-197.087711614172,6.58751968501557));
#15473=CARTESIAN_POINT('',(658.905413385826,-197.087711614172,6.58751968501557));
#15474=CARTESIAN_POINT('Origin',(659.405413385826,-197.087711614172,6.5875196850155));
#15475=CARTESIAN_POINT('Origin',(620.494163385826,-115.387086614172,6.58751968502089));
#15476=CARTESIAN_POINT('',(607.494163385826,-115.387086614172,6.58751968502269));
#15477=CARTESIAN_POINT('',(620.494163385826,-115.387086614172,6.58751968502089));
#15478=CARTESIAN_POINT('Origin',(620.494163385826,-115.887086614172,6.58751968502089));
#15479=CARTESIAN_POINT('',(620.994163385826,-115.887086614172,6.58751968502082));
#15480=CARTESIAN_POINT('Origin',(620.994163385826,-128.887086614172,6.58751968502082));
#15481=CARTESIAN_POINT('',(620.994163385826,-128.887086614172,6.58751968502082));
#15482=CARTESIAN_POINT('Origin',(620.494163385826,-128.887086614172,6.58751968502089));
#15483=CARTESIAN_POINT('',(620.494163385826,-129.387086614172,6.58751968502089));
#15484=CARTESIAN_POINT('Origin',(607.494163385826,-129.387086614172,6.58751968502269));
#15485=CARTESIAN_POINT('',(607.494163385826,-129.387086614172,6.58751968502269));
#15486=CARTESIAN_POINT('Origin',(607.494163385826,-128.887086614172,6.58751968502269));
#15487=CARTESIAN_POINT('',(606.994163385826,-128.887086614172,6.58751968502276));
#15488=CARTESIAN_POINT('Origin',(606.994163385826,-115.887086614172,6.58751968502276));
#15489=CARTESIAN_POINT('',(606.994163385826,-115.887086614172,6.58751968502276));
#15490=CARTESIAN_POINT('Origin',(607.494163385826,-115.887086614172,6.58751968502269));
#15491=CARTESIAN_POINT('Origin',(786.943538385827,-215.637711614172,6.58751968499783));
#15492=CARTESIAN_POINT('',(773.943538385827,-215.637711614172,6.58751968499963));
#15493=CARTESIAN_POINT('',(786.943538385827,-215.637711614172,6.58751968499783));
#15494=CARTESIAN_POINT('Origin',(786.943538385827,-216.137711614172,6.58751968499783));
#15495=CARTESIAN_POINT('',(787.443538385826,-216.137711614172,6.58751968499776));
#15496=CARTESIAN_POINT('Origin',(787.443538385826,-229.137711614172,6.58751968499776));
#15497=CARTESIAN_POINT('',(787.443538385826,-229.137711614172,6.58751968499776));
#15498=CARTESIAN_POINT('Origin',(786.943538385827,-229.137711614172,6.58751968499783));
#15499=CARTESIAN_POINT('',(786.943538385827,-229.637711614172,6.58751968499783));
#15500=CARTESIAN_POINT('Origin',(773.943538385827,-229.637711614172,6.58751968499963));
#15501=CARTESIAN_POINT('',(773.943538385827,-229.637711614172,6.58751968499963));
#15502=CARTESIAN_POINT('Origin',(773.943538385827,-229.137711614172,6.58751968499963));
#15503=CARTESIAN_POINT('',(773.443538385827,-229.137711614172,6.5875196849997));
#15504=CARTESIAN_POINT('Origin',(773.443538385827,-216.137711614172,6.5875196849997));
#15505=CARTESIAN_POINT('',(773.443538385827,-216.137711614172,6.5875196849997));
#15506=CARTESIAN_POINT('Origin',(773.943538385827,-216.137711614172,6.58751968499963));
#15507=CARTESIAN_POINT('Origin',(767.893538385826,-196.587711614172,6.58751968500047));
#15508=CARTESIAN_POINT('',(754.893538385826,-196.587711614172,6.58751968500227));
#15509=CARTESIAN_POINT('',(767.893538385826,-196.587711614172,6.58751968500047));
#15510=CARTESIAN_POINT('Origin',(767.893538385826,-197.087711614172,6.58751968500047));
#15511=CARTESIAN_POINT('',(768.393538385826,-197.087711614172,6.5875196850004));
#15512=CARTESIAN_POINT('Origin',(768.393538385826,-210.087711614172,6.5875196850004));
#15513=CARTESIAN_POINT('',(768.393538385826,-210.087711614172,6.5875196850004));
#15514=CARTESIAN_POINT('Origin',(767.893538385827,-210.087711614172,6.58751968500047));
#15515=CARTESIAN_POINT('',(767.893538385827,-210.587711614172,6.58751968500047));
#15516=CARTESIAN_POINT('Origin',(754.893538385826,-210.587711614172,6.58751968500227));
#15517=CARTESIAN_POINT('',(754.893538385826,-210.587711614172,6.58751968500227));
#15518=CARTESIAN_POINT('Origin',(754.893538385826,-210.087711614172,6.58751968500227));
#15519=CARTESIAN_POINT('',(754.393538385827,-210.087711614172,6.58751968500234));
#15520=CARTESIAN_POINT('Origin',(754.393538385826,-197.087711614172,6.58751968500234));
#15521=CARTESIAN_POINT('',(754.393538385826,-197.087711614172,6.58751968500234));
#15522=CARTESIAN_POINT('Origin',(754.893538385826,-197.087711614172,6.58751968500227));
#15523=CARTESIAN_POINT('Origin',(600.967913385826,-158.987711614172,6.58751968502359));
#15524=CARTESIAN_POINT('',(601.467913385826,-158.987711614172,6.58751968502352));
#15525=CARTESIAN_POINT('Origin',(601.467913385826,-171.987711614172,6.58751968502352));
#15526=CARTESIAN_POINT('',(601.467913385826,-171.987711614172,6.58751968502352));
#15527=CARTESIAN_POINT('Origin',(600.967913385826,-171.987711614172,6.58751968502359));
#15528=CARTESIAN_POINT('',(600.967913385826,-172.487711614172,6.58751968502359));
#15529=CARTESIAN_POINT('Origin',(587.967913385826,-172.487711614172,6.58751968502539));
#15530=CARTESIAN_POINT('Origin',(677.167913385827,-158.487711614172,6.58751968501304));
#15531=CARTESIAN_POINT('',(664.167913385827,-158.487711614172,6.58751968501484));
#15532=CARTESIAN_POINT('',(677.167913385827,-158.487711614172,6.58751968501304));
#15533=CARTESIAN_POINT('Origin',(677.167913385827,-158.987711614172,6.58751968501304));
#15534=CARTESIAN_POINT('',(677.667913385827,-158.987711614172,6.58751968501297));
#15535=CARTESIAN_POINT('Origin',(677.667913385827,-171.987711614172,6.58751968501297));
#15536=CARTESIAN_POINT('',(677.667913385827,-171.987711614172,6.58751968501297));
#15537=CARTESIAN_POINT('Origin',(677.167913385827,-171.987711614172,6.58751968501304));
#15538=CARTESIAN_POINT('',(677.167913385827,-172.487711614172,6.58751968501304));
#15539=CARTESIAN_POINT('Origin',(664.167913385827,-172.487711614172,6.58751968501484));
#15540=CARTESIAN_POINT('',(664.167913385827,-172.487711614172,6.58751968501484));
#15541=CARTESIAN_POINT('Origin',(664.167913385827,-171.987711614172,6.58751968501484));
#15542=CARTESIAN_POINT('',(663.667913385827,-171.987711614172,6.58751968501491));
#15543=CARTESIAN_POINT('Origin',(663.667913385827,-158.987711614172,6.58751968501491));
#15544=CARTESIAN_POINT('',(663.667913385826,-158.987711614172,6.58751968501491));
#15545=CARTESIAN_POINT('Origin',(664.167913385827,-158.987711614172,6.58751968501484));
#15546=CARTESIAN_POINT('Origin',(615.255413385827,-196.587711614172,6.58751968502162));
#15547=CARTESIAN_POINT('',(602.255413385827,-196.587711614172,6.58751968502342));
#15548=CARTESIAN_POINT('',(615.255413385827,-196.587711614172,6.58751968502161));
#15549=CARTESIAN_POINT('Origin',(615.255413385827,-197.087711614172,6.58751968502161));
#15550=CARTESIAN_POINT('',(615.755413385827,-197.087711614172,6.58751968502154));
#15551=CARTESIAN_POINT('Origin',(615.755413385827,-210.087711614172,6.58751968502154));
#15552=CARTESIAN_POINT('',(615.755413385827,-210.087711614172,6.58751968502154));
#15553=CARTESIAN_POINT('Origin',(615.255413385827,-210.087711614172,6.58751968502161));
#15554=CARTESIAN_POINT('',(615.255413385827,-210.587711614172,6.58751968502161));
#15555=CARTESIAN_POINT('Origin',(602.255413385827,-210.587711614172,6.58751968502342));
#15556=CARTESIAN_POINT('',(602.255413385827,-210.587711614172,6.58751968502342));
#15557=CARTESIAN_POINT('Origin',(602.255413385827,-210.087711614172,6.58751968502342));
#15558=CARTESIAN_POINT('',(601.755413385827,-210.087711614172,6.58751968502348));
#15559=CARTESIAN_POINT('Origin',(601.755413385827,-197.087711614172,6.58751968502348));
#15560=CARTESIAN_POINT('',(601.755413385827,-197.087711614172,6.58751968502349));
#15561=CARTESIAN_POINT('Origin',(602.255413385827,-197.087711614172,6.58751968502342));
#15562=CARTESIAN_POINT('Origin',(653.355413385826,-196.587711614172,6.58751968501634));
#15563=CARTESIAN_POINT('',(640.355413385827,-196.587711614172,6.58751968501814));
#15564=CARTESIAN_POINT('',(653.355413385826,-196.587711614172,6.58751968501634));
#15565=CARTESIAN_POINT('Origin',(653.355413385826,-197.087711614172,6.58751968501634));
#15566=CARTESIAN_POINT('',(653.855413385826,-197.087711614172,6.58751968501627));
#15567=CARTESIAN_POINT('Origin',(653.855413385826,-210.087711614172,6.58751968501627));
#15568=CARTESIAN_POINT('',(653.855413385826,-210.087711614172,6.58751968501627));
#15569=CARTESIAN_POINT('Origin',(653.355413385826,-210.087711614172,6.58751968501634));
#15570=CARTESIAN_POINT('',(653.355413385826,-210.587711614172,6.58751968501634));
#15571=CARTESIAN_POINT('Origin',(640.355413385827,-210.587711614172,6.58751968501814));
#15572=CARTESIAN_POINT('',(640.355413385827,-210.587711614172,6.58751968501814));
#15573=CARTESIAN_POINT('Origin',(640.355413385827,-210.087711614172,6.58751968501814));
#15574=CARTESIAN_POINT('',(639.855413385827,-210.087711614172,6.58751968501821));
#15575=CARTESIAN_POINT('Origin',(639.855413385827,-197.087711614172,6.58751968501821));
#15576=CARTESIAN_POINT('',(639.855413385827,-197.087711614172,6.58751968501821));
#15577=CARTESIAN_POINT('Origin',(640.355413385827,-197.087711614172,6.58751968501814));
#15578=CARTESIAN_POINT('Origin',(724.792913385827,-139.437711614172,6.58751968500644));
#15579=CARTESIAN_POINT('',(711.792913385827,-139.437711614172,6.58751968500824));
#15580=CARTESIAN_POINT('',(724.792913385827,-139.437711614172,6.58751968500644));
#15581=CARTESIAN_POINT('Origin',(724.792913385827,-139.937711614172,6.58751968500644));
#15582=CARTESIAN_POINT('',(725.292913385827,-139.937711614172,6.58751968500637));
#15583=CARTESIAN_POINT('Origin',(725.292913385827,-152.937711614172,6.58751968500637));
#15584=CARTESIAN_POINT('',(725.292913385827,-152.937711614172,6.58751968500637));
#15585=CARTESIAN_POINT('Origin',(724.792913385827,-152.937711614172,6.58751968500644));
#15586=CARTESIAN_POINT('',(724.792913385827,-153.437711614172,6.58751968500644));
#15587=CARTESIAN_POINT('Origin',(711.792913385827,-153.437711614172,6.58751968500824));
#15588=CARTESIAN_POINT('',(711.792913385827,-153.437711614172,6.58751968500824));
#15589=CARTESIAN_POINT('Origin',(711.792913385827,-152.937711614172,6.58751968500824));
#15590=CARTESIAN_POINT('',(711.292913385827,-152.937711614172,6.58751968500831));
#15591=CARTESIAN_POINT('Origin',(711.292913385827,-139.937711614172,6.58751968500831));
#15592=CARTESIAN_POINT('',(711.292913385827,-139.937711614172,6.58751968500831));
#15593=CARTESIAN_POINT('Origin',(711.792913385827,-139.937711614172,6.58751968500824));
#15594=CARTESIAN_POINT('Origin',(734.317913385827,-158.487711614172,6.58751968500512));
#15595=CARTESIAN_POINT('',(721.317913385826,-158.487711614172,6.58751968500692));
#15596=CARTESIAN_POINT('',(734.317913385827,-158.487711614172,6.58751968500512));
#15597=CARTESIAN_POINT('Origin',(734.317913385827,-158.987711614172,6.58751968500512));
#15598=CARTESIAN_POINT('',(734.817913385827,-158.987711614172,6.58751968500505));
#15599=CARTESIAN_POINT('Origin',(734.817913385827,-171.987711614172,6.58751968500505));
#15600=CARTESIAN_POINT('',(734.817913385827,-171.987711614172,6.58751968500505));
#15601=CARTESIAN_POINT('Origin',(734.317913385827,-171.987711614172,6.58751968500512));
#15602=CARTESIAN_POINT('',(734.317913385827,-172.487711614172,6.58751968500512));
#15603=CARTESIAN_POINT('Origin',(721.317913385826,-172.487711614172,6.58751968500692));
#15604=CARTESIAN_POINT('',(721.317913385826,-172.487711614172,6.58751968500692));
#15605=CARTESIAN_POINT('Origin',(721.317913385826,-171.987711614172,6.58751968500692));
#15606=CARTESIAN_POINT('',(720.817913385827,-171.987711614172,6.58751968500699));
#15607=CARTESIAN_POINT('Origin',(720.817913385827,-158.987711614172,6.58751968500699));
#15608=CARTESIAN_POINT('',(720.817913385827,-158.987711614172,6.58751968500699));
#15609=CARTESIAN_POINT('Origin',(721.317913385826,-158.987711614172,6.58751968500692));
#15610=CARTESIAN_POINT('Origin',(686.692913385827,-139.437711614172,6.58751968501172));
#15611=CARTESIAN_POINT('',(673.692913385827,-139.437711614172,6.58751968501352));
#15612=CARTESIAN_POINT('',(686.692913385827,-139.437711614172,6.58751968501172));
#15613=CARTESIAN_POINT('Origin',(686.692913385827,-139.937711614172,6.58751968501172));
#15614=CARTESIAN_POINT('',(687.192913385827,-139.937711614172,6.58751968501165));
#15615=CARTESIAN_POINT('Origin',(687.192913385827,-152.937711614172,6.58751968501165));
#15616=CARTESIAN_POINT('',(687.192913385827,-152.937711614172,6.58751968501165));
#15617=CARTESIAN_POINT('Origin',(686.692913385827,-152.937711614172,6.58751968501172));
#15618=CARTESIAN_POINT('',(686.692913385827,-153.437711614172,6.58751968501172));
#15619=CARTESIAN_POINT('Origin',(673.692913385827,-153.437711614172,6.58751968501352));
#15620=CARTESIAN_POINT('',(673.692913385827,-153.437711614172,6.58751968501352));
#15621=CARTESIAN_POINT('Origin',(673.692913385827,-152.937711614172,6.58751968501352));
#15622=CARTESIAN_POINT('',(673.192913385826,-152.937711614172,6.58751968501359));
#15623=CARTESIAN_POINT('Origin',(673.192913385826,-139.937711614172,6.58751968501359));
#15624=CARTESIAN_POINT('',(673.192913385827,-139.937711614172,6.58751968501359));
#15625=CARTESIAN_POINT('Origin',(673.692913385827,-139.937711614172,6.58751968501352));
#15626=CARTESIAN_POINT('Origin',(759.424663385827,-178.537711614172,6.58751968500164));
#15627=CARTESIAN_POINT('',(753.424663385827,-178.537711614172,6.58751968500247));
#15628=CARTESIAN_POINT('',(759.424663385827,-178.537711614172,6.58751968500164));
#15629=CARTESIAN_POINT('Origin',(759.424663385827,-179.037711614172,6.58751968500164));
#15630=CARTESIAN_POINT('',(759.924663385827,-179.037711614172,6.58751968500157));
#15631=CARTESIAN_POINT('Origin',(759.924663385827,-193.037711614172,6.58751968500157));
#15632=CARTESIAN_POINT('',(759.924663385826,-193.037711614172,6.58751968500157));
#15633=CARTESIAN_POINT('Origin',(759.424663385827,-193.037711614172,6.58751968500164));
#15634=CARTESIAN_POINT('',(759.424663385827,-193.537711614172,6.58751968500164));
#15635=CARTESIAN_POINT('Origin',(753.424663385827,-193.537711614172,6.58751968500247));
#15636=CARTESIAN_POINT('',(753.424663385827,-193.537711614172,6.58751968500247));
#15637=CARTESIAN_POINT('Origin',(753.424663385827,-193.037711614172,6.58751968500247));
#15638=CARTESIAN_POINT('',(752.924663385827,-193.037711614172,6.58751968500254));
#15639=CARTESIAN_POINT('Origin',(752.924663385827,-179.037711614172,6.58751968500254));
#15640=CARTESIAN_POINT('',(752.924663385827,-179.037711614172,6.58751968500254));
#15641=CARTESIAN_POINT('Origin',(753.424663385827,-179.037711614172,6.58751968500247));
#15642=CARTESIAN_POINT('Origin',(624.780413385827,-177.537711614172,6.58751968502029));
#15643=CARTESIAN_POINT('',(611.780413385827,-177.537711614172,6.58751968502209));
#15644=CARTESIAN_POINT('',(624.780413385827,-177.537711614172,6.58751968502029));
#15645=CARTESIAN_POINT('Origin',(624.780413385827,-178.037711614172,6.58751968502029));
#15646=CARTESIAN_POINT('',(625.280413385826,-178.037711614172,6.58751968502022));
#15647=CARTESIAN_POINT('Origin',(625.280413385826,-191.037711614172,6.58751968502022));
#15648=CARTESIAN_POINT('',(625.280413385826,-191.037711614172,6.58751968502022));
#15649=CARTESIAN_POINT('Origin',(624.780413385827,-191.037711614172,6.58751968502029));
#15650=CARTESIAN_POINT('',(624.780413385827,-191.537711614172,6.58751968502029));
#15651=CARTESIAN_POINT('Origin',(611.780413385827,-191.537711614172,6.58751968502209));
#15652=CARTESIAN_POINT('',(611.780413385827,-191.537711614172,6.58751968502209));
#15653=CARTESIAN_POINT('Origin',(611.780413385827,-191.037711614172,6.58751968502209));
#15654=CARTESIAN_POINT('',(611.280413385826,-191.037711614172,6.58751968502217));
#15655=CARTESIAN_POINT('Origin',(611.280413385826,-178.037711614172,6.58751968502217));
#15656=CARTESIAN_POINT('',(611.280413385827,-178.037711614172,6.58751968502216));
#15657=CARTESIAN_POINT('Origin',(611.780413385827,-178.037711614172,6.58751968502209));
#15658=CARTESIAN_POINT('Origin',(605.730413385827,-178.037711614172,6.58751968502293));
#15659=CARTESIAN_POINT('',(606.230413385827,-178.037711614172,6.58751968502286));
#15660=CARTESIAN_POINT('Origin',(606.230413385827,-191.037711614172,6.58751968502286));
#15661=CARTESIAN_POINT('',(606.230413385827,-191.037711614172,6.58751968502286));
#15662=CARTESIAN_POINT('Origin',(605.730413385827,-191.037711614172,6.58751968502293));
#15663=CARTESIAN_POINT('',(605.730413385827,-191.537711614172,6.58751968502293));
#15664=CARTESIAN_POINT('Origin',(592.730413385827,-191.537711614172,6.58751968502473));
#15665=CARTESIAN_POINT('Origin',(753.367913385826,-139.437711614172,6.58751968500248));
#15666=CARTESIAN_POINT('',(740.367913385826,-139.437711614172,6.58751968500428));
#15667=CARTESIAN_POINT('',(753.367913385826,-139.437711614172,6.58751968500248));
#15668=CARTESIAN_POINT('Origin',(753.367913385827,-139.937711614172,6.58751968500248));
#15669=CARTESIAN_POINT('',(753.867913385827,-139.937711614172,6.58751968500241));
#15670=CARTESIAN_POINT('Origin',(753.867913385827,-152.937711614172,6.58751968500241));
#15671=CARTESIAN_POINT('',(753.867913385826,-152.937711614172,6.58751968500241));
#15672=CARTESIAN_POINT('Origin',(753.367913385827,-152.937711614172,6.58751968500248));
#15673=CARTESIAN_POINT('',(753.367913385826,-153.437711614172,6.58751968500248));
#15674=CARTESIAN_POINT('Origin',(740.367913385826,-153.437711614172,6.58751968500428));
#15675=CARTESIAN_POINT('',(740.367913385826,-153.437711614172,6.58751968500428));
#15676=CARTESIAN_POINT('Origin',(740.367913385826,-152.937711614172,6.58751968500428));
#15677=CARTESIAN_POINT('',(739.867913385826,-152.937711614172,6.58751968500435));
#15678=CARTESIAN_POINT('Origin',(739.867913385826,-139.937711614172,6.58751968500435));
#15679=CARTESIAN_POINT('',(739.867913385826,-139.937711614172,6.58751968500435));
#15680=CARTESIAN_POINT('Origin',(740.367913385826,-139.937711614172,6.58751968500428));
#15681=CARTESIAN_POINT('Origin',(762.892913385827,-115.387086614172,6.58751968500116));
#15682=CARTESIAN_POINT('',(749.892913385827,-115.387086614172,6.58751968500296));
#15683=CARTESIAN_POINT('',(762.892913385827,-115.387086614172,6.58751968500116));
#15684=CARTESIAN_POINT('Origin',(762.892913385827,-115.887086614172,6.58751968500116));
#15685=CARTESIAN_POINT('',(763.392913385827,-115.887086614172,6.58751968500109));
#15686=CARTESIAN_POINT('Origin',(763.392913385827,-128.887086614172,6.58751968500109));
#15687=CARTESIAN_POINT('',(763.392913385827,-128.887086614172,6.58751968500109));
#15688=CARTESIAN_POINT('Origin',(762.892913385827,-128.887086614172,6.58751968500116));
#15689=CARTESIAN_POINT('',(762.892913385827,-129.387086614172,6.58751968500116));
#15690=CARTESIAN_POINT('Origin',(749.892913385827,-129.387086614172,6.58751968500296));
#15691=CARTESIAN_POINT('',(749.892913385827,-129.387086614172,6.58751968500296));
#15692=CARTESIAN_POINT('Origin',(749.892913385827,-128.887086614172,6.58751968500296));
#15693=CARTESIAN_POINT('',(749.392913385826,-128.887086614172,6.58751968500303));
#15694=CARTESIAN_POINT('Origin',(749.392913385826,-115.887086614172,6.58751968500303));
#15695=CARTESIAN_POINT('',(749.392913385826,-115.887086614172,6.58751968500303));
#15696=CARTESIAN_POINT('Origin',(749.892913385827,-115.887086614172,6.58751968500296));
#15697=CARTESIAN_POINT('Origin',(644.544788385826,-115.387086614172,6.58751968501756));
#15698=CARTESIAN_POINT('',(631.544788385826,-115.387086614172,6.58751968501936));
#15699=CARTESIAN_POINT('',(644.544788385826,-115.387086614172,6.58751968501756));
#15700=CARTESIAN_POINT('Origin',(644.544788385826,-115.887086614172,6.58751968501756));
#15701=CARTESIAN_POINT('',(645.044788385827,-115.887086614172,6.58751968501749));
#15702=CARTESIAN_POINT('Origin',(645.044788385827,-128.887086614172,6.58751968501749));
#15703=CARTESIAN_POINT('',(645.044788385827,-128.887086614172,6.58751968501749));
#15704=CARTESIAN_POINT('Origin',(644.544788385826,-128.887086614172,6.58751968501756));
#15705=CARTESIAN_POINT('',(644.544788385826,-129.387086614172,6.58751968501756));
#15706=CARTESIAN_POINT('Origin',(631.544788385826,-129.387086614172,6.58751968501936));
#15707=CARTESIAN_POINT('',(631.544788385826,-129.387086614172,6.58751968501936));
#15708=CARTESIAN_POINT('Origin',(631.544788385826,-128.887086614172,6.58751968501936));
#15709=CARTESIAN_POINT('',(631.044788385826,-128.887086614172,6.58751968501942));
#15710=CARTESIAN_POINT('Origin',(631.044788385826,-115.887086614172,6.58751968501942));
#15711=CARTESIAN_POINT('',(631.044788385826,-115.887086614172,6.58751968501942));
#15712=CARTESIAN_POINT('Origin',(631.544788385826,-115.887086614172,6.58751968501936));
#15713=CARTESIAN_POINT('Origin',(601.444163385826,-115.887086614172,6.58751968502353));
#15714=CARTESIAN_POINT('',(601.944163385826,-115.887086614172,6.58751968502346));
#15715=CARTESIAN_POINT('Origin',(601.944163385827,-128.887086614172,6.58751968502346));
#15716=CARTESIAN_POINT('',(601.944163385827,-128.887086614172,6.58751968502346));
#15717=CARTESIAN_POINT('Origin',(601.444163385827,-128.887086614172,6.58751968502353));
#15718=CARTESIAN_POINT('',(601.444163385826,-129.387086614172,6.58751968502353));
#15719=CARTESIAN_POINT('Origin',(588.444163385826,-129.387086614172,6.58751968502533));
#15720=CARTESIAN_POINT('Origin',(724.792913385826,-215.637711614172,6.58751968500644));
#15721=CARTESIAN_POINT('',(711.792913385827,-215.637711614172,6.58751968500824));
#15722=CARTESIAN_POINT('',(724.792913385826,-215.637711614172,6.58751968500644));
#15723=CARTESIAN_POINT('Origin',(724.792913385826,-216.137711614172,6.58751968500644));
#15724=CARTESIAN_POINT('',(725.292913385827,-216.137711614172,6.58751968500637));
#15725=CARTESIAN_POINT('Origin',(725.292913385827,-229.137711614172,6.58751968500637));
#15726=CARTESIAN_POINT('',(725.292913385827,-229.137711614172,6.58751968500637));
#15727=CARTESIAN_POINT('Origin',(724.792913385826,-229.137711614172,6.58751968500644));
#15728=CARTESIAN_POINT('',(724.792913385826,-229.637711614172,6.58751968500644));
#15729=CARTESIAN_POINT('Origin',(711.792913385827,-229.637711614172,6.58751968500824));
#15730=CARTESIAN_POINT('',(711.792913385827,-229.637711614172,6.58751968500824));
#15731=CARTESIAN_POINT('Origin',(711.792913385827,-229.137711614172,6.58751968500824));
#15732=CARTESIAN_POINT('',(711.292913385827,-229.137711614172,6.58751968500831));
#15733=CARTESIAN_POINT('Origin',(711.292913385827,-216.137711614172,6.58751968500831));
#15734=CARTESIAN_POINT('',(711.292913385827,-216.137711614172,6.58751968500831));
#15735=CARTESIAN_POINT('Origin',(711.792913385827,-216.137711614172,6.58751968500824));
#15736=CARTESIAN_POINT('Origin',(750.986663385826,-177.537711614172,6.58751968500281));
#15737=CARTESIAN_POINT('',(737.986663385826,-177.537711614172,6.58751968500461));
#15738=CARTESIAN_POINT('',(750.986663385826,-177.537711614172,6.58751968500281));
#15739=CARTESIAN_POINT('Origin',(750.986663385827,-178.037711614172,6.58751968500281));
#15740=CARTESIAN_POINT('',(751.486663385827,-178.037711614172,6.58751968500274));
#15741=CARTESIAN_POINT('Origin',(751.486663385827,-191.037711614172,6.58751968500274));
#15742=CARTESIAN_POINT('',(751.486663385826,-191.037711614172,6.58751968500274));
#15743=CARTESIAN_POINT('Origin',(750.986663385827,-191.037711614172,6.58751968500281));
#15744=CARTESIAN_POINT('',(750.986663385826,-191.537711614172,6.58751968500281));
#15745=CARTESIAN_POINT('Origin',(737.986663385826,-191.537711614172,6.58751968500461));
#15746=CARTESIAN_POINT('',(737.986663385826,-191.537711614172,6.58751968500461));
#15747=CARTESIAN_POINT('Origin',(737.986663385826,-191.037711614172,6.58751968500461));
#15748=CARTESIAN_POINT('',(737.486663385827,-191.037711614172,6.58751968500468));
#15749=CARTESIAN_POINT('Origin',(737.486663385827,-178.037711614172,6.58751968500468));
#15750=CARTESIAN_POINT('',(737.486663385826,-178.037711614172,6.58751968500468));
#15751=CARTESIAN_POINT('Origin',(737.986663385826,-178.037711614172,6.58751968500461));
#15752=CARTESIAN_POINT('Origin',(667.642913385827,-139.437711614172,6.58751968501436));
#15753=CARTESIAN_POINT('',(654.642913385827,-139.437711614172,6.58751968501616));
#15754=CARTESIAN_POINT('',(667.642913385827,-139.437711614172,6.58751968501436));
#15755=CARTESIAN_POINT('Origin',(667.642913385827,-139.937711614172,6.58751968501436));
#15756=CARTESIAN_POINT('',(668.142913385826,-139.937711614172,6.58751968501429));
#15757=CARTESIAN_POINT('Origin',(668.142913385826,-152.937711614172,6.58751968501429));
#15758=CARTESIAN_POINT('',(668.142913385826,-152.937711614172,6.58751968501429));
#15759=CARTESIAN_POINT('Origin',(667.642913385827,-152.937711614172,6.58751968501436));
#15760=CARTESIAN_POINT('',(667.642913385827,-153.437711614172,6.58751968501436));
#15761=CARTESIAN_POINT('Origin',(654.642913385827,-153.437711614172,6.58751968501616));
#15762=CARTESIAN_POINT('',(654.642913385827,-153.437711614172,6.58751968501616));
#15763=CARTESIAN_POINT('Origin',(654.642913385827,-152.937711614172,6.58751968501616));
#15764=CARTESIAN_POINT('',(654.142913385826,-152.937711614172,6.58751968501623));
#15765=CARTESIAN_POINT('Origin',(654.142913385826,-139.937711614172,6.58751968501623));
#15766=CARTESIAN_POINT('',(654.142913385826,-139.937711614172,6.58751968501623));
#15767=CARTESIAN_POINT('Origin',(654.642913385827,-139.937711614172,6.58751968501616));
#15768=CARTESIAN_POINT('Origin',(610.492913385826,-139.937711614172,6.58751968502227));
#15769=CARTESIAN_POINT('',(610.992913385826,-139.937711614172,6.5875196850222));
#15770=CARTESIAN_POINT('Origin',(610.992913385826,-152.937711614172,6.5875196850222));
#15771=CARTESIAN_POINT('',(610.992913385826,-152.937711614172,6.5875196850222));
#15772=CARTESIAN_POINT('Origin',(610.492913385826,-152.937711614172,6.58751968502227));
#15773=CARTESIAN_POINT('',(610.492913385826,-153.437711614172,6.58751968502227));
#15774=CARTESIAN_POINT('Origin',(597.492913385827,-153.437711614172,6.58751968502407));
#15775=CARTESIAN_POINT('Origin',(786.943538385826,-158.487711614172,6.58751968499783));
#15776=CARTESIAN_POINT('',(773.943538385827,-158.487711614172,6.58751968499963));
#15777=CARTESIAN_POINT('',(786.943538385826,-158.487711614172,6.58751968499783));
#15778=CARTESIAN_POINT('Origin',(786.943538385827,-158.987711614172,6.58751968499783));
#15779=CARTESIAN_POINT('',(787.443538385827,-158.987711614172,6.58751968499776));
#15780=CARTESIAN_POINT('Origin',(787.443538385827,-171.987711614172,6.58751968499776));
#15781=CARTESIAN_POINT('',(787.443538385826,-171.987711614172,6.58751968499776));
#15782=CARTESIAN_POINT('Origin',(786.943538385827,-171.987711614172,6.58751968499783));
#15783=CARTESIAN_POINT('',(786.943538385826,-172.487711614172,6.58751968499783));
#15784=CARTESIAN_POINT('Origin',(773.943538385827,-172.487711614172,6.58751968499963));
#15785=CARTESIAN_POINT('',(773.943538385827,-172.487711614172,6.58751968499963));
#15786=CARTESIAN_POINT('Origin',(773.943538385827,-171.987711614172,6.58751968499963));
#15787=CARTESIAN_POINT('',(773.443538385827,-171.987711614172,6.5875196849997));
#15788=CARTESIAN_POINT('Origin',(773.443538385827,-158.987711614172,6.5875196849997));
#15789=CARTESIAN_POINT('',(773.443538385827,-158.987711614172,6.5875196849997));
#15790=CARTESIAN_POINT('Origin',(773.943538385827,-158.987711614172,6.58751968499963));
#15791=CARTESIAN_POINT('Origin',(620.017913385826,-158.487711614172,6.58751968502095));
#15792=CARTESIAN_POINT('',(607.017913385827,-158.487711614172,6.58751968502275));
#15793=CARTESIAN_POINT('',(620.017913385826,-158.487711614172,6.58751968502095));
#15794=CARTESIAN_POINT('Origin',(620.017913385826,-158.987711614172,6.58751968502095));
#15795=CARTESIAN_POINT('',(620.517913385826,-158.987711614172,6.58751968502089));
#15796=CARTESIAN_POINT('Origin',(620.517913385826,-171.987711614172,6.58751968502089));
#15797=CARTESIAN_POINT('',(620.517913385826,-171.987711614172,6.58751968502088));
#15798=CARTESIAN_POINT('Origin',(620.017913385826,-171.987711614172,6.58751968502095));
#15799=CARTESIAN_POINT('',(620.017913385826,-172.487711614172,6.58751968502095));
#15800=CARTESIAN_POINT('Origin',(607.017913385827,-172.487711614172,6.58751968502275));
#15801=CARTESIAN_POINT('',(607.017913385827,-172.487711614172,6.58751968502275));
#15802=CARTESIAN_POINT('Origin',(607.017913385827,-171.987711614172,6.58751968502275));
#15803=CARTESIAN_POINT('',(606.517913385826,-171.987711614172,6.58751968502282));
#15804=CARTESIAN_POINT('Origin',(606.517913385826,-158.987711614172,6.58751968502282));
#15805=CARTESIAN_POINT('',(606.517913385827,-158.987711614172,6.58751968502282));
#15806=CARTESIAN_POINT('Origin',(607.017913385827,-158.987711614172,6.58751968502275));
#15807=CARTESIAN_POINT('Origin',(700.980413385827,-177.537711614172,6.58751968500974));
#15808=CARTESIAN_POINT('',(687.980413385827,-177.537711614172,6.58751968501154));
#15809=CARTESIAN_POINT('',(700.980413385827,-177.537711614172,6.58751968500974));
#15810=CARTESIAN_POINT('Origin',(700.980413385827,-178.037711614172,6.58751968500974));
#15811=CARTESIAN_POINT('',(701.480413385827,-178.037711614172,6.58751968500967));
#15812=CARTESIAN_POINT('Origin',(701.480413385827,-191.037711614172,6.58751968500967));
#15813=CARTESIAN_POINT('',(701.480413385826,-191.037711614172,6.58751968500967));
#15814=CARTESIAN_POINT('Origin',(700.980413385827,-191.037711614172,6.58751968500974));
#15815=CARTESIAN_POINT('',(700.980413385827,-191.537711614172,6.58751968500974));
#15816=CARTESIAN_POINT('Origin',(687.980413385827,-191.537711614172,6.58751968501154));
#15817=CARTESIAN_POINT('',(687.980413385827,-191.537711614172,6.58751968501154));
#15818=CARTESIAN_POINT('Origin',(687.980413385827,-191.037711614172,6.58751968501154));
#15819=CARTESIAN_POINT('',(687.480413385827,-191.037711614172,6.58751968501161));
#15820=CARTESIAN_POINT('Origin',(687.480413385827,-178.037711614172,6.58751968501161));
#15821=CARTESIAN_POINT('',(687.480413385826,-178.037711614172,6.58751968501161));
#15822=CARTESIAN_POINT('Origin',(687.980413385827,-178.037711614172,6.58751968501154));
#15823=CARTESIAN_POINT('Origin',(686.692913385827,-215.637711614172,6.58751968501172));
#15824=CARTESIAN_POINT('',(673.692913385827,-215.637711614172,6.58751968501352));
#15825=CARTESIAN_POINT('',(686.692913385827,-215.637711614172,6.58751968501172));
#15826=CARTESIAN_POINT('Origin',(686.692913385827,-216.137711614172,6.58751968501172));
#15827=CARTESIAN_POINT('',(687.192913385827,-216.137711614172,6.58751968501165));
#15828=CARTESIAN_POINT('Origin',(687.192913385827,-229.137711614172,6.58751968501165));
#15829=CARTESIAN_POINT('',(687.192913385827,-229.137711614172,6.58751968501165));
#15830=CARTESIAN_POINT('Origin',(686.692913385827,-229.137711614172,6.58751968501172));
#15831=CARTESIAN_POINT('',(686.692913385827,-229.637711614172,6.58751968501172));
#15832=CARTESIAN_POINT('Origin',(673.692913385827,-229.637711614172,6.58751968501352));
#15833=CARTESIAN_POINT('',(673.692913385827,-229.637711614172,6.58751968501352));
#15834=CARTESIAN_POINT('Origin',(673.692913385827,-229.137711614172,6.58751968501352));
#15835=CARTESIAN_POINT('',(673.192913385826,-229.137711614172,6.58751968501359));
#15836=CARTESIAN_POINT('Origin',(673.192913385826,-216.137711614172,6.58751968501359));
#15837=CARTESIAN_POINT('',(673.192913385826,-216.137711614172,6.58751968501359));
#15838=CARTESIAN_POINT('Origin',(673.692913385827,-216.137711614172,6.58751968501352));
#15839=CARTESIAN_POINT('Origin',(767.893538385827,-215.637711614172,6.58751968500047));
#15840=CARTESIAN_POINT('',(754.893538385826,-215.637711614172,6.58751968500227));
#15841=CARTESIAN_POINT('',(767.893538385827,-215.637711614172,6.58751968500047));
#15842=CARTESIAN_POINT('Origin',(767.893538385827,-216.137711614172,6.58751968500047));
#15843=CARTESIAN_POINT('',(768.393538385826,-216.137711614172,6.5875196850004));
#15844=CARTESIAN_POINT('Origin',(768.393538385826,-229.137711614172,6.5875196850004));
#15845=CARTESIAN_POINT('',(768.393538385826,-229.137711614172,6.5875196850004));
#15846=CARTESIAN_POINT('Origin',(767.893538385827,-229.137711614172,6.58751968500047));
#15847=CARTESIAN_POINT('',(767.893538385827,-229.637711614172,6.58751968500047));
#15848=CARTESIAN_POINT('Origin',(754.893538385826,-229.637711614172,6.58751968500227));
#15849=CARTESIAN_POINT('',(754.893538385826,-229.637711614172,6.58751968500227));
#15850=CARTESIAN_POINT('Origin',(754.893538385826,-229.137711614172,6.58751968500227));
#15851=CARTESIAN_POINT('',(754.393538385827,-229.137711614172,6.58751968500234));
#15852=CARTESIAN_POINT('Origin',(754.393538385827,-216.137711614172,6.58751968500234));
#15853=CARTESIAN_POINT('',(754.393538385827,-216.137711614172,6.58751968500234));
#15854=CARTESIAN_POINT('Origin',(754.893538385826,-216.137711614172,6.58751968500227));
#15855=CARTESIAN_POINT('Origin',(691.455413385826,-196.587711614172,6.58751968501106));
#15856=CARTESIAN_POINT('',(678.455413385826,-196.587711614172,6.58751968501286));
#15857=CARTESIAN_POINT('',(691.455413385826,-196.587711614172,6.58751968501106));
#15858=CARTESIAN_POINT('Origin',(691.455413385826,-197.087711614172,6.58751968501106));
#15859=CARTESIAN_POINT('',(691.955413385826,-197.087711614172,6.58751968501099));
#15860=CARTESIAN_POINT('Origin',(691.955413385826,-210.087711614172,6.58751968501099));
#15861=CARTESIAN_POINT('',(691.955413385826,-210.087711614172,6.58751968501099));
#15862=CARTESIAN_POINT('Origin',(691.455413385827,-210.087711614172,6.58751968501106));
#15863=CARTESIAN_POINT('',(691.455413385827,-210.587711614172,6.58751968501106));
#15864=CARTESIAN_POINT('Origin',(678.455413385826,-210.587711614172,6.58751968501286));
#15865=CARTESIAN_POINT('',(678.455413385826,-210.587711614172,6.58751968501286));
#15866=CARTESIAN_POINT('Origin',(678.455413385826,-210.087711614172,6.58751968501286));
#15867=CARTESIAN_POINT('',(677.955413385827,-210.087711614172,6.58751968501293));
#15868=CARTESIAN_POINT('Origin',(677.955413385827,-197.087711614172,6.58751968501293));
#15869=CARTESIAN_POINT('',(677.955413385827,-197.087711614172,6.58751968501293));
#15870=CARTESIAN_POINT('Origin',(678.455413385826,-197.087711614172,6.58751968501286));
#15871=CARTESIAN_POINT('Origin',(696.217913385826,-158.487711614172,6.5875196850104));
#15872=CARTESIAN_POINT('',(683.217913385827,-158.487711614172,6.5875196850122));
#15873=CARTESIAN_POINT('',(696.217913385826,-158.487711614172,6.5875196850104));
#15874=CARTESIAN_POINT('Origin',(696.217913385826,-158.987711614172,6.5875196850104));
#15875=CARTESIAN_POINT('',(696.717913385826,-158.987711614172,6.58751968501033));
#15876=CARTESIAN_POINT('Origin',(696.717913385826,-171.987711614172,6.58751968501033));
#15877=CARTESIAN_POINT('',(696.717913385826,-171.987711614172,6.58751968501033));
#15878=CARTESIAN_POINT('Origin',(696.217913385826,-171.987711614172,6.5875196850104));
#15879=CARTESIAN_POINT('',(696.217913385826,-172.487711614172,6.5875196850104));
#15880=CARTESIAN_POINT('Origin',(683.217913385827,-172.487711614172,6.5875196850122));
#15881=CARTESIAN_POINT('',(683.217913385827,-172.487711614172,6.5875196850122));
#15882=CARTESIAN_POINT('Origin',(683.217913385827,-171.987711614172,6.5875196850122));
#15883=CARTESIAN_POINT('',(682.717913385827,-171.987711614172,6.58751968501227));
#15884=CARTESIAN_POINT('Origin',(682.717913385827,-158.987711614172,6.58751968501227));
#15885=CARTESIAN_POINT('',(682.717913385826,-158.987711614172,6.58751968501227));
#15886=CARTESIAN_POINT('Origin',(683.217913385827,-158.987711614172,6.5875196850122));
#15887=CARTESIAN_POINT('Origin',(681.930413385826,-177.537711614172,6.58751968501238));
#15888=CARTESIAN_POINT('',(668.930413385826,-177.537711614172,6.58751968501418));
#15889=CARTESIAN_POINT('',(681.930413385826,-177.537711614172,6.58751968501238));
#15890=CARTESIAN_POINT('Origin',(681.930413385826,-178.037711614172,6.58751968501238));
#15891=CARTESIAN_POINT('',(682.430413385827,-178.037711614172,6.58751968501231));
#15892=CARTESIAN_POINT('Origin',(682.430413385827,-191.037711614172,6.58751968501231));
#15893=CARTESIAN_POINT('',(682.430413385826,-191.037711614172,6.58751968501231));
#15894=CARTESIAN_POINT('Origin',(681.930413385826,-191.037711614172,6.58751968501238));
#15895=CARTESIAN_POINT('',(681.930413385826,-191.537711614172,6.58751968501238));
#15896=CARTESIAN_POINT('Origin',(668.930413385826,-191.537711614172,6.58751968501418));
#15897=CARTESIAN_POINT('',(668.930413385826,-191.537711614172,6.58751968501418));
#15898=CARTESIAN_POINT('Origin',(668.930413385826,-191.037711614172,6.58751968501418));
#15899=CARTESIAN_POINT('',(668.430413385827,-191.037711614172,6.58751968501425));
#15900=CARTESIAN_POINT('Origin',(668.430413385827,-178.037711614172,6.58751968501425));
#15901=CARTESIAN_POINT('',(668.430413385826,-178.037711614172,6.58751968501425));
#15902=CARTESIAN_POINT('Origin',(668.930413385826,-178.037711614172,6.58751968501418));
#15903=CARTESIAN_POINT('Origin',(705.742913385827,-139.437711614172,6.58751968500908));
#15904=CARTESIAN_POINT('',(692.742913385827,-139.437711614172,6.58751968501088));
#15905=CARTESIAN_POINT('',(705.742913385827,-139.437711614172,6.58751968500908));
#15906=CARTESIAN_POINT('Origin',(705.742913385827,-139.937711614172,6.58751968500908));
#15907=CARTESIAN_POINT('',(706.242913385827,-139.937711614172,6.58751968500901));
#15908=CARTESIAN_POINT('Origin',(706.242913385827,-152.937711614172,6.58751968500901));
#15909=CARTESIAN_POINT('',(706.242913385827,-152.937711614172,6.58751968500901));
#15910=CARTESIAN_POINT('Origin',(705.742913385827,-152.937711614172,6.58751968500908));
#15911=CARTESIAN_POINT('',(705.742913385827,-153.437711614172,6.58751968500908));
#15912=CARTESIAN_POINT('Origin',(692.742913385827,-153.437711614172,6.58751968501088));
#15913=CARTESIAN_POINT('',(692.742913385827,-153.437711614172,6.58751968501088));
#15914=CARTESIAN_POINT('Origin',(692.742913385827,-152.937711614172,6.58751968501088));
#15915=CARTESIAN_POINT('',(692.242913385826,-152.937711614172,6.58751968501095));
#15916=CARTESIAN_POINT('Origin',(692.242913385826,-139.937711614172,6.58751968501095));
#15917=CARTESIAN_POINT('',(692.242913385826,-139.937711614172,6.58751968501095));
#15918=CARTESIAN_POINT('Origin',(692.742913385827,-139.937711614172,6.58751968501088));
#15919=CARTESIAN_POINT('Origin',(639.067913385827,-158.487711614172,6.58751968501831));
#15920=CARTESIAN_POINT('',(626.067913385827,-158.487711614172,6.58751968502012));
#15921=CARTESIAN_POINT('',(639.067913385827,-158.487711614172,6.58751968501831));
#15922=CARTESIAN_POINT('Origin',(639.067913385827,-158.987711614172,6.58751968501831));
#15923=CARTESIAN_POINT('',(639.567913385827,-158.987711614172,6.58751968501825));
#15924=CARTESIAN_POINT('Origin',(639.567913385827,-171.987711614172,6.58751968501825));
#15925=CARTESIAN_POINT('',(639.567913385827,-171.987711614172,6.58751968501825));
#15926=CARTESIAN_POINT('Origin',(639.067913385827,-171.987711614172,6.58751968501831));
#15927=CARTESIAN_POINT('',(639.067913385827,-172.487711614172,6.58751968501831));
#15928=CARTESIAN_POINT('Origin',(626.067913385827,-172.487711614172,6.58751968502012));
#15929=CARTESIAN_POINT('',(626.067913385827,-172.487711614172,6.58751968502012));
#15930=CARTESIAN_POINT('Origin',(626.067913385827,-171.987711614172,6.58751968502012));
#15931=CARTESIAN_POINT('',(625.567913385827,-171.987711614172,6.58751968502018));
#15932=CARTESIAN_POINT('Origin',(625.567913385827,-158.987711614172,6.58751968502018));
#15933=CARTESIAN_POINT('',(625.567913385826,-158.987711614172,6.58751968502018));
#15934=CARTESIAN_POINT('Origin',(626.067913385827,-158.987711614172,6.58751968502012));
#15935=CARTESIAN_POINT('Origin',(662.880413385826,-177.537711614172,6.58751968501502));
#15936=CARTESIAN_POINT('',(649.880413385827,-177.537711614172,6.58751968501682));
#15937=CARTESIAN_POINT('',(662.880413385826,-177.537711614172,6.58751968501502));
#15938=CARTESIAN_POINT('Origin',(662.880413385827,-178.037711614172,6.58751968501502));
#15939=CARTESIAN_POINT('',(663.380413385827,-178.037711614172,6.58751968501495));
#15940=CARTESIAN_POINT('Origin',(663.380413385827,-191.037711614172,6.58751968501495));
#15941=CARTESIAN_POINT('',(663.380413385827,-191.037711614172,6.58751968501495));
#15942=CARTESIAN_POINT('Origin',(662.880413385827,-191.037711614172,6.58751968501502));
#15943=CARTESIAN_POINT('',(662.880413385826,-191.537711614172,6.58751968501502));
#15944=CARTESIAN_POINT('Origin',(649.880413385827,-191.537711614172,6.58751968501682));
#15945=CARTESIAN_POINT('',(649.880413385827,-191.537711614172,6.58751968501682));
#15946=CARTESIAN_POINT('Origin',(649.880413385827,-191.037711614172,6.58751968501682));
#15947=CARTESIAN_POINT('',(649.380413385827,-191.037711614172,6.58751968501688));
#15948=CARTESIAN_POINT('Origin',(649.380413385827,-178.037711614172,6.58751968501688));
#15949=CARTESIAN_POINT('',(649.380413385827,-178.037711614172,6.58751968501688));
#15950=CARTESIAN_POINT('Origin',(649.880413385827,-178.037711614172,6.58751968501682));
#15951=CARTESIAN_POINT('Origin',(643.830413385826,-177.537711614172,6.58751968501765));
#15952=CARTESIAN_POINT('',(630.830413385826,-177.537711614172,6.58751968501945));
#15953=CARTESIAN_POINT('',(643.830413385826,-177.537711614172,6.58751968501765));
#15954=CARTESIAN_POINT('Origin',(643.830413385827,-178.037711614172,6.58751968501765));
#15955=CARTESIAN_POINT('',(644.330413385827,-178.037711614172,6.58751968501759));
#15956=CARTESIAN_POINT('Origin',(644.330413385827,-191.037711614172,6.58751968501759));
#15957=CARTESIAN_POINT('',(644.330413385827,-191.037711614172,6.58751968501759));
#15958=CARTESIAN_POINT('Origin',(643.830413385827,-191.037711614172,6.58751968501765));
#15959=CARTESIAN_POINT('',(643.830413385826,-191.537711614172,6.58751968501765));
#15960=CARTESIAN_POINT('Origin',(630.830413385826,-191.537711614172,6.58751968501945));
#15961=CARTESIAN_POINT('',(630.830413385826,-191.537711614172,6.58751968501945));
#15962=CARTESIAN_POINT('Origin',(630.830413385826,-191.037711614172,6.58751968501945));
#15963=CARTESIAN_POINT('',(630.330413385826,-191.037711614172,6.58751968501952));
#15964=CARTESIAN_POINT('Origin',(630.330413385826,-178.037711614172,6.58751968501952));
#15965=CARTESIAN_POINT('',(630.330413385826,-178.037711614172,6.58751968501952));
#15966=CARTESIAN_POINT('Origin',(630.830413385826,-178.037711614172,6.58751968501945));
#15967=CARTESIAN_POINT('Origin',(786.943538385826,-177.537711614172,6.58751968499783));
#15968=CARTESIAN_POINT('',(773.943538385827,-177.537711614172,6.58751968499963));
#15969=CARTESIAN_POINT('',(786.943538385826,-177.537711614172,6.58751968499783));
#15970=CARTESIAN_POINT('Origin',(786.943538385827,-178.037711614172,6.58751968499783));
#15971=CARTESIAN_POINT('',(787.443538385827,-178.037711614172,6.58751968499776));
#15972=CARTESIAN_POINT('Origin',(787.443538385827,-191.037711614172,6.58751968499776));
#15973=CARTESIAN_POINT('',(787.443538385826,-191.037711614172,6.58751968499776));
#15974=CARTESIAN_POINT('Origin',(786.943538385827,-191.037711614172,6.58751968499783));
#15975=CARTESIAN_POINT('',(786.943538385826,-191.537711614172,6.58751968499783));
#15976=CARTESIAN_POINT('Origin',(773.943538385827,-191.537711614172,6.58751968499963));
#15977=CARTESIAN_POINT('',(773.943538385827,-191.537711614172,6.58751968499963));
#15978=CARTESIAN_POINT('Origin',(773.943538385827,-191.037711614172,6.58751968499963));
#15979=CARTESIAN_POINT('',(773.443538385827,-191.037711614172,6.5875196849997));
#15980=CARTESIAN_POINT('Origin',(773.443538385827,-178.037711614172,6.5875196849997));
#15981=CARTESIAN_POINT('',(773.443538385826,-178.037711614172,6.5875196849997));
#15982=CARTESIAN_POINT('Origin',(773.943538385827,-178.037711614172,6.58751968499963));
#15983=CARTESIAN_POINT('Origin',(663.594788385826,-115.387086614172,6.58751968501492));
#15984=CARTESIAN_POINT('',(650.594788385827,-115.387086614172,6.58751968501672));
#15985=CARTESIAN_POINT('',(663.594788385826,-115.387086614172,6.58751968501492));
#15986=CARTESIAN_POINT('Origin',(663.594788385826,-115.887086614172,6.58751968501492));
#15987=CARTESIAN_POINT('',(664.094788385826,-115.887086614172,6.58751968501485));
#15988=CARTESIAN_POINT('Origin',(664.094788385827,-128.887086614172,6.58751968501485));
#15989=CARTESIAN_POINT('',(664.094788385826,-128.887086614172,6.58751968501485));
#15990=CARTESIAN_POINT('Origin',(663.594788385826,-128.887086614172,6.58751968501492));
#15991=CARTESIAN_POINT('',(663.594788385826,-129.387086614172,6.58751968501492));
#15992=CARTESIAN_POINT('Origin',(650.594788385827,-129.387086614172,6.58751968501672));
#15993=CARTESIAN_POINT('',(650.594788385827,-129.387086614172,6.58751968501672));
#15994=CARTESIAN_POINT('Origin',(650.594788385827,-128.887086614172,6.58751968501672));
#15995=CARTESIAN_POINT('',(650.094788385827,-128.887086614172,6.58751968501679));
#15996=CARTESIAN_POINT('Origin',(650.094788385827,-115.887086614172,6.58751968501679));
#15997=CARTESIAN_POINT('',(650.094788385826,-115.887086614172,6.58751968501679));
#15998=CARTESIAN_POINT('Origin',(650.594788385827,-115.887086614172,6.58751968501672));
#15999=CARTESIAN_POINT('Origin',(786.943538385826,-115.387086614172,6.58751968499783));
#16000=CARTESIAN_POINT('',(773.943538385827,-115.387086614172,6.58751968499963));
#16001=CARTESIAN_POINT('',(786.943538385826,-115.387086614172,6.58751968499783));
#16002=CARTESIAN_POINT('Origin',(786.943538385827,-115.887086614172,6.58751968499783));
#16003=CARTESIAN_POINT('',(787.443538385827,-115.887086614172,6.58751968499776));
#16004=CARTESIAN_POINT('Origin',(787.443538385827,-128.887086614172,6.58751968499776));
#16005=CARTESIAN_POINT('',(787.443538385826,-128.887086614172,6.58751968499776));
#16006=CARTESIAN_POINT('Origin',(786.943538385827,-128.887086614172,6.58751968499783));
#16007=CARTESIAN_POINT('',(786.943538385826,-129.387086614172,6.58751968499783));
#16008=CARTESIAN_POINT('Origin',(773.943538385827,-129.387086614172,6.58751968499963));
#16009=CARTESIAN_POINT('',(773.943538385827,-129.387086614172,6.58751968499963));
#16010=CARTESIAN_POINT('Origin',(773.943538385827,-128.887086614172,6.58751968499963));
#16011=CARTESIAN_POINT('',(773.443538385827,-128.887086614172,6.5875196849997));
#16012=CARTESIAN_POINT('Origin',(773.443538385827,-115.887086614172,6.5875196849997));
#16013=CARTESIAN_POINT('',(773.443538385827,-115.887086614172,6.5875196849997));
#16014=CARTESIAN_POINT('Origin',(773.943538385827,-115.887086614172,6.58751968499963));
#16015=CARTESIAN_POINT('Origin',(664.136663385827,-216.637711614172,6.58751968501484));
#16016=CARTESIAN_POINT('',(658.136663385827,-216.637711614172,6.58751968501567));
#16017=CARTESIAN_POINT('',(664.136663385827,-216.637711614172,6.58751968501484));
#16018=CARTESIAN_POINT('Origin',(664.136663385826,-217.137711614172,6.58751968501484));
#16019=CARTESIAN_POINT('',(664.636663385826,-217.137711614172,6.58751968501477));
#16020=CARTESIAN_POINT('Origin',(664.636663385827,-231.137711614172,6.58751968501477));
#16021=CARTESIAN_POINT('',(664.636663385827,-231.137711614172,6.58751968501477));
#16022=CARTESIAN_POINT('Origin',(664.136663385826,-231.137711614172,6.58751968501484));
#16023=CARTESIAN_POINT('',(664.136663385827,-231.637711614172,6.58751968501484));
#16024=CARTESIAN_POINT('Origin',(658.136663385827,-231.637711614172,6.58751968501567));
#16025=CARTESIAN_POINT('',(658.136663385827,-231.637711614172,6.58751968501567));
#16026=CARTESIAN_POINT('Origin',(658.136663385827,-231.137711614172,6.58751968501567));
#16027=CARTESIAN_POINT('',(657.636663385827,-231.137711614172,6.58751968501574));
#16028=CARTESIAN_POINT('Origin',(657.636663385827,-217.137711614172,6.58751968501574));
#16029=CARTESIAN_POINT('',(657.636663385827,-217.137711614172,6.58751968501574));
#16030=CARTESIAN_POINT('Origin',(658.136663385827,-217.137711614172,6.58751968501567));
#16031=CARTESIAN_POINT('Origin',(710.505413385827,-196.587711614172,6.58751968500842));
#16032=CARTESIAN_POINT('',(697.505413385827,-196.587711614172,6.58751968501022));
#16033=CARTESIAN_POINT('',(710.505413385827,-196.587711614172,6.58751968500842));
#16034=CARTESIAN_POINT('Origin',(710.505413385827,-197.087711614172,6.58751968500842));
#16035=CARTESIAN_POINT('',(711.005413385826,-197.087711614172,6.58751968500835));
#16036=CARTESIAN_POINT('Origin',(711.005413385826,-210.087711614172,6.58751968500835));
#16037=CARTESIAN_POINT('',(711.005413385826,-210.087711614172,6.58751968500835));
#16038=CARTESIAN_POINT('Origin',(710.505413385827,-210.087711614172,6.58751968500842));
#16039=CARTESIAN_POINT('',(710.505413385827,-210.587711614172,6.58751968500842));
#16040=CARTESIAN_POINT('Origin',(697.505413385827,-210.587711614172,6.58751968501022));
#16041=CARTESIAN_POINT('',(697.505413385827,-210.587711614172,6.58751968501022));
#16042=CARTESIAN_POINT('Origin',(697.505413385827,-210.087711614172,6.58751968501022));
#16043=CARTESIAN_POINT('',(697.005413385827,-210.087711614172,6.58751968501029));
#16044=CARTESIAN_POINT('Origin',(697.005413385827,-197.087711614172,6.58751968501029));
#16045=CARTESIAN_POINT('',(697.005413385827,-197.087711614172,6.58751968501029));
#16046=CARTESIAN_POINT('Origin',(697.505413385827,-197.087711614172,6.58751968501022));
#16047=CARTESIAN_POINT('Origin',(761.805913385826,-140.437711614172,6.58751968500131));
#16048=CARTESIAN_POINT('',(755.805913385826,-140.437711614172,6.58751968500214));
#16049=CARTESIAN_POINT('',(761.805913385826,-140.437711614172,6.58751968500131));
#16050=CARTESIAN_POINT('Origin',(761.805913385826,-140.937711614172,6.58751968500131));
#16051=CARTESIAN_POINT('',(762.305913385827,-140.937711614172,6.58751968500124));
#16052=CARTESIAN_POINT('Origin',(762.305913385827,-154.937711614172,6.58751968500124));
#16053=CARTESIAN_POINT('',(762.305913385826,-154.937711614172,6.58751968500124));
#16054=CARTESIAN_POINT('Origin',(761.805913385826,-154.937711614172,6.58751968500131));
#16055=CARTESIAN_POINT('',(761.805913385826,-155.437711614172,6.58751968500131));
#16056=CARTESIAN_POINT('Origin',(755.805913385826,-155.437711614172,6.58751968500214));
#16057=CARTESIAN_POINT('',(755.805913385826,-155.437711614172,6.58751968500214));
#16058=CARTESIAN_POINT('Origin',(755.805913385826,-154.937711614172,6.58751968500214));
#16059=CARTESIAN_POINT('',(755.305913385827,-154.937711614172,6.58751968500221));
#16060=CARTESIAN_POINT('Origin',(755.305913385827,-140.937711614172,6.58751968500221));
#16061=CARTESIAN_POINT('',(755.305913385827,-140.937711614172,6.58751968500221));
#16062=CARTESIAN_POINT('Origin',(755.805913385826,-140.937711614172,6.58751968500214));
#16063=CARTESIAN_POINT('Origin',(702.024921722765,-116.389945831572,6.96));
#16064=CARTESIAN_POINT('',(701.824921722765,-116.389945831572,7.46));
#16065=CARTESIAN_POINT('',(701.824921722765,-116.389945831572,6.96));
#16066=CARTESIAN_POINT('',(709.149973122256,-116.389945831572,7.46));
#16067=CARTESIAN_POINT('Origin',(701.824921722765,-127.83423726831,6.96));
#16068=CARTESIAN_POINT('',(701.824921722765,-125.167121543374,7.46));
#16069=CARTESIAN_POINT('Origin',(716.275024521747,-122.500005818438,7.46));
#16070=UNCERTAINTY_MEASURE_WITH_UNIT(LENGTH_MEASURE(0.01),#16074,
'DISTANCE_ACCURACY_VALUE',
'Maximum model space distance between geometric entities at asserted c
onnectivities');
#16071=UNCERTAINTY_MEASURE_WITH_UNIT(LENGTH_MEASURE(0.01),#16074,
'DISTANCE_ACCURACY_VALUE',
'Maximum model space distance between geometric entities at asserted c
onnectivities');
#16072=(
GEOMETRIC_REPRESENTATION_CONTEXT(3)
GLOBAL_UNCERTAINTY_ASSIGNED_CONTEXT((#16070))
GLOBAL_UNIT_ASSIGNED_CONTEXT((#16074,#16076,#16077))
REPRESENTATION_CONTEXT('','3D')
);
#16073=(
GEOMETRIC_REPRESENTATION_CONTEXT(3)
GLOBAL_UNCERTAINTY_ASSIGNED_CONTEXT((#16071))
GLOBAL_UNIT_ASSIGNED_CONTEXT((#16074,#16076,#16077))
REPRESENTATION_CONTEXT('','3D')
);
#16074=(
LENGTH_UNIT()
NAMED_UNIT(*)
SI_UNIT(.MILLI.,.METRE.)
);
#16075=(
LENGTH_UNIT()
NAMED_UNIT(*)
SI_UNIT($,.METRE.)
);
#16076=(
NAMED_UNIT(*)
PLANE_ANGLE_UNIT()
SI_UNIT($,.RADIAN.)
);
#16077=(
NAMED_UNIT(*)
SI_UNIT($,.STERADIAN.)
SOLID_ANGLE_UNIT()
);
#16078=SHAPE_DEFINITION_REPRESENTATION(#16079,#16080);
#16079=PRODUCT_DEFINITION_SHAPE('',$,#16082);
#16080=SHAPE_REPRESENTATION('',(#9574),#16072);
#16081=PRODUCT_DEFINITION_CONTEXT('part definition',#16086,'design');
#16082=PRODUCT_DEFINITION('2026-08-10-23-23-25-189','FusionComponent',#16083,
#16081);
#16083=PRODUCT_DEFINITION_FORMATION('',$,#16088);
#16084=PRODUCT_RELATED_PRODUCT_CATEGORY('FusionComponent',
'FusionComponent',(#16088));
#16085=APPLICATION_PROTOCOL_DEFINITION('international standard',
'automotive_design',2009,#16086);
#16086=APPLICATION_CONTEXT(
'Core Data for Automotive Mechanical Design Process');
#16087=PRODUCT_CONTEXT('part definition',#16086,'mechanical');
#16088=PRODUCT('2026-08-10-23-23-25-189','FusionComponent',$,(#16087));
#16089=PRESENTATION_STYLE_ASSIGNMENT((#16091));
#16090=PRESENTATION_STYLE_ASSIGNMENT((#16092));
#16091=SURFACE_STYLE_USAGE(.BOTH.,#16093);
#16092=SURFACE_STYLE_USAGE(.BOTH.,#16094);
#16093=SURFACE_SIDE_STYLE('',(#16095));
#16094=SURFACE_SIDE_STYLE('',(#16096));
#16095=SURFACE_STYLE_FILL_AREA(#16097);
#16096=SURFACE_STYLE_FILL_AREA(#16098);
#16097=FILL_AREA_STYLE('Steel - Satin',(#16099));
#16098=FILL_AREA_STYLE('Powder Coat - Rough (Red)',(#16100));
#16099=FILL_AREA_STYLE_COLOUR('Steel - Satin',#16101);
#16100=FILL_AREA_STYLE_COLOUR('Powder Coat - Rough (Red)',#16102);
#16101=COLOUR_RGB('Steel - Satin',0.627450980392157,0.627450980392157,0.627450980392157);
#16102=COLOUR_RGB('Powder Coat - Rough (Red)',0.768627450980392,0.207843137254902,
0.152941176470588);
ENDSEC;
END-ISO-10303-21;
